-- MySQL dump 10.13  Distrib 5.5.58, for Win64 (AMD64)
--
-- Host: 127.0.0.1    Database: rollcall
-- ------------------------------------------------------
-- Server version	5.5.58

/*!40101 SET @OLD_CHARACTER_SET_CLIENT=@@CHARACTER_SET_CLIENT */;
/*!40101 SET @OLD_CHARACTER_SET_RESULTS=@@CHARACTER_SET_RESULTS */;
/*!40101 SET @OLD_COLLATION_CONNECTION=@@COLLATION_CONNECTION */;
/*!40101 SET NAMES utf8 */;
/*!40103 SET @OLD_TIME_ZONE=@@TIME_ZONE */;
/*!40103 SET TIME_ZONE='+00:00' */;
/*!40014 SET @OLD_UNIQUE_CHECKS=@@UNIQUE_CHECKS, UNIQUE_CHECKS=0 */;
/*!40014 SET @OLD_FOREIGN_KEY_CHECKS=@@FOREIGN_KEY_CHECKS, FOREIGN_KEY_CHECKS=0 */;
/*!40101 SET @OLD_SQL_MODE=@@SQL_MODE, SQL_MODE='NO_AUTO_VALUE_ON_ZERO' */;
/*!40111 SET @OLD_SQL_NOTES=@@SQL_NOTES, SQL_NOTES=0 */;

--
-- Table structure for table `qrtz0_blob_triggers`
--

DROP TABLE IF EXISTS `qrtz0_blob_triggers`;
/*!40101 SET @saved_cs_client     = @@character_set_client */;
/*!40101 SET character_set_client = utf8 */;
CREATE TABLE `qrtz0_blob_triggers` (
  `SCHED_NAME` varchar(120) NOT NULL,
  `TRIGGER_NAME` varchar(200) NOT NULL,
  `TRIGGER_GROUP` varchar(200) NOT NULL,
  `BLOB_DATA` blob,
  PRIMARY KEY (`SCHED_NAME`,`TRIGGER_NAME`,`TRIGGER_GROUP`),
  CONSTRAINT `qrtz0_blob_triggers_ibfk_1` FOREIGN KEY (`SCHED_NAME`, `TRIGGER_NAME`, `TRIGGER_GROUP`) REFERENCES `qrtz0_triggers` (`SCHED_NAME`, `TRIGGER_NAME`, `TRIGGER_GROUP`)
) ENGINE=InnoDB DEFAULT CHARSET=utf8;
/*!40101 SET character_set_client = @saved_cs_client */;

--
-- Dumping data for table `qrtz0_blob_triggers`
--

LOCK TABLES `qrtz0_blob_triggers` WRITE;
/*!40000 ALTER TABLE `qrtz0_blob_triggers` DISABLE KEYS */;
/*!40000 ALTER TABLE `qrtz0_blob_triggers` ENABLE KEYS */;
UNLOCK TABLES;

--
-- Table structure for table `qrtz0_calendars`
--

DROP TABLE IF EXISTS `qrtz0_calendars`;
/*!40101 SET @saved_cs_client     = @@character_set_client */;
/*!40101 SET character_set_client = utf8 */;
CREATE TABLE `qrtz0_calendars` (
  `SCHED_NAME` varchar(120) NOT NULL,
  `CALENDAR_NAME` varchar(200) NOT NULL,
  `CALENDAR` blob NOT NULL,
  PRIMARY KEY (`SCHED_NAME`,`CALENDAR_NAME`)
) ENGINE=InnoDB DEFAULT CHARSET=utf8;
/*!40101 SET character_set_client = @saved_cs_client */;

--
-- Dumping data for table `qrtz0_calendars`
--

LOCK TABLES `qrtz0_calendars` WRITE;
/*!40000 ALTER TABLE `qrtz0_calendars` DISABLE KEYS */;
/*!40000 ALTER TABLE `qrtz0_calendars` ENABLE KEYS */;
UNLOCK TABLES;

--
-- Table structure for table `qrtz0_cron_triggers`
--

DROP TABLE IF EXISTS `qrtz0_cron_triggers`;
/*!40101 SET @saved_cs_client     = @@character_set_client */;
/*!40101 SET character_set_client = utf8 */;
CREATE TABLE `qrtz0_cron_triggers` (
  `SCHED_NAME` varchar(120) NOT NULL,
  `TRIGGER_NAME` varchar(200) NOT NULL,
  `TRIGGER_GROUP` varchar(200) NOT NULL,
  `CRON_EXPRESSION` varchar(200) NOT NULL,
  `TIME_ZONE_ID` varchar(80) DEFAULT NULL,
  PRIMARY KEY (`SCHED_NAME`,`TRIGGER_NAME`,`TRIGGER_GROUP`),
  CONSTRAINT `qrtz0_cron_triggers_ibfk_1` FOREIGN KEY (`SCHED_NAME`, `TRIGGER_NAME`, `TRIGGER_GROUP`) REFERENCES `qrtz0_triggers` (`SCHED_NAME`, `TRIGGER_NAME`, `TRIGGER_GROUP`)
) ENGINE=InnoDB DEFAULT CHARSET=utf8;
/*!40101 SET character_set_client = @saved_cs_client */;

--
-- Dumping data for table `qrtz0_cron_triggers`
--

LOCK TABLES `qrtz0_cron_triggers` WRITE;
/*!40000 ALTER TABLE `qrtz0_cron_triggers` DISABLE KEYS */;
/*!40000 ALTER TABLE `qrtz0_cron_triggers` ENABLE KEYS */;
UNLOCK TABLES;

--
-- Table structure for table `qrtz0_fired_triggers`
--

DROP TABLE IF EXISTS `qrtz0_fired_triggers`;
/*!40101 SET @saved_cs_client     = @@character_set_client */;
/*!40101 SET character_set_client = utf8 */;
CREATE TABLE `qrtz0_fired_triggers` (
  `SCHED_NAME` varchar(120) NOT NULL,
  `ENTRY_ID` varchar(95) NOT NULL,
  `TRIGGER_NAME` varchar(200) NOT NULL,
  `TRIGGER_GROUP` varchar(200) NOT NULL,
  `INSTANCE_NAME` varchar(200) NOT NULL,
  `FIRED_TIME` bigint(13) NOT NULL,
  `SCHED_TIME` bigint(13) NOT NULL,
  `PRIORITY` int(11) NOT NULL,
  `STATE` varchar(16) NOT NULL,
  `JOB_NAME` varchar(200) DEFAULT NULL,
  `JOB_GROUP` varchar(200) DEFAULT NULL,
  `IS_NONCONCURRENT` varchar(1) DEFAULT NULL,
  `REQUESTS_RECOVERY` varchar(1) DEFAULT NULL,
  PRIMARY KEY (`SCHED_NAME`,`ENTRY_ID`)
) ENGINE=InnoDB DEFAULT CHARSET=utf8;
/*!40101 SET character_set_client = @saved_cs_client */;

--
-- Dumping data for table `qrtz0_fired_triggers`
--

LOCK TABLES `qrtz0_fired_triggers` WRITE;
/*!40000 ALTER TABLE `qrtz0_fired_triggers` DISABLE KEYS */;
/*!40000 ALTER TABLE `qrtz0_fired_triggers` ENABLE KEYS */;
UNLOCK TABLES;

--
-- Table structure for table `qrtz0_job_details`
--

DROP TABLE IF EXISTS `qrtz0_job_details`;
/*!40101 SET @saved_cs_client     = @@character_set_client */;
/*!40101 SET character_set_client = utf8 */;
CREATE TABLE `qrtz0_job_details` (
  `SCHED_NAME` varchar(120) NOT NULL,
  `JOB_NAME` varchar(200) NOT NULL,
  `JOB_GROUP` varchar(200) NOT NULL,
  `DESCRIPTION` varchar(250) DEFAULT NULL,
  `JOB_CLASS_NAME` varchar(250) NOT NULL,
  `IS_DURABLE` varchar(1) NOT NULL,
  `IS_NONCONCURRENT` varchar(1) NOT NULL,
  `IS_UPDATE_DATA` varchar(1) NOT NULL,
  `REQUESTS_RECOVERY` varchar(1) NOT NULL,
  `JOB_DATA` blob,
  PRIMARY KEY (`SCHED_NAME`,`JOB_NAME`,`JOB_GROUP`)
) ENGINE=InnoDB DEFAULT CHARSET=utf8;
/*!40101 SET character_set_client = @saved_cs_client */;

--
-- Dumping data for table `qrtz0_job_details`
--

LOCK TABLES `qrtz0_job_details` WRITE;
/*!40000 ALTER TABLE `qrtz0_job_details` DISABLE KEYS */;
/*!40000 ALTER TABLE `qrtz0_job_details` ENABLE KEYS */;
UNLOCK TABLES;

--
-- Table structure for table `qrtz0_locks`
--

DROP TABLE IF EXISTS `qrtz0_locks`;
/*!40101 SET @saved_cs_client     = @@character_set_client */;
/*!40101 SET character_set_client = utf8 */;
CREATE TABLE `qrtz0_locks` (
  `SCHED_NAME` varchar(120) NOT NULL,
  `LOCK_NAME` varchar(40) NOT NULL,
  PRIMARY KEY (`SCHED_NAME`,`LOCK_NAME`)
) ENGINE=InnoDB DEFAULT CHARSET=utf8;
/*!40101 SET character_set_client = @saved_cs_client */;

--
-- Dumping data for table `qrtz0_locks`
--

LOCK TABLES `qrtz0_locks` WRITE;
/*!40000 ALTER TABLE `qrtz0_locks` DISABLE KEYS */;
/*!40000 ALTER TABLE `qrtz0_locks` ENABLE KEYS */;
UNLOCK TABLES;

--
-- Table structure for table `qrtz0_paused_trigger_grps`
--

DROP TABLE IF EXISTS `qrtz0_paused_trigger_grps`;
/*!40101 SET @saved_cs_client     = @@character_set_client */;
/*!40101 SET character_set_client = utf8 */;
CREATE TABLE `qrtz0_paused_trigger_grps` (
  `SCHED_NAME` varchar(120) NOT NULL,
  `TRIGGER_GROUP` varchar(200) NOT NULL,
  PRIMARY KEY (`SCHED_NAME`,`TRIGGER_GROUP`)
) ENGINE=InnoDB DEFAULT CHARSET=utf8;
/*!40101 SET character_set_client = @saved_cs_client */;

--
-- Dumping data for table `qrtz0_paused_trigger_grps`
--

LOCK TABLES `qrtz0_paused_trigger_grps` WRITE;
/*!40000 ALTER TABLE `qrtz0_paused_trigger_grps` DISABLE KEYS */;
/*!40000 ALTER TABLE `qrtz0_paused_trigger_grps` ENABLE KEYS */;
UNLOCK TABLES;

--
-- Table structure for table `qrtz0_scheduler_state`
--

DROP TABLE IF EXISTS `qrtz0_scheduler_state`;
/*!40101 SET @saved_cs_client     = @@character_set_client */;
/*!40101 SET character_set_client = utf8 */;
CREATE TABLE `qrtz0_scheduler_state` (
  `SCHED_NAME` varchar(120) NOT NULL,
  `INSTANCE_NAME` varchar(200) NOT NULL,
  `LAST_CHECKIN_TIME` bigint(13) NOT NULL,
  `CHECKIN_INTERVAL` bigint(13) NOT NULL,
  PRIMARY KEY (`SCHED_NAME`,`INSTANCE_NAME`)
) ENGINE=InnoDB DEFAULT CHARSET=utf8;
/*!40101 SET character_set_client = @saved_cs_client */;

--
-- Dumping data for table `qrtz0_scheduler_state`
--

LOCK TABLES `qrtz0_scheduler_state` WRITE;
/*!40000 ALTER TABLE `qrtz0_scheduler_state` DISABLE KEYS */;
/*!40000 ALTER TABLE `qrtz0_scheduler_state` ENABLE KEYS */;
UNLOCK TABLES;

--
-- Table structure for table `qrtz0_simple_triggers`
--

DROP TABLE IF EXISTS `qrtz0_simple_triggers`;
/*!40101 SET @saved_cs_client     = @@character_set_client */;
/*!40101 SET character_set_client = utf8 */;
CREATE TABLE `qrtz0_simple_triggers` (
  `SCHED_NAME` varchar(120) NOT NULL,
  `TRIGGER_NAME` varchar(200) NOT NULL,
  `TRIGGER_GROUP` varchar(200) NOT NULL,
  `REPEAT_COUNT` bigint(7) NOT NULL,
  `REPEAT_INTERVAL` bigint(12) NOT NULL,
  `TIMES_TRIGGERED` bigint(10) NOT NULL,
  PRIMARY KEY (`SCHED_NAME`,`TRIGGER_NAME`,`TRIGGER_GROUP`),
  CONSTRAINT `qrtz0_simple_triggers_ibfk_1` FOREIGN KEY (`SCHED_NAME`, `TRIGGER_NAME`, `TRIGGER_GROUP`) REFERENCES `qrtz0_triggers` (`SCHED_NAME`, `TRIGGER_NAME`, `TRIGGER_GROUP`)
) ENGINE=InnoDB DEFAULT CHARSET=utf8;
/*!40101 SET character_set_client = @saved_cs_client */;

--
-- Dumping data for table `qrtz0_simple_triggers`
--

LOCK TABLES `qrtz0_simple_triggers` WRITE;
/*!40000 ALTER TABLE `qrtz0_simple_triggers` DISABLE KEYS */;
/*!40000 ALTER TABLE `qrtz0_simple_triggers` ENABLE KEYS */;
UNLOCK TABLES;

--
-- Table structure for table `qrtz0_simprop_triggers`
--

DROP TABLE IF EXISTS `qrtz0_simprop_triggers`;
/*!40101 SET @saved_cs_client     = @@character_set_client */;
/*!40101 SET character_set_client = utf8 */;
CREATE TABLE `qrtz0_simprop_triggers` (
  `SCHED_NAME` varchar(120) NOT NULL,
  `TRIGGER_NAME` varchar(200) NOT NULL,
  `TRIGGER_GROUP` varchar(200) NOT NULL,
  `STR_PROP_1` varchar(512) DEFAULT NULL,
  `STR_PROP_2` varchar(512) DEFAULT NULL,
  `STR_PROP_3` varchar(512) DEFAULT NULL,
  `INT_PROP_1` int(11) DEFAULT NULL,
  `INT_PROP_2` int(11) DEFAULT NULL,
  `LONG_PROP_1` bigint(20) DEFAULT NULL,
  `LONG_PROP_2` bigint(20) DEFAULT NULL,
  `DEC_PROP_1` decimal(13,4) DEFAULT NULL,
  `DEC_PROP_2` decimal(13,4) DEFAULT NULL,
  `BOOL_PROP_1` varchar(1) DEFAULT NULL,
  `BOOL_PROP_2` varchar(1) DEFAULT NULL,
  PRIMARY KEY (`SCHED_NAME`,`TRIGGER_NAME`,`TRIGGER_GROUP`),
  CONSTRAINT `qrtz0_simprop_triggers_ibfk_1` FOREIGN KEY (`SCHED_NAME`, `TRIGGER_NAME`, `TRIGGER_GROUP`) REFERENCES `qrtz0_triggers` (`SCHED_NAME`, `TRIGGER_NAME`, `TRIGGER_GROUP`)
) ENGINE=InnoDB DEFAULT CHARSET=utf8;
/*!40101 SET character_set_client = @saved_cs_client */;

--
-- Dumping data for table `qrtz0_simprop_triggers`
--

LOCK TABLES `qrtz0_simprop_triggers` WRITE;
/*!40000 ALTER TABLE `qrtz0_simprop_triggers` DISABLE KEYS */;
/*!40000 ALTER TABLE `qrtz0_simprop_triggers` ENABLE KEYS */;
UNLOCK TABLES;

--
-- Table structure for table `qrtz0_triggers`
--

DROP TABLE IF EXISTS `qrtz0_triggers`;
/*!40101 SET @saved_cs_client     = @@character_set_client */;
/*!40101 SET character_set_client = utf8 */;
CREATE TABLE `qrtz0_triggers` (
  `SCHED_NAME` varchar(120) NOT NULL,
  `TRIGGER_NAME` varchar(200) NOT NULL,
  `TRIGGER_GROUP` varchar(200) NOT NULL,
  `JOB_NAME` varchar(200) NOT NULL,
  `JOB_GROUP` varchar(200) NOT NULL,
  `DESCRIPTION` varchar(250) DEFAULT NULL,
  `NEXT_FIRE_TIME` bigint(13) DEFAULT NULL,
  `PREV_FIRE_TIME` bigint(13) DEFAULT NULL,
  `PRIORITY` int(11) DEFAULT NULL,
  `TRIGGER_STATE` varchar(16) NOT NULL,
  `TRIGGER_TYPE` varchar(8) NOT NULL,
  `START_TIME` bigint(13) NOT NULL,
  `END_TIME` bigint(13) DEFAULT NULL,
  `CALENDAR_NAME` varchar(200) DEFAULT NULL,
  `MISFIRE_INSTR` smallint(2) DEFAULT NULL,
  `JOB_DATA` blob,
  PRIMARY KEY (`SCHED_NAME`,`TRIGGER_NAME`,`TRIGGER_GROUP`),
  KEY `SCHED_NAME` (`SCHED_NAME`,`JOB_NAME`,`JOB_GROUP`),
  CONSTRAINT `qrtz0_triggers_ibfk_1` FOREIGN KEY (`SCHED_NAME`, `JOB_NAME`, `JOB_GROUP`) REFERENCES `qrtz0_job_details` (`SCHED_NAME`, `JOB_NAME`, `JOB_GROUP`)
) ENGINE=InnoDB DEFAULT CHARSET=utf8;
/*!40101 SET character_set_client = @saved_cs_client */;

--
-- Dumping data for table `qrtz0_triggers`
--

LOCK TABLES `qrtz0_triggers` WRITE;
/*!40000 ALTER TABLE `qrtz0_triggers` DISABLE KEYS */;
/*!40000 ALTER TABLE `qrtz0_triggers` ENABLE KEYS */;
UNLOCK TABLES;

--
-- Table structure for table `tbl_class`
--

DROP TABLE IF EXISTS `tbl_class`;
/*!40101 SET @saved_cs_client     = @@character_set_client */;
/*!40101 SET character_set_client = utf8 */;
CREATE TABLE `tbl_class` (
  `ClassID` varchar(8) NOT NULL,
  `professional` varchar(10) DEFAULT NULL,
  `count` int(11) DEFAULT NULL,
  PRIMARY KEY (`ClassID`)
) ENGINE=InnoDB DEFAULT CHARSET=utf8;
/*!40101 SET character_set_client = @saved_cs_client */;

--
-- Dumping data for table `tbl_class`
--

LOCK TABLES `tbl_class` WRITE;
/*!40000 ALTER TABLE `tbl_class` DISABLE KEYS */;
INSERT INTO `tbl_class` VALUES ('14070101','数学与应用数学',30),('14070102','数学与应用数学',29),('14070103','数学与应用数学',30),('14070201','信息与计算科学',28),('14070202','信息与计算科学',29),('14070203','信息与计算科学',25),('14070204','信息与计算科学',27),('14070301','应用统计学',28),('14070302','应用统计学',26);
/*!40000 ALTER TABLE `tbl_class` ENABLE KEYS */;
UNLOCK TABLES;

--
-- Table structure for table `tbl_class_room`
--

DROP TABLE IF EXISTS `tbl_class_room`;
/*!40101 SET @saved_cs_client     = @@character_set_client */;
/*!40101 SET character_set_client = utf8 */;
CREATE TABLE `tbl_class_room` (
  `ID` int(11) NOT NULL AUTO_INCREMENT,
  `Name` varchar(20) DEFAULT NULL,
  PRIMARY KEY (`ID`)
) ENGINE=InnoDB AUTO_INCREMENT=24 DEFAULT CHARSET=utf8;
/*!40101 SET character_set_client = @saved_cs_client */;

--
-- Dumping data for table `tbl_class_room`
--

LOCK TABLES `tbl_class_room` WRITE;
/*!40000 ALTER TABLE `tbl_class_room` DISABLE KEYS */;
INSERT INTO `tbl_class_room` VALUES (1,'第一教学楼205'),(2,'第八教学楼1-1'),(3,'第八教学楼1-4'),(4,'第八教学楼1-6'),(5,'第八教学楼2-1'),(6,'第八教学楼2-2'),(7,'第八教学楼2-3'),(8,'第八教学楼3-1'),(9,'第八教学楼3-2'),(10,'第八教学楼4-1'),(11,'第八教学楼4-2'),(12,'第八教学楼4-3'),(13,'第八教学楼402'),(14,'第九教学楼105'),(15,'第九教学楼109'),(16,'第九教学楼203'),(17,'第九教学楼205'),(18,'第九教学楼206'),(19,'第九教学楼210'),(20,'第九教学楼311'),(21,'第九教学楼412'),(22,'第九教学楼605'),(23,'第九教学楼612');
/*!40000 ALTER TABLE `tbl_class_room` ENABLE KEYS */;
UNLOCK TABLES;

--
-- Table structure for table `tbl_course`
--

DROP TABLE IF EXISTS `tbl_course`;
/*!40101 SET @saved_cs_client     = @@character_set_client */;
/*!40101 SET character_set_client = utf8 */;
CREATE TABLE `tbl_course` (
  `CouID` int(11) NOT NULL AUTO_INCREMENT,
  `CouName` varchar(20) DEFAULT NULL,
  `Credit` int(11) DEFAULT NULL,
  PRIMARY KEY (`CouID`)
) ENGINE=InnoDB AUTO_INCREMENT=21 DEFAULT CHARSET=utf8;
/*!40101 SET character_set_client = @saved_cs_client */;

--
-- Dumping data for table `tbl_course`
--

LOCK TABLES `tbl_course` WRITE;
/*!40000 ALTER TABLE `tbl_course` DISABLE KEYS */;
INSERT INTO `tbl_course` VALUES (1,'教育心理学B',2),(2,'初等数学研究',2),(3,'中学数学案例分析',2),(4,'数值分析',2),(5,'多媒体课件制作',3),(6,'形势与政策',3),(7,'数学方法论与解题技巧',3),(8,'现代教育学',3),(9,'数据结构(2)',2),(10,'计算方法',3),(11,'现代密码学A',2),(12,'信息隐藏技术A',3),(13,'计算机网络',2),(14,'数据库系统',2),(15,'金融数学',3),(16,'应用回归分析',3),(17,'计量经济学',2),(18,'应用时间序列分析',3),(19,'利息理论',3),(20,'市场调查与抽样技术',3);
/*!40000 ALTER TABLE `tbl_course` ENABLE KEYS */;
UNLOCK TABLES;

--
-- Table structure for table `tbl_facedata`
--

DROP TABLE IF EXISTS `tbl_facedata`;
/*!40101 SET @saved_cs_client     = @@character_set_client */;
/*!40101 SET character_set_client = utf8 */;
CREATE TABLE `tbl_facedata` (
  `FaceID` int(11) NOT NULL AUTO_INCREMENT,
  `StuID` varchar(10) DEFAULT NULL,
  `FaceDate` blob,
  PRIMARY KEY (`FaceID`)
) ENGINE=InnoDB AUTO_INCREMENT=16 DEFAULT CHARSET=utf8;
/*!40101 SET character_set_client = @saved_cs_client */;

--
-- Dumping data for table `tbl_facedata`
--

LOCK TABLES `tbl_facedata` WRITE;
/*!40000 ALTER TABLE `tbl_facedata` DISABLE KEYS */;
INSERT INTO `tbl_facedata` VALUES (5,'1407010102','/9j/4AAQSkZJRgABAQAAAQABAAD/2wBDAAgGBgcGBQgHBwcJCQgKDBQNDAsLDBkSEw8UHRofHh0a\r\nHBwgJC4nICIsIxwcKDcpLDAxNDQ0Hyc5PTgyPC4zNDL/wAALCABwAFwBAREA/8QAHwAAAQUBAQEB\r\nAQEAAAAAAAAAAAECAwQFBgcICQoL/8QAtRAAAgEDAwIEAwUFBAQAAAF9AQIDAAQRBRIhMUEGE1Fh\r\nByJxFDKBkaEII0KxwRVS0fAkM2JyggkKFhcYGRolJicoKSo0NTY3ODk6Q0RFRkdISUpTVFVWV1hZ\r\nWmNkZWZnaGlqc3R1dnd4eXqDhIWGh4iJipKTlJWWl5iZmqKjpKWmp6ipqrKztLW2t7i5usLDxMXG\r\nx8jJytLT1NXW19jZ2uHi4+Tl5ufo6erx8vP09fb3+Pn6/9oACAEBAAA/APLSei85Y/yq3FutVLfa\r\nHUkHgHrSxj7QRM4OzHJfufat2wuorBox5K724G3IpL9zO7BYx5b89P8AOD/hThYM9tExH7wnaPwN\r\nQtZmK3JOOBtz+PT9KpRaXNcoZWlwpPpmobi0licDgopzuBq/I0EQYsrHPPPfisbUSBJ5kZYkdSaj\r\nRyyA560oO2RTxt9+nP8A+qpTZy3Lqg+96Yro7HRZWjjjLFUTr061uQ6Hb4+f5yeueasLoKPJ8uTk\r\n/rWqnh5ETgH7vPtTv+Eaha3xsOSeTisO40BrVmKE4z36Vg3VoyeYkwwVPHPWsi7KBBkEEAd6oMrx\r\noN7DDZIb/P41Ah+XjGMmrAmxIYHGVIxjt1H+FdJ4d0yKW5bzASB05rtYbJc47VfW0QAfLV2BFjI2\r\njpVzzPkIwOe9NS5ZBgYqC5C3A+dRWBf6DHcyK4ONvSuO1zTltJRkNjPIHeuTunfEkcmeDlT9BTEX\r\nagXrgVJbqGuiQRhvvZ9673w5G3mjCY4xkCuyjiAAqwBkcVNCNzDipz908VXbIPPemnOKikGFNcT4\r\npBPT6c1wF/IgmOwEgdVPOTUYyB1NTQ83ZYY5cLtHcEZz/SvTvDcK+QJwOCMCukRgfpUoUe1W7YDP\r\ntip2UBeMVQlYK+O1IrKR1pso+Q1x/ieP9yrgd8fnXmd5hp32HeM9SMH/AD0pDnPAqWLCSTuRz5W5\r\nT6EGvT/DzbNEtwTwM5/M1sK82fMRCV6AY6VGL68D/NAVX1rTt55HC/KR61ZZyMZJ9DVC+lkRGMaZ\r\nb36VkpeX7OQ3lD23da0BJd+V5hAYY5Gaw9eRrnSrlo8h0G4fWvMY4WfaCD5jdRimYGT25r1e88J6\r\nbrNhEsEa28hX92F6MvUrn8P0z61c0Kw26fBE4+dV5Hv1NTyXM1xeC2M4s7PBRZVTJ3YPU44HSucS\r\nyvm1Ai7unmgiZh5kbt+864IyeOo9OAPetnS7qe0cxSsXzjYT9T/9at1W+0FxnHAOTWDqU8rsbTdt\r\nyfvZx+tZmo6ZDeWKJCgjnVWQ/KDuDd89QQasJYvYRQGwFxGF3FhI2d4Jzgj26ZrTe3WS2ORw6kH8\r\nay/DmixabHuIRr2ZSFY9FQcVn6x4Cn13UpL3TJ7e3U/LMkhx+8HUj6jb+Oa6W5vJbVltLOKMSRgF\r\nXYZwegx/KrFoSbc44NWIX8pGXYpz6iqksQkbjAPYDtSw2Sod55PXNWogQzAHGRiqd/bCRtzDPPNQ\r\npAV6/nVpd74DZOOlOnGyFvpWNDdXNtdv86uhKhUKjIUjsevUGtg21uZpXluVgLsG2k4/hGT+eags\r\nLiy8Q6fBeWjqjbQQ+fmiYc7WHqCPx/GrdgMvIGAByeB0zVtoSfpUYjXd0xUd15kjRxQ8AcnFSW8D\r\nJvYjnGetRTMN4J5waUwgnK9DTthAyBVW8JERGahga0srH7XcGJG3Z82QfdFeX+I/EUurazJPbSvH\r\nboPLiAOCVBPJ9ySTWdpesX2jXhubGby3IwwIyrj0I716f4P8RSeIDczTxRxTxuFZYwQpBAwefXDf\r\nlXaBMpgdKrTRgHFZ9y7CTYkrIrrtbH19e1TiR0tWUNnH3c9qzEjkaeQCZtsgG/v+WelbnlAKMcgY\r\npzABeawNculs7Kadz8sUZc/gOP1xXkV/rWoaoEF5cs6ryE6KPwqiMetKw5rpvAOoCz8RiFjhLtNn\r\n/Ahyv6bh+Ne3QNuQd+KrXIQDdI4VB61mXd1p8A5uY849az/7Rj34S5QoeccVPb3NnIQvnIGz0zWr\r\nG42/K4bHoadK/wAmeg61598Q74x6Utup5nkCt7Ac/wCFea5PelPODU7DIpqvJDIksTFJEYOjD+Fg\r\ncg/nXvnh3VP7T0e0uWULJLErsvoSM1oX1jHdgb/mUD7vrWLc+HLVuUUAEdGHSsyXw7Hv/wBUjH0z\r\nUUXhqIPhk2854rds7CKxHyEii8u1jUjPArznx4GaytJG6mds/wDfNcQMe9PVTjrU9NIwuSePWvXP\r\nCG8eGNMlj6/Z149RXVQXaygE/eA5Bp0s21M4yKzJpgr5ANLHc7jg9fpTLm5EaZY/nWUC93MOuwc/\r\nU1zHxFTy9NsR6ztn/vmuAXHapcAgfSpOnWq15KRCyjrjmvbvBZjbwvpmw5X7Oin2IGGH5g1tXNmV\r\nbzIuGznIpn2t0XbNHj3HSqzvCw4PH1qq12sOQiZJ9KpustzJmQ4XsorVgtlhi6fNiuA+JUoFpp65\r\n5M7HHttrhIxzUwOK/9k='),(6,'1407010102','/9j/4AAQSkZJRgABAQAAAQABAAD/2wBDAAgGBgcGBQgHBwcJCQgKDBQNDAsLDBkSEw8UHRofHh0a\r\nHBwgJC4nICIsIxwcKDcpLDAxNDQ0Hyc5PTgyPC4zNDL/wAALCABwAFwBAREA/8QAHwAAAQUBAQEB\r\nAQEAAAAAAAAAAAECAwQFBgcICQoL/8QAtRAAAgEDAwIEAwUFBAQAAAF9AQIDAAQRBRIhMUEGE1Fh\r\nByJxFDKBkaEII0KxwRVS0fAkM2JyggkKFhcYGRolJicoKSo0NTY3ODk6Q0RFRkdISUpTVFVWV1hZ\r\nWmNkZWZnaGlqc3R1dnd4eXqDhIWGh4iJipKTlJWWl5iZmqKjpKWmp6ipqrKztLW2t7i5usLDxMXG\r\nx8jJytLT1NXW19jZ2uHi4+Tl5ufo6erx8vP09fb3+Pn6/9oACAEBAAA/APLSei85Y/yq3FutVLfa\r\nHUkHgHrSxj7QRM4OzHJfufat2wuorBox5K724G3IpL9zO7BYx5b89P8AOD/hThYM9tExH7wnaPwN\r\nQtZmK3JOOBtz+PT9KpRaXNcoZWlwpPpmobi0licDgopzuBq/I0EQYsrHPPPfisbUSBJ5kZYkdSaj\r\nRyyA560oO2RTxt9+nP8A+qpTZy3Lqg+96Yro7HRZWjjjLFUTr061uQ6Hb4+f5yeueasLoKPJ8uTk\r\n/rWqnh5ETgH7vPtTv+Eaha3xsOSeTisO40BrVmKE4z36Vg3VoyeYkwwVPHPWsi7KBBkEEAd6oMrx\r\noN7DDZIb/P41Ah+XjGMmrAmxIYHGVIxjt1H+FdJ4d0yKW5bzASB05rtYbJc47VfW0QAfLV2BFjI2\r\njpVzzPkIwOe9NS5ZBgYqC5C3A+dRWBf6DHcyK4ONvSuO1zTltJRkNjPIHeuTunfEkcmeDlT9BTEX\r\nagXrgVJbqGuiQRhvvZ9673w5G3mjCY4xkCuyjiAAqwBkcVNCNzDipz908VXbIPPemnOKikGFNcT4\r\npBPT6c1wF/IgmOwEgdVPOTUYyB1NTQ83ZYY5cLtHcEZz/SvTvDcK+QJwOCMCukRgfpUoUe1W7YDP\r\ntip2UBeMVQlYK+O1IrKR1pso+Q1x/ieP9yrgd8fnXmd5hp32HeM9SMH/AD0pDnPAqWLCSTuRz5W5\r\nT6EGvT/DzbNEtwTwM5/M1sK82fMRCV6AY6VGL68D/NAVX1rTt55HC/KR61ZZyMZJ9DVC+lkRGMaZ\r\nb36VkpeX7OQ3lD23da0BJd+V5hAYY5Gaw9eRrnSrlo8h0G4fWvMY4WfaCD5jdRimYGT25r1e88J6\r\nbrNhEsEa28hX92F6MvUrn8P0z61c0Kw26fBE4+dV5Hv1NTyXM1xeC2M4s7PBRZVTJ3YPU44HSucS\r\nyvm1Ai7unmgiZh5kbt+864IyeOo9OAPetnS7qe0cxSsXzjYT9T/9at1W+0FxnHAOTWDqU8rsbTdt\r\nyfvZx+tZmo6ZDeWKJCgjnVWQ/KDuDd89QQasJYvYRQGwFxGF3FhI2d4Jzgj26ZrTe3WS2ORw6kH8\r\nay/DmixabHuIRr2ZSFY9FQcVn6x4Cn13UpL3TJ7e3U/LMkhx+8HUj6jb+Oa6W5vJbVltLOKMSRgF\r\nXYZwegx/KrFoSbc44NWIX8pGXYpz6iqksQkbjAPYDtSw2Sod55PXNWogQzAHGRiqd/bCRtzDPPNQ\r\npAV6/nVpd74DZOOlOnGyFvpWNDdXNtdv86uhKhUKjIUjsevUGtg21uZpXluVgLsG2k4/hGT+eags\r\nLiy8Q6fBeWjqjbQQ+fmiYc7WHqCPx/GrdgMvIGAByeB0zVtoSfpUYjXd0xUd15kjRxQ8AcnFSW8D\r\nJvYjnGetRTMN4J5waUwgnK9DTthAyBVW8JERGahga0srH7XcGJG3Z82QfdFeX+I/EUurazJPbSvH\r\nboPLiAOCVBPJ9ySTWdpesX2jXhubGby3IwwIyrj0I716f4P8RSeIDczTxRxTxuFZYwQpBAwefXDf\r\nlXaBMpgdKrTRgHFZ9y7CTYkrIrrtbH19e1TiR0tWUNnH3c9qzEjkaeQCZtsgG/v+WelbnlAKMcgY\r\npzABeawNculs7Kadz8sUZc/gOP1xXkV/rWoaoEF5cs6ryE6KPwqiMetKw5rpvAOoCz8RiFjhLtNn\r\n/Ahyv6bh+Ne3QNuQd+KrXIQDdI4VB61mXd1p8A5uY849az/7Rj34S5QoeccVPb3NnIQvnIGz0zWr\r\nG42/K4bHoadK/wAmeg61598Q74x6Utup5nkCt7Ac/wCFea5PelPODU7DIpqvJDIksTFJEYOjD+Fg\r\ncg/nXvnh3VP7T0e0uWULJLErsvoSM1oX1jHdgb/mUD7vrWLc+HLVuUUAEdGHSsyXw7Hv/wBUjH0z\r\nUUXhqIPhk2854rds7CKxHyEii8u1jUjPArznx4GaytJG6mds/wDfNcQMe9PVTjrU9NIwuSePWvXP\r\nCG8eGNMlj6/Z149RXVQXaygE/eA5Bp0s21M4yKzJpgr5ANLHc7jg9fpTLm5EaZY/nWUC93MOuwc/\r\nU1zHxFTy9NsR6ztn/vmuAXHapcAgfSpOnWq15KRCyjrjmvbvBZjbwvpmw5X7Oin2IGGH5g1tXNmV\r\nbzIuGznIpn2t0XbNHj3HSqzvCw4PH1qq12sOQiZJ9KpustzJmQ4XsorVgtlhi6fNiuA+JUoFpp65\r\n5M7HHttrhIxzUwOK/9k='),(7,'1407010102','/9j/4AAQSkZJRgABAQAAAQABAAD/2wBDAAgGBgcGBQgHBwcJCQgKDBQNDAsLDBkSEw8UHRofHh0a\r\nHBwgJC4nICIsIxwcKDcpLDAxNDQ0Hyc5PTgyPC4zNDL/wAALCABwAFwBAREA/8QAHwAAAQUBAQEB\r\nAQEAAAAAAAAAAAECAwQFBgcICQoL/8QAtRAAAgEDAwIEAwUFBAQAAAF9AQIDAAQRBRIhMUEGE1Fh\r\nByJxFDKBkaEII0KxwRVS0fAkM2JyggkKFhcYGRolJicoKSo0NTY3ODk6Q0RFRkdISUpTVFVWV1hZ\r\nWmNkZWZnaGlqc3R1dnd4eXqDhIWGh4iJipKTlJWWl5iZmqKjpKWmp6ipqrKztLW2t7i5usLDxMXG\r\nx8jJytLT1NXW19jZ2uHi4+Tl5ufo6erx8vP09fb3+Pn6/9oACAEBAAA/APLSei85Y/yq3FutVLfa\r\nHUkHgHrSxj7QRM4OzHJfufat2wuorBox5K724G3IpL9zO7BYx5b89P8AOD/hThYM9tExH7wnaPwN\r\nQtZmK3JOOBtz+PT9KpRaXNcoZWlwpPpmobi0licDgopzuBq/I0EQYsrHPPPfisbUSBJ5kZYkdSaj\r\nRyyA560oO2RTxt9+nP8A+qpTZy3Lqg+96Yro7HRZWjjjLFUTr061uQ6Hb4+f5yeueasLoKPJ8uTk\r\n/rWqnh5ETgH7vPtTv+Eaha3xsOSeTisO40BrVmKE4z36Vg3VoyeYkwwVPHPWsi7KBBkEEAd6oMrx\r\noN7DDZIb/P41Ah+XjGMmrAmxIYHGVIxjt1H+FdJ4d0yKW5bzASB05rtYbJc47VfW0QAfLV2BFjI2\r\njpVzzPkIwOe9NS5ZBgYqC5C3A+dRWBf6DHcyK4ONvSuO1zTltJRkNjPIHeuTunfEkcmeDlT9BTEX\r\nagXrgVJbqGuiQRhvvZ9673w5G3mjCY4xkCuyjiAAqwBkcVNCNzDipz908VXbIPPemnOKikGFNcT4\r\npBPT6c1wF/IgmOwEgdVPOTUYyB1NTQ83ZYY5cLtHcEZz/SvTvDcK+QJwOCMCukRgfpUoUe1W7YDP\r\ntip2UBeMVQlYK+O1IrKR1pso+Q1x/ieP9yrgd8fnXmd5hp32HeM9SMH/AD0pDnPAqWLCSTuRz5W5\r\nT6EGvT/DzbNEtwTwM5/M1sK82fMRCV6AY6VGL68D/NAVX1rTt55HC/KR61ZZyMZJ9DVC+lkRGMaZ\r\nb36VkpeX7OQ3lD23da0BJd+V5hAYY5Gaw9eRrnSrlo8h0G4fWvMY4WfaCD5jdRimYGT25r1e88J6\r\nbrNhEsEa28hX92F6MvUrn8P0z61c0Kw26fBE4+dV5Hv1NTyXM1xeC2M4s7PBRZVTJ3YPU44HSucS\r\nyvm1Ai7unmgiZh5kbt+864IyeOo9OAPetnS7qe0cxSsXzjYT9T/9at1W+0FxnHAOTWDqU8rsbTdt\r\nyfvZx+tZmo6ZDeWKJCgjnVWQ/KDuDd89QQasJYvYRQGwFxGF3FhI2d4Jzgj26ZrTe3WS2ORw6kH8\r\nay/DmixabHuIRr2ZSFY9FQcVn6x4Cn13UpL3TJ7e3U/LMkhx+8HUj6jb+Oa6W5vJbVltLOKMSRgF\r\nXYZwegx/KrFoSbc44NWIX8pGXYpz6iqksQkbjAPYDtSw2Sod55PXNWogQzAHGRiqd/bCRtzDPPNQ\r\npAV6/nVpd74DZOOlOnGyFvpWNDdXNtdv86uhKhUKjIUjsevUGtg21uZpXluVgLsG2k4/hGT+eags\r\nLiy8Q6fBeWjqjbQQ+fmiYc7WHqCPx/GrdgMvIGAByeB0zVtoSfpUYjXd0xUd15kjRxQ8AcnFSW8D\r\nJvYjnGetRTMN4J5waUwgnK9DTthAyBVW8JERGahga0srH7XcGJG3Z82QfdFeX+I/EUurazJPbSvH\r\nboPLiAOCVBPJ9ySTWdpesX2jXhubGby3IwwIyrj0I716f4P8RSeIDczTxRxTxuFZYwQpBAwefXDf\r\nlXaBMpgdKrTRgHFZ9y7CTYkrIrrtbH19e1TiR0tWUNnH3c9qzEjkaeQCZtsgG/v+WelbnlAKMcgY\r\npzABeawNculs7Kadz8sUZc/gOP1xXkV/rWoaoEF5cs6ryE6KPwqiMetKw5rpvAOoCz8RiFjhLtNn\r\n/Ahyv6bh+Ne3QNuQd+KrXIQDdI4VB61mXd1p8A5uY849az/7Rj34S5QoeccVPb3NnIQvnIGz0zWr\r\nG42/K4bHoadK/wAmeg61598Q74x6Utup5nkCt7Ac/wCFea5PelPODU7DIpqvJDIksTFJEYOjD+Fg\r\ncg/nXvnh3VP7T0e0uWULJLErsvoSM1oX1jHdgb/mUD7vrWLc+HLVuUUAEdGHSsyXw7Hv/wBUjH0z\r\nUUXhqIPhk2854rds7CKxHyEii8u1jUjPArznx4GaytJG6mds/wDfNcQMe9PVTjrU9NIwuSePWvXP\r\nCG8eGNMlj6/Z149RXVQXaygE/eA5Bp0s21M4yKzJpgr5ANLHc7jg9fpTLm5EaZY/nWUC93MOuwc/\r\nU1zHxFTy9NsR6ztn/vmuAXHapcAgfSpOnWq15KRCyjrjmvbvBZjbwvpmw5X7Oin2IGGH5g1tXNmV\r\nbzIuGznIpn2t0XbNHj3HSqzvCw4PH1qq12sOQiZJ9KpustzJmQ4XsorVgtlhi6fNiuA+JUoFpp65\r\n5M7HHttrhIxzUwOK/9k='),(8,'1407010102','/9j/4AAQSkZJRgABAQAAAQABAAD/2wBDAAgGBgcGBQgHBwcJCQgKDBQNDAsLDBkSEw8UHRofHh0a\r\nHBwgJC4nICIsIxwcKDcpLDAxNDQ0Hyc5PTgyPC4zNDL/wAALCABwAFwBAREA/8QAHwAAAQUBAQEB\r\nAQEAAAAAAAAAAAECAwQFBgcICQoL/8QAtRAAAgEDAwIEAwUFBAQAAAF9AQIDAAQRBRIhMUEGE1Fh\r\nByJxFDKBkaEII0KxwRVS0fAkM2JyggkKFhcYGRolJicoKSo0NTY3ODk6Q0RFRkdISUpTVFVWV1hZ\r\nWmNkZWZnaGlqc3R1dnd4eXqDhIWGh4iJipKTlJWWl5iZmqKjpKWmp6ipqrKztLW2t7i5usLDxMXG\r\nx8jJytLT1NXW19jZ2uHi4+Tl5ufo6erx8vP09fb3+Pn6/9oACAEBAAA/APLSei85Y/yq3FutVLfa\r\nHUkHgHrSxj7QRM4OzHJfufat2wuorBox5K724G3IpL9zO7BYx5b89P8AOD/hThYM9tExH7wnaPwN\r\nQtZmK3JOOBtz+PT9KpRaXNcoZWlwpPpmobi0licDgopzuBq/I0EQYsrHPPPfisbUSBJ5kZYkdSaj\r\nRyyA560oO2RTxt9+nP8A+qpTZy3Lqg+96Yro7HRZWjjjLFUTr061uQ6Hb4+f5yeueasLoKPJ8uTk\r\n/rWqnh5ETgH7vPtTv+Eaha3xsOSeTisO40BrVmKE4z36Vg3VoyeYkwwVPHPWsi7KBBkEEAd6oMrx\r\noN7DDZIb/P41Ah+XjGMmrAmxIYHGVIxjt1H+FdJ4d0yKW5bzASB05rtYbJc47VfW0QAfLV2BFjI2\r\njpVzzPkIwOe9NS5ZBgYqC5C3A+dRWBf6DHcyK4ONvSuO1zTltJRkNjPIHeuTunfEkcmeDlT9BTEX\r\nagXrgVJbqGuiQRhvvZ9673w5G3mjCY4xkCuyjiAAqwBkcVNCNzDipz908VXbIPPemnOKikGFNcT4\r\npBPT6c1wF/IgmOwEgdVPOTUYyB1NTQ83ZYY5cLtHcEZz/SvTvDcK+QJwOCMCukRgfpUoUe1W7YDP\r\ntip2UBeMVQlYK+O1IrKR1pso+Q1x/ieP9yrgd8fnXmd5hp32HeM9SMH/AD0pDnPAqWLCSTuRz5W5\r\nT6EGvT/DzbNEtwTwM5/M1sK82fMRCV6AY6VGL68D/NAVX1rTt55HC/KR61ZZyMZJ9DVC+lkRGMaZ\r\nb36VkpeX7OQ3lD23da0BJd+V5hAYY5Gaw9eRrnSrlo8h0G4fWvMY4WfaCD5jdRimYGT25r1e88J6\r\nbrNhEsEa28hX92F6MvUrn8P0z61c0Kw26fBE4+dV5Hv1NTyXM1xeC2M4s7PBRZVTJ3YPU44HSucS\r\nyvm1Ai7unmgiZh5kbt+864IyeOo9OAPetnS7qe0cxSsXzjYT9T/9at1W+0FxnHAOTWDqU8rsbTdt\r\nyfvZx+tZmo6ZDeWKJCgjnVWQ/KDuDd89QQasJYvYRQGwFxGF3FhI2d4Jzgj26ZrTe3WS2ORw6kH8\r\nay/DmixabHuIRr2ZSFY9FQcVn6x4Cn13UpL3TJ7e3U/LMkhx+8HUj6jb+Oa6W5vJbVltLOKMSRgF\r\nXYZwegx/KrFoSbc44NWIX8pGXYpz6iqksQkbjAPYDtSw2Sod55PXNWogQzAHGRiqd/bCRtzDPPNQ\r\npAV6/nVpd74DZOOlOnGyFvpWNDdXNtdv86uhKhUKjIUjsevUGtg21uZpXluVgLsG2k4/hGT+eags\r\nLiy8Q6fBeWjqjbQQ+fmiYc7WHqCPx/GrdgMvIGAByeB0zVtoSfpUYjXd0xUd15kjRxQ8AcnFSW8D\r\nJvYjnGetRTMN4J5waUwgnK9DTthAyBVW8JERGahga0srH7XcGJG3Z82QfdFeX+I/EUurazJPbSvH\r\nboPLiAOCVBPJ9ySTWdpesX2jXhubGby3IwwIyrj0I716f4P8RSeIDczTxRxTxuFZYwQpBAwefXDf\r\nlXaBMpgdKrTRgHFZ9y7CTYkrIrrtbH19e1TiR0tWUNnH3c9qzEjkaeQCZtsgG/v+WelbnlAKMcgY\r\npzABeawNculs7Kadz8sUZc/gOP1xXkV/rWoaoEF5cs6ryE6KPwqiMetKw5rpvAOoCz8RiFjhLtNn\r\n/Ahyv6bh+Ne3QNuQd+KrXIQDdI4VB61mXd1p8A5uY849az/7Rj34S5QoeccVPb3NnIQvnIGz0zWr\r\nG42/K4bHoadK/wAmeg61598Q74x6Utup5nkCt7Ac/wCFea5PelPODU7DIpqvJDIksTFJEYOjD+Fg\r\ncg/nXvnh3VP7T0e0uWULJLErsvoSM1oX1jHdgb/mUD7vrWLc+HLVuUUAEdGHSsyXw7Hv/wBUjH0z\r\nUUXhqIPhk2854rds7CKxHyEii8u1jUjPArznx4GaytJG6mds/wDfNcQMe9PVTjrU9NIwuSePWvXP\r\nCG8eGNMlj6/Z149RXVQXaygE/eA5Bp0s21M4yKzJpgr5ANLHc7jg9fpTLm5EaZY/nWUC93MOuwc/\r\nU1zHxFTy9NsR6ztn/vmuAXHapcAgfSpOnWq15KRCyjrjmvbvBZjbwvpmw5X7Oin2IGGH5g1tXNmV\r\nbzIuGznIpn2t0XbNHj3HSqzvCw4PH1qq12sOQiZJ9KpustzJmQ4XsorVgtlhi6fNiuA+JUoFpp65\r\n5M7HHttrhIxzUwOK/9k='),(9,'1407010102','/9j/4AAQSkZJRgABAQAAAQABAAD/2wBDAAgGBgcGBQgHBwcJCQgKDBQNDAsLDBkSEw8UHRofHh0a\r\nHBwgJC4nICIsIxwcKDcpLDAxNDQ0Hyc5PTgyPC4zNDL/wAALCABwAFwBAREA/8QAHwAAAQUBAQEB\r\nAQEAAAAAAAAAAAECAwQFBgcICQoL/8QAtRAAAgEDAwIEAwUFBAQAAAF9AQIDAAQRBRIhMUEGE1Fh\r\nByJxFDKBkaEII0KxwRVS0fAkM2JyggkKFhcYGRolJicoKSo0NTY3ODk6Q0RFRkdISUpTVFVWV1hZ\r\nWmNkZWZnaGlqc3R1dnd4eXqDhIWGh4iJipKTlJWWl5iZmqKjpKWmp6ipqrKztLW2t7i5usLDxMXG\r\nx8jJytLT1NXW19jZ2uHi4+Tl5ufo6erx8vP09fb3+Pn6/9oACAEBAAA/APLSei85Y/yq3FutVLfa\r\nHUkHgHrSxj7QRM4OzHJfufat2wuorBox5K724G3IpL9zO7BYx5b89P8AOD/hThYM9tExH7wnaPwN\r\nQtZmK3JOOBtz+PT9KpRaXNcoZWlwpPpmobi0licDgopzuBq/I0EQYsrHPPPfisbUSBJ5kZYkdSaj\r\nRyyA560oO2RTxt9+nP8A+qpTZy3Lqg+96Yro7HRZWjjjLFUTr061uQ6Hb4+f5yeueasLoKPJ8uTk\r\n/rWqnh5ETgH7vPtTv+Eaha3xsOSeTisO40BrVmKE4z36Vg3VoyeYkwwVPHPWsi7KBBkEEAd6oMrx\r\noN7DDZIb/P41Ah+XjGMmrAmxIYHGVIxjt1H+FdJ4d0yKW5bzASB05rtYbJc47VfW0QAfLV2BFjI2\r\njpVzzPkIwOe9NS5ZBgYqC5C3A+dRWBf6DHcyK4ONvSuO1zTltJRkNjPIHeuTunfEkcmeDlT9BTEX\r\nagXrgVJbqGuiQRhvvZ9673w5G3mjCY4xkCuyjiAAqwBkcVNCNzDipz908VXbIPPemnOKikGFNcT4\r\npBPT6c1wF/IgmOwEgdVPOTUYyB1NTQ83ZYY5cLtHcEZz/SvTvDcK+QJwOCMCukRgfpUoUe1W7YDP\r\ntip2UBeMVQlYK+O1IrKR1pso+Q1x/ieP9yrgd8fnXmd5hp32HeM9SMH/AD0pDnPAqWLCSTuRz5W5\r\nT6EGvT/DzbNEtwTwM5/M1sK82fMRCV6AY6VGL68D/NAVX1rTt55HC/KR61ZZyMZJ9DVC+lkRGMaZ\r\nb36VkpeX7OQ3lD23da0BJd+V5hAYY5Gaw9eRrnSrlo8h0G4fWvMY4WfaCD5jdRimYGT25r1e88J6\r\nbrNhEsEa28hX92F6MvUrn8P0z61c0Kw26fBE4+dV5Hv1NTyXM1xeC2M4s7PBRZVTJ3YPU44HSucS\r\nyvm1Ai7unmgiZh5kbt+864IyeOo9OAPetnS7qe0cxSsXzjYT9T/9at1W+0FxnHAOTWDqU8rsbTdt\r\nyfvZx+tZmo6ZDeWKJCgjnVWQ/KDuDd89QQasJYvYRQGwFxGF3FhI2d4Jzgj26ZrTe3WS2ORw6kH8\r\nay/DmixabHuIRr2ZSFY9FQcVn6x4Cn13UpL3TJ7e3U/LMkhx+8HUj6jb+Oa6W5vJbVltLOKMSRgF\r\nXYZwegx/KrFoSbc44NWIX8pGXYpz6iqksQkbjAPYDtSw2Sod55PXNWogQzAHGRiqd/bCRtzDPPNQ\r\npAV6/nVpd74DZOOlOnGyFvpWNDdXNtdv86uhKhUKjIUjsevUGtg21uZpXluVgLsG2k4/hGT+eags\r\nLiy8Q6fBeWjqjbQQ+fmiYc7WHqCPx/GrdgMvIGAByeB0zVtoSfpUYjXd0xUd15kjRxQ8AcnFSW8D\r\nJvYjnGetRTMN4J5waUwgnK9DTthAyBVW8JERGahga0srH7XcGJG3Z82QfdFeX+I/EUurazJPbSvH\r\nboPLiAOCVBPJ9ySTWdpesX2jXhubGby3IwwIyrj0I716f4P8RSeIDczTxRxTxuFZYwQpBAwefXDf\r\nlXaBMpgdKrTRgHFZ9y7CTYkrIrrtbH19e1TiR0tWUNnH3c9qzEjkaeQCZtsgG/v+WelbnlAKMcgY\r\npzABeawNculs7Kadz8sUZc/gOP1xXkV/rWoaoEF5cs6ryE6KPwqiMetKw5rpvAOoCz8RiFjhLtNn\r\n/Ahyv6bh+Ne3QNuQd+KrXIQDdI4VB61mXd1p8A5uY849az/7Rj34S5QoeccVPb3NnIQvnIGz0zWr\r\nG42/K4bHoadK/wAmeg61598Q74x6Utup5nkCt7Ac/wCFea5PelPODU7DIpqvJDIksTFJEYOjD+Fg\r\ncg/nXvnh3VP7T0e0uWULJLErsvoSM1oX1jHdgb/mUD7vrWLc+HLVuUUAEdGHSsyXw7Hv/wBUjH0z\r\nUUXhqIPhk2854rds7CKxHyEii8u1jUjPArznx4GaytJG6mds/wDfNcQMe9PVTjrU9NIwuSePWvXP\r\nCG8eGNMlj6/Z149RXVQXaygE/eA5Bp0s21M4yKzJpgr5ANLHc7jg9fpTLm5EaZY/nWUC93MOuwc/\r\nU1zHxFTy9NsR6ztn/vmuAXHapcAgfSpOnWq15KRCyjrjmvbvBZjbwvpmw5X7Oin2IGGH5g1tXNmV\r\nbzIuGznIpn2t0XbNHj3HSqzvCw4PH1qq12sOQiZJ9KpustzJmQ4XsorVgtlhi6fNiuA+JUoFpp65\r\n5M7HHttrhIxzUwOK/9k='),(10,'1407010102','/9j/4AAQSkZJRgABAQAAAQABAAD/2wBDAAgGBgcGBQgHBwcJCQgKDBQNDAsLDBkSEw8UHRofHh0a\r\nHBwgJC4nICIsIxwcKDcpLDAxNDQ0Hyc5PTgyPC4zNDL/wAALCABwAFwBAREA/8QAHwAAAQUBAQEB\r\nAQEAAAAAAAAAAAECAwQFBgcICQoL/8QAtRAAAgEDAwIEAwUFBAQAAAF9AQIDAAQRBRIhMUEGE1Fh\r\nByJxFDKBkaEII0KxwRVS0fAkM2JyggkKFhcYGRolJicoKSo0NTY3ODk6Q0RFRkdISUpTVFVWV1hZ\r\nWmNkZWZnaGlqc3R1dnd4eXqDhIWGh4iJipKTlJWWl5iZmqKjpKWmp6ipqrKztLW2t7i5usLDxMXG\r\nx8jJytLT1NXW19jZ2uHi4+Tl5ufo6erx8vP09fb3+Pn6/9oACAEBAAA/APLSei85Y/yq3FutVLfa\r\nHUkHgHrSxj7QRM4OzHJfufat2wuorBox5K724G3IpL9zO7BYx5b89P8AOD/hThYM9tExH7wnaPwN\r\nQtZmK3JOOBtz+PT9KpRaXNcoZWlwpPpmobi0licDgopzuBq/I0EQYsrHPPPfisbUSBJ5kZYkdSaj\r\nRyyA560oO2RTxt9+nP8A+qpTZy3Lqg+96Yro7HRZWjjjLFUTr061uQ6Hb4+f5yeueasLoKPJ8uTk\r\n/rWqnh5ETgH7vPtTv+Eaha3xsOSeTisO40BrVmKE4z36Vg3VoyeYkwwVPHPWsi7KBBkEEAd6oMrx\r\noN7DDZIb/P41Ah+XjGMmrAmxIYHGVIxjt1H+FdJ4d0yKW5bzASB05rtYbJc47VfW0QAfLV2BFjI2\r\njpVzzPkIwOe9NS5ZBgYqC5C3A+dRWBf6DHcyK4ONvSuO1zTltJRkNjPIHeuTunfEkcmeDlT9BTEX\r\nagXrgVJbqGuiQRhvvZ9673w5G3mjCY4xkCuyjiAAqwBkcVNCNzDipz908VXbIPPemnOKikGFNcT4\r\npBPT6c1wF/IgmOwEgdVPOTUYyB1NTQ83ZYY5cLtHcEZz/SvTvDcK+QJwOCMCukRgfpUoUe1W7YDP\r\ntip2UBeMVQlYK+O1IrKR1pso+Q1x/ieP9yrgd8fnXmd5hp32HeM9SMH/AD0pDnPAqWLCSTuRz5W5\r\nT6EGvT/DzbNEtwTwM5/M1sK82fMRCV6AY6VGL68D/NAVX1rTt55HC/KR61ZZyMZJ9DVC+lkRGMaZ\r\nb36VkpeX7OQ3lD23da0BJd+V5hAYY5Gaw9eRrnSrlo8h0G4fWvMY4WfaCD5jdRimYGT25r1e88J6\r\nbrNhEsEa28hX92F6MvUrn8P0z61c0Kw26fBE4+dV5Hv1NTyXM1xeC2M4s7PBRZVTJ3YPU44HSucS\r\nyvm1Ai7unmgiZh5kbt+864IyeOo9OAPetnS7qe0cxSsXzjYT9T/9at1W+0FxnHAOTWDqU8rsbTdt\r\nyfvZx+tZmo6ZDeWKJCgjnVWQ/KDuDd89QQasJYvYRQGwFxGF3FhI2d4Jzgj26ZrTe3WS2ORw6kH8\r\nay/DmixabHuIRr2ZSFY9FQcVn6x4Cn13UpL3TJ7e3U/LMkhx+8HUj6jb+Oa6W5vJbVltLOKMSRgF\r\nXYZwegx/KrFoSbc44NWIX8pGXYpz6iqksQkbjAPYDtSw2Sod55PXNWogQzAHGRiqd/bCRtzDPPNQ\r\npAV6/nVpd74DZOOlOnGyFvpWNDdXNtdv86uhKhUKjIUjsevUGtg21uZpXluVgLsG2k4/hGT+eags\r\nLiy8Q6fBeWjqjbQQ+fmiYc7WHqCPx/GrdgMvIGAByeB0zVtoSfpUYjXd0xUd15kjRxQ8AcnFSW8D\r\nJvYjnGetRTMN4J5waUwgnK9DTthAyBVW8JERGahga0srH7XcGJG3Z82QfdFeX+I/EUurazJPbSvH\r\nboPLiAOCVBPJ9ySTWdpesX2jXhubGby3IwwIyrj0I716f4P8RSeIDczTxRxTxuFZYwQpBAwefXDf\r\nlXaBMpgdKrTRgHFZ9y7CTYkrIrrtbH19e1TiR0tWUNnH3c9qzEjkaeQCZtsgG/v+WelbnlAKMcgY\r\npzABeawNculs7Kadz8sUZc/gOP1xXkV/rWoaoEF5cs6ryE6KPwqiMetKw5rpvAOoCz8RiFjhLtNn\r\n/Ahyv6bh+Ne3QNuQd+KrXIQDdI4VB61mXd1p8A5uY849az/7Rj34S5QoeccVPb3NnIQvnIGz0zWr\r\nG42/K4bHoadK/wAmeg61598Q74x6Utup5nkCt7Ac/wCFea5PelPODU7DIpqvJDIksTFJEYOjD+Fg\r\ncg/nXvnh3VP7T0e0uWULJLErsvoSM1oX1jHdgb/mUD7vrWLc+HLVuUUAEdGHSsyXw7Hv/wBUjH0z\r\nUUXhqIPhk2854rds7CKxHyEii8u1jUjPArznx4GaytJG6mds/wDfNcQMe9PVTjrU9NIwuSePWvXP\r\nCG8eGNMlj6/Z149RXVQXaygE/eA5Bp0s21M4yKzJpgr5ANLHc7jg9fpTLm5EaZY/nWUC93MOuwc/\r\nU1zHxFTy9NsR6ztn/vmuAXHapcAgfSpOnWq15KRCyjrjmvbvBZjbwvpmw5X7Oin2IGGH5g1tXNmV\r\nbzIuGznIpn2t0XbNHj3HSqzvCw4PH1qq12sOQiZJ9KpustzJmQ4XsorVgtlhi6fNiuA+JUoFpp65\r\n5M7HHttrhIxzUwOK/9k='),(11,'1407020401','/9j/4AAQSkZJRgABAgAAAQABAAD/2wBDAAgGBgcGBQgHBwcJCQgKDBQNDAsLDBkSEw8UHRofHh0aHBwgJC4nICIsIxwcKDcpLDAxNDQ0Hyc5PTgyPC4zNDL/2wBDAQkJCQwLDBgNDRgyIRwhMjIyMjIyMjIyMjIyMjIyMjIyMjIyMjIyMjIyMjIyMjIyMjIyMjIyMjIyMjIyMjIyMjL/wAARCAHgAoADASIAAhEBAxEB/8QAHwAAAQUBAQEBAQEAAAAAAAAAAAECAwQFBgcICQoL/8QAtRAAAgEDAwIEAwUFBAQAAAF9AQIDAAQRBRIhMUEGE1FhByJxFDKBkaEII0KxwRVS0fAkM2JyggkKFhcYGRolJicoKSo0NTY3ODk6Q0RFRkdISUpTVFVWV1hZWmNkZWZnaGlqc3R1dnd4eXqDhIWGh4iJipKTlJWWl5iZmqKjpKWmp6ipqrKztLW2t7i5usLDxMXGx8jJytLT1NXW19jZ2uHi4+Tl5ufo6erx8vP09fb3+Pn6/8QAHwEAAwEBAQEBAQEBAQAAAAAAAAECAwQFBgcICQoL/8QAtREAAgECBAQDBAcFBAQAAQJ3AAECAxEEBSExBhJBUQdhcRMiMoEIFEKRobHBCSMzUvAVYnLRChYkNOEl8RcYGRomJygpKjU2Nzg5OkNERUZHSElKU1RVVldYWVpjZGVmZ2hpanN0dXZ3eHl6goOEhYaHiImKkpOUlZaXmJmaoqOkpaanqKmqsrO0tba3uLm6wsPExcbHyMnK0tPU1dbX2Nna4uPk5ebn6Onq8vP09fb3+Pn6/9oADAMBAAIRAxEAPwDdCHbjNNA2n1qQcLgmmkc9M16t9Tx+V32ExnryaaVPepguATTRzz2oKtoMYc96Rl3DrTyxyTTdxB3UWFcYUB6daVSM4P604kr2xSkZ96OgERXPHalZeMCjHOKUtwQ1JhfuRGME5JyKGUAgDoKePu8ikLZJHamJpDokDOK2FGAATWTbj96p/WtPeueorKojeirDwCelP28VGHj67xj60qzRsBhxj1zWTRt6jwKXFNM0ajlhSrNH/eFTYq44c0oA64pnnRg/eH50faE9R+FMTaJccdKMVELmM8ZpROmc5FKzGmSheaXBHSoDcpn73FKLmPru4osx6E5XPSk29Ki+1J680v2qMjrRZoCboMYpe1Qfa096b9tjJwAfxosxXSLOMnrT8AVV+2pkfKc0C+X+6fzosx8yRZzmlxnrVX7cgb7rCnC8Xn5TRqHMWAMe5pcDrjmqv2xQeVJpftw6bP1oswuWjSY55qsb5B1VvwpftyZOVNFmPmRaxilAz1qkNQUn7h+uaBfqM5Q47HNJpgmi6R2xQARVIagP+eRI/wB6j+0P9jH/AAKjlYXTL1BHFUvtxIzsGfrQL8/88x+dHKO5e24pD6EVQN+2R8gH40pv3IwFUfnRZhe5f25o781n/bmz90Uv2+Q5+VRRyiL+MGlznpWd9ufjaF/Gk+3SDqFxRYfoaRAox1rMN/LycLn6Uov5MDCr+NHKwuaIHqKU8dqzTfyE/dAHrSG+fHSjlYrmn15IpeewrLF9KRjg0ovZiOoz7CjlA0ttG2s77bL6/pTReTZOW/SlYZqDgUmML71mNdy+tN+2SnvRysLtGqRnvRwayvtUufvfhTftcvA3H6U7BzGx0pCAayRdSAYLGkF1Mf4jS5Q5jWx9KPXIzWR9rmGfnNKLqUHliafKNXNYfSkI7Vlfap8/fOKRrqU/xmlyibNYfSkOOlZJupcfeOfrSG4lz98ijlC9zW7UHPasgTSk8ufzpPOkzncc0+UdzX7daTIHcVkieTGAx/OgzP8A3iaGgNbIo3AdxWOZnI5ZiPrTWeRujkY96XKBsZXOcik3AHkisgM5AyxpcuAfmptJdQNQkdc8UoI9ax9zjGDSlyMc5NKw0jXJBPFM3AnAPNY5Yt1PHegMehJppINRDyenFBC54zTsH8aac457V1nA72Ddk8jpSHr060hOaUkDp1p2JUhmFwaQYbjnIp/VunNITz9KdxLUYT1yOlIBkd6cG5NIGA4pCuIeOlJtBGTTyflOKbuHFAaIOMHNREZycU403B/i4pofTQaCVwc8ipUk3jOahJOSBwKYrmJ8EZBpNXLpysWyfrQCRSbuBxUgYHtiszfccCSPm5pCD2oJA5pw6ZzU3FsNGTTge2aPu9KcD0JHFJspJCDinZFN+hpynNAKIpOR0pVxtoOM4pB7VNxjvwNKelNGT3p3fBoY0wHSgAdaAcdTR1OaLsVkFA54oI55pfoaB6C9aUjaOKTOB60Z70hoGpccZpOtKT2oHYXr3oowCetHekJITaKFGeKCcUvFA0GAKNo9KCRil+9g/pQh6APpQKM80cYzQIMAHFLgU0Ekk0bh70DQoX2o6j2pM85pdwoHYXGBSAYJzSM+MZ70BvU0gsO4pB04FG4YxSbgeO1AWHdaOtN3DOOlLv70CDaPpSjjNJmk3DODQA7NFIpHNAYUD0A9cmgANR5gNJuGKAuKo557UuM00MDjmjeM0hJDjikIGOOaQuMGkVxigVxwGeoo59KQvjvSGTnFBQ45PakC47U3zPWgNg9aYCkHPSk28E0ebTfM3cGgLDgKO5pu73o3Y4pDsL1OMUnegyAdqGYdqYgwAMUmMCjcAOopNwJ9qGUKCcdKUjjrTC+KTeCetIkcTxnPSmnnHrSBgcik3Y5oGOxj3pCVFJ5g60jMM54xQ2NDyRnHt1prMeBSjHOaaTXZY866aBhleOtN6/WpQMDjrTFBLGnexNhoyOopGGcU7qcHrQBzQGwyRcDimhePapeDmmkZPoKEx8qYzFB5HTinMBjrTfpTuS42EHy4OOKa3JzUhPy+9MGSOeKRVrqxER74qOQccDmptowccmmlSRVE2GQy5GDzirRYMBjjFRW9sJHJA6Vc+xt2IFYzaR004toh3Uu/BGOasfY2OBSizI61nzFuBCrIW60GRQcdRUxsTninfYucEj60roEmitvAbPal35bjNWTZZI56U82Z654o5kVysqbjinB8DGDVlbM/3qf9kJHJ/SjmDlZTD80pc1c+xY70osgep/GldFWKG5uuM04Mc9OtXhZjPWlNmOxo5kHKUA5B6UFmJ4FaC2S9c0v2JQOpz3ouHKZ29h260oZ88LWkLJc8nj070fYgD940uYfKZ2T1IpN7ZxitIWIznNJ9hC9wfpRcLGd5jjtS7j6Vo/YFP8R9+KBYDj5iKVw5TNLHdjBp25ulaJsVz1OPWlFinqaLoOUyyZM5xwOopwL444rU+wxgHk8+9KLKIHPze/NHMh2MkuxJ4pQWBAIIPpWr9hiB74znrS/Yoz/e9qOYOUyiXz7UHOOBWr9jj96DZRnHDH8aXMPlMklunakAatcWcQGMGnCyiwBjj60cwrGOQaUo2K2DZwYzsGfrR9kixkgUcw7GNsbHFKFPGD1rZ+yxdNg4pxt4+hUflRzCSRhtG2acImrb8iL+4AaTyEH8APrS5h2MTy265JFHlMe5BrcMEf8AcFJ5C4+6Pyo5gsYvlnPek8tsnrW4IVH8IoMSEcgH8KOYOUwjEx5BNAjPqa3fJQ/wgfhS+SnTaMfSjmBJGF5TH6UqxH1NbnkRjnaPyoESEHgYPtRcNDCMTe5pPKYDuM1u+SuPuigxJgfKCPQ0uYEkYXlnbg5o8luozmtwRJ6dPakEKnPFHMPQxBEQ2SDR5TVtiJQDwOaAig8AD6CncLGGsZ3c/hSeWRzzW95a54A6UnlLjgYo5mBgmJs9aPJbGea3REo7CkMSHtRzMEYQiOepNPERzW15KdMUhhTuopXDQxDAwOaTySOgrc8pOflpPKTHTmnzMDCMRLDrSi3YtmttolyBjigRpjAFLmBpGIIWBPBIoaI+hra8tB25o8tSDwKVwsYnkEjgGmmBj6itvy1B+6KXy0/ujNFxmMDz0pNxGelKeBwabjJyTXo2PLY4Nk5zTS/4Ghs4460AetFkF2NORzn8aXPHWgcjFBXkelA0g5B65pev1pVxz7U1gG5zSZY0nn19qQZPTgUFucAUZ28CmSmuoNjFRncakLc1GW9jQhXQgHPSjG5qC31pMZOcGmCZoWEREbH1NXfaoLIFYORjJqxzn2rlqfEdcNIgBilI5pcUDrUFAM0vBPFLgUvJpDQ2ne2aTHNOA5xigeoAAU4CjAooFqAANLjB9qB0pcYoGH0oJJ570uCDk0Hk0BuCnjOMU8U3qKeOgFDGNAOaUd6XpQMUDA5oxSnGKBSEJ0o7UtL0HWgY3nOKcOnWkHWnYGKBCdKU4xxRjI5pccUDEHI96B3BpQKCBuzRcAHSjnPFAOM5zRnnNKww+opCDT+1HagQ08jnrSAU/Hemg8Y707gGT+FOAz1pACKDQAdeKMHtS9aB04NABSEnFKaKQwxkUnQ0ozikI9aAEzjpmjqOtOo57UaCGk9iaXIxijjPTmjpTAD0pMHjApetKOc0DGc5wDS9AcHml2gUY+XiloK40e9GM0Bc0pBAHFMBMYoP3uKOcUY5waBhgUhAoxS896QDKdnjnrQTSUBuA6UhxTvpSYpCsJjPemhcEmn4FJtx34oY0RsOOlHQe9OOOgppGKaGICSelJThmg+4oYGCtBIxSg5pOoxiu88wapOaXOM+tLt4pOG70OxNhuARknvSsSTTsAUh+bpxSuNJjdx5NIc44pxBCe9NGT0/KmPXqN6HpRyRkVIwyMd6jGRmi4mrBtzQyk8A0m40p9QaGMYcqccUoJPSkHJ5pVQBs5o9Q6mvbc26k8ZqbHFNhXEaDvgU8Yzg1yy3OyL0AH2paBxzSjkVNirABjvR05yc0Kec07GaBAOR0pQMd6BzR04oKuAOaUc0DrS559qQBtOKXGOAKTOT1pwIzQFw6r1o4xzRgUo6ZoAAOOKcBSAUvFDAXHNAFAOaKkYdqUUnelxmmAd6KXHNNLYPPegYZwc4p2c+1RSSBVyTjtUTXYUgEgZ9aNxXLBzzjrTiccDvUAlCqGOMHoQetI92sZOT+fOaAuixu4PNIGyQKoS6nBH85li8sZz82DVK68SWNlbtcNMHRVydoz/k01FsLo3WbHWkJxgE15NrnxUvjIqabbxxx8/PIMlv8K5aTxzr8szt9tbc3YAYH0FaqhLq7Ccux9ACZG6Nx609CGwc8Hp7188nxl4h3rm9ZQvYKBn61t2PxM1O3dEvCLiIddvB/wDr0OjbZhd9j2wt2FKre1ed2PxH0uXY0vmxnGflX9CK6Wy8Y6RegeXORk4y2AAfeodKfYakdCc0hFRrMrruBGO/PSn7h61Fihce/FHelyCKXFAhPSjHGc0UUDQhOOKUDjml+tJ0+lAgNFApQc8UgG9+tByKcetIOlCASl5oox70MBMg8UYNLSZoCwdBzS0hpc0mA1gaTGOacTSYOO1NBcaOaM496UdfpQBTKG4OaMc8Zp5Wm8UriDHpQBS9qQnipAb0o60vFJTAaVwc5pelByeBSc4pgJnAJxR94Uu4njFNOfpSYGCpAIBHHrQwzkA8Up5OKaykdDiu9nmsO2etGAaQgYxS5+XFFibAetIORQBQcEYoKV2MbHXNKpJowM4pMHPBpi5he+TxTcEmg9ORRjjrRsPqBI6Y+tBAApO1GTmkFxmSpqRDuxnpSDr71JAAZAD0zzTew0ru5rooUAHnAxTsAdOlIOlHfFcj3OtDh706mZHPanAfLikMXrS0nal6igYoHFA64o70uOeKBiHrTgPSjFKOnpQAYHQ0oAox0zS0BsKoA6UYpOtLSGAxSmk704HmkAnpS96D1o57UDFxxijGKOlRySFFJxQBIcHvUbuFxkZqpNfCIAALk9ya5TXfGElmmyCeNpMEjC8jHrz/AEpxTbsgbsjq7p4zGwcEZHBHY1w2teJp7dXhinVfvBpNowO3Q1xmpeLNZ1BXSTUTGrddigE/iK5t5nYkyMXJ7sck1soKGrZN2zrJvGurWUoEWoCaE9FZBgj6dqsDx/MqK6AIx4KEnA+neuDknAI4zTGJLZzQ6seqBwTOnfX5kkkklfzmkydxPIrIv9UuL9wJJn8sdFzxWbJKxGGpAeAc0Ot2Dks7onkkLDGeBSKwRhg8+tRFweM80K2OOtYOpcpLUugrLnc5B9TUYhXGfMBOahLHoakQrnGanmZdizEpiddhJ9sVbDZ4IxVRJCnIGavRTIwHHPetI1ZJBY2LDxPqmmyxmG43qoC4kXOBXb6P8Q4pwI70LC/ZmHyn+tecCOCfGHKOOx6UvkNEQTz6EGj2t9GRyvoe/wBldw3sCywSRuh6MjZBq0G9a8W0PxJLpEyFnkaBeWjDY616po+uWWs2qy2suT3RiMihwuroTdtzW/Cjt0pFOaXORioKuHakpe1JTsAoozS038aQMCc0UUUxC4pM+1LzimikApPFIO9LSEUxhgdOaWjHGM0nPFAhfwpOKXPNB5NSgGbTSjNGT3pOp5qgFJ56U3k0vYCgg0hic54pDTh60meaBISkpc9qTpQMDSdqM80HFFhjeRSbsnBFO7U0cnNFhGF25PNNBVsjnIpxwAaaB3AruSuee9tBNuH60vUUuAcEUh5PpTuQ9EJuANGe2OaCO+KN/fGKNATEHXigjnOcUowOabwSaSAANwoODxmlb7ox3pDhV9TQMTAxQTnqKbu6inHpk0WAZ39DU1qpa5QfiaiyDyB0q5YjMme9N7FQV2aI6Uo9Ac0Y4x0oAGa5GdYu0dDS4wKO9KD1zS1KADnrTh096TIpRz1oEHFGKUYxQMHigAHPFLt754peB1o57dKCkAwRTu9IBSikAc9xSgUdqOKAExS0tLtoGIDS8d6aeDxUbXAHG05oESlgvJNVbm7hRCxYMF5IWsvUdagtMltzuRwqjj8+1cHrfjVshbcIAM7th4z7+tNRciZM0/EOuQW7SyI7NKFwASMflXmt3ezXEjuXIB7etMuL5pzukdmYjuaqM+5ORVNqOxaWpC5LHPPWmyS7BgjnFPztxUE/zjI61k5XKIGOW61IGBXOelQmPHU0qjA61NwJOM5IzQ4dxkHmk5XB7VIH7j8qLgQAsOvWgOetWG2Oc4xmmGIMMipYkKko4JPNWYmRjjj61SMLgZ7URuVPNMo2Y0XA2PyOoIqUKhO4KUY9geKp2c6scEZzxWg1vLEQQQy9wetDYBuVWw4q7DMQCy4YdCprMBWR8q3Pv2qZZtnyg4PeldgWZTuzzz6VHb6ncabcB7eZ43XnIbA/Gq73JOc5OB261XlZXDFiSxrSE3HYmUbnsfhjx9basVhuylvOuF5fAbPTFd1G4YAjkHpXy4sjQurxkgjnrXrngPxulysWn6g/lzEgIf4W/wAK2cVJXjuTqj0qijJNKOlZFiUUUUCDHFJjBp3JFJ0oAKTvS9e1KV4pANxnnNBpccUYoEJjB5pSKCDRg+tACE4pMdx1pSBRQA0g0AY707OKTrTGNx370vrzSkHijilcBoBoA+al6Gg80AMNB6Zp+BikxhaLgMyM004PIqTgZBFNIPagBpBoxS5x160v86BnPDkZxSbcg0oJ7UNkdB1ru2PLQmcdOlLx1FNGMc0d6poYueeRTCOeKU5HOKTOelJITDmgDBzQD2oGCcUBYU4IxTCO2aU5BJ7dqPvjpzRYrcQADPfFKCWBHekDE8YpMnOBQxtC42ir9gCQzbcYOKz8nIHatOwyYmI65qJ3sXTWpczxTfal6AetHeuc6bWFHFHU0c44p2fTmkwuKMehoI70gBxS9+aAFx0xS47ijpS4460AB5FIMmlB4pQMHNMYtAopRSGFLxScZp2MCgYlGce9ISfSqt1erawszsqgdyaQD5rpIhl889lGa5nWvElhb/LLIzPgHZHz+dYuv+MVRTHBgg8bxnn6A9K4K/1Nn3SuoUNyFWtFC2siE23ZGhq+uPfysFUpECTtLdT61zdxKjfdGF7CmtNJcHIJA9BUj2pSDzH4HpSlLsaWKYO9s04k45p8YDtgCiZCoGOlYtlIryg7Ac4qLPGDViRlEW0jPeo5YSsSSA8NU3EMZQY6iZDjIHAqxGCY8kdelOVA0TgjmkBWVcikKEfNT0BSXb61MVBXFFxlfG8fL1pUYqeR+dPaNkBdQSB1wKUYkTPcUgJMpKuVGPWoJLdgCQuaniiI57GrCL2wcGgDPhIU9SDWxaXWE2StwOjVC1qnBXj1qCSIIzDP0qtwZekw7lkIweT61W81kz3qMOQvvSF9wGaTAQyEtkEg0FiwNIACc5xTQ2G4P4Urghc/LhqltLk28oKk8f54qNyHxTdvOa1hNxY7HvngvxK2p6ciXJJdFUBxyGzwCfQ8V2AORkGvnrwT4hXRNZVZzi0mwshx930Ne9WkyGMBXDA8rjoQe4rSok9V1M9mXAaMcZNGOadioGNzn8KAKMYoP5UAHSjPFBFHpQAZ55FJ1pSM0Y9KQCEnOBSH60ppOaLBoFAYY9aOvWlOPSgQn4Ude1A6Uh4/Giww9qTg0tBFMQ0Z9aADkinY60mO9BSEzxSbj0xS45oPHAosDG9+aCaUYA5pOlKwgNNPNOOetJRYDnV689KMnOKQnBNKq4Oc57132PNVmOYZGRTOM5pwf6GkIyaWpTsw7daQEL1pemeOlNJ7etBNrAD3xxRjk4pUGQcUnKtzSYIO2DQPToaDz3xTCeo5NNFNWFGabnn3pxbABFJ95s1Qr3DdlsAVq2QxAp6day1Qlu1a8G4Qrk84zWdTYule5PjJFIBg8jijkgYNLznrXPY6UGKUCj1pegzSK0F7daNvNIPenc54oEKBilAoo7UDsLj2oo5pRzQMQnFKGH40EAiomRlOQaQEq9SaXNVxOo4ZuT61KGXGcigY5mwOP1rmdc86S3mKn92FOSDgDjrit6UlgMYAPrXJ+KbnyreS2WbBdMsT0Ve4+tNbi0PK9RJ3M8fCDoc1hyM0h+Yn61f1KcysQr/JnjFZxycAGnUkxqxat/kUEngVLPcm5Q7GO0etV4omZSOcVYnRbbTk4/eSMfwA7Vi2NjImQRKSeSeoqaVkER+Uvx1rMiY+Xkce1WUkyhBbOf0psdiGQgpwKlkX/R4u4x0piDkjrmnMmMMenpUDHsoFtG3c9h2oWJvLL4wKfIoSBMD3xnrU0SrghuhoEZUigHcKntyshKggEetTTwKrkAHaemarRfurgHqAeaEhku5kYqeFpDEvLLxnrir8sSOjHO4dj6VQjYg7W69qEguEUm04K8Cr0cqMmwKM461WaHzvmXAK9c1AdyHa3BpgWml2tg8iq9ztO1lY8+tIcED5gDS4JXGN1AEYfcpx94frUQYg+hpxQxnOagL/ADnPWkJE5YHnoaad2M00NuHBxTlODg9KQxUcg81LkOD2qFwAcilBoGiSPKtg54r1T4eeLSEi0q+lBj+7DI3VT2X6V5MSQauWd00BDxsQynNdFGX2XsKSPqRSVOD271J1JrlPCXiIazpMblwZF+UjOScV00b7uaJR5XZkEmMGjj1oJGaUdOlSMbigcUtGOKBB1NJz1pwximk0hiClopOaYBSEEDilAzzSnI60MBO2KCCRyOBRjil7Uhje1GPzpcnNHQ0CGc56HFLS/jQTTATIpON1KRmj3pDEweTSEe1GD0pwzihk9RmeMYppp3QmjrQM5vHPNGcE048HmkwAOtd1zzmrDCePlFPXrn26UZ57UhPGaCVYGbn600DnkU7qaCMUFbjTkd6bk07p1HFKe1MQmeKQkleKcuBnigjmkymtCMnsaDgGn4B60uPyp3BIZGu9u+a21AVcA5rHgTMgGetbII21lU2NqI4HPtS4po9adyTxWLNkBHvS44oxzg0YwcUrgKMenNKOnFAHOaWhlC0o96TvSnrQIPxpwHpSAUoz1FDGGRijr1ooqbDI3iBHTNV3t+6sQPSrvIBOKay5pgZN1FIsZaGUB/8AbXNec+Mru4tbL98InaTK7hkE5FeoX6AQElvwrxPxoTcarvBYquRhjwOgwK0grktXZyE0hduvFRoxL+1OcAHjpTY8b+BWM3dmhs2cTOnGSO9M1L97FDg5C7hgfhU1pIFsmXJyfSod6yQMAMlG9alLUGZAYo1O3YfcODUUilSe5zSAkqM5BpMGW43JOcdKseYjbkK5BHX0qjG+G29jVgsquMmkBLNuMS7f4O+amjYeWMHPqKbDIkiNGepz+IqqkpVsEYIPSqA0JGE0OVXDL1rPGMEE81bjlHPAwRzVWRPLbg5GKQE1vOAgQtwOOaZK2JQR0z1qq7fLlOGpyy5UHqe9MC6Jl7DBPWq86jOQcj+VQ+aNwZM/Q1MswyCVznrmpYEBO3qKFmZTwakdVbv9KrshU80DHs+7qaic5NOGPXikOM8UAC4Bp9RjAPOaXIJFIY+lHpTDj14pV470CHnO2hH2nijcM7SabkK+McUIGdx4A1GW11kWyTbTKCY1PAZvQ17fZXC3MCyx8buqnqp7g1802Ezx3UM8ZCyQsJFPuK+htGuUu4kukGFuI1fjse4rqesEyHozdHNOGc801fp1p+e1ZDQ1qSlHPGKXHNMYnYUlKaQ9KBAODRR1FGKADAB60Y5oNHOaADFJTiaTPFCATpSd6WjGKAE/CijB70UCEA9aMUvWkoGIaCcCjp0o69etACe9GQKU+9Nx+VAHN5+bmjb3NL096C2Tiu08wZkKaXPtxSNgHPrS449qYWFPIGKQZzg9KM8e1LgFeDzSAaeelJyTmge5pcfNnPFAJgM5xStkjIFBPU005x1oGnZgo2j1NL1GaTt1oLYIoY2yezUNOuR05rUwOOKzrJN0pbHIFaQ9Kyqbm9LYOhp/HNN7UtZmzFBpcfjSe1LyuKmwXFyMYNKeVpAM0oGCKBgAAKdjNAFL0oCwe1L3pMmlzxQMWjvzRnFB60hgetLt44NJz1x3pw+tAFa4HyEnBxnrXjnxASM3ayKxLFiNvYDufxr2e4kEcTuRnA6V4R451h9Q1OWJEXy4mwHB61dNPcL6nGSk5696TgEUp+nNN781g9yjTgbaVwc0hIilO4EKetU1kxgg4I9Kkmn82MMOTRzB6DbiApISpBU8gjpVUgrV2GYSJsbjFQTRlG6596TAgU4PNOJZvpSEHNC53Uh2JEcjnuKkGGbd3PWo2UbMjrmljmeNsDkHqKLisPLMD70ecSmxugprHJyvFRliT83WncB0hx0PBqFSVbOal3LjBqMgDkUhiucncvQ0JIQPm6UsbhgQwwKZ0J5pCLWd0YUAE5qNzuyD2qJGYHjrUrSeZ97gjvTYyEikOQeQfyp4Yq3y04zM3B6UkxEYpQec0hyBSbtpoeoIk4PGKcF7GkVuaUnJxQMDjrQw3AEdqRQRkGnDGOKYMu2QLSxrnAJAP0r6G8LQ+X4dsRtAJiH6d6+eLI5lC9yeD719H+HwTotn7xqw9ge1bx1gJmyvTgYzTiQDSDoPWjr1qRDhik4pOn9aXtRYY3qaWg8UgHGRQJhtGPekxgUHNL7ZpAhOhoalAJpDTAOvNBzmhTzSfjQFgPTpSZpSc0UAJn1opeKTFILBRnijoaUYpsQzHNBGOTTjSY5zQMTFN5FOzk0cHp1ouOxzR+XBNIWyelKfr9aZnGB6127nlinGcCjAoOKTIPTpTHcQg4zRzjijnPtSrkt04oEhPegEGlPANIoxQmOwh5OPSl/ho/i5pwGBQJK7Gk/LgCgc845oODx2PWl/i6UFaGhYj5GI6g4q50qrZBREc9c1a6iuee51xWiCnDikA4pT61mUKOSKX8KaKeMgUWAB05oVfegdck045oGANGM8DNFKPakMOtOHXFIBR3xQMXHPFKFHXNIM7v6U7gUhBjFBOKBTWA2ZzTGUL0yXZa0h4yuWk9BXlHxB0BrGWOWFSYdoAwP8+texxRhEYgYLHk+tc140s5rrSyLZE8xQSWYfdXvj8qcZWdiWup8+SDBx0qE5zzV67g8qQrnJJzn1qkw+bmspqzNNxFPNOVsAgimEbT1pQd3FSNIkQ4yaeXYpg9KYgwcVMIzjPak2FiEjIxQBgYp7LxTRzxQ2VYZntnFIeD705hSY9KSCwKxFOZw3BGTSYxx3pNpHamIjbr3pobBxUpII+aonQZyDRcQrYHIPHpRnioxxTs5OKAHqcd6ccmozzgU8ccdKBicfjQMg80pAHQ0b+cYpCYE547UhFPJXHIqPvTQh2cU5Tls96b2pVOGoKJCCG+tKo5+tAwR704DHWgDR0m1NxfRwgcuwH619KadEYLC2jIwVQDH4V4X4AtBd66SybhFEWHs3Y17+ibUCnsMVutIWJbHAd6AO9Gego4FJCDOOtBPIxRwRS9RQAhHOaToeKMCjr2oGBHvSHrS496SgQp9qQ0lKBmlYA6Ume9GaBTAM80vekxRQMDyaOlJnnilz60rCQZpM+1HFH1oGITmijrRnNMOgNxTQMUvPrxSMcdKBI5k9fajhuBTSRmnjtXceahpGD1zSHB6Clb5jxQBgUILXFBB+lHqBSE9gKNw6YoYwxnjNKMdqaoGTzS5xQAuBSd6XNHBHpUgNpeuPagfrSrhTnNO4JGpaD/R1PrzU+ajgBES8Y46VJ3rnludcVoOopOlLmoKDFL1PNAHOaXP/ANegB3pS+1NBGKcMg0DQuKUdKTNGKQxRS9KQAU4UDDHFKDxSHFGSOtADuDSHOemRQDzS8UAB5qneRM9vINm4kHg9+KukVG4+QkntSA+evGFq9trDo23BGQFHQdOfyrlpABXpnxKsXiu4ZwPlZOw6ZJzn8v1rzdxinNaJjjqivgk8U9B3oYYqSIbu1YtFjwnRjUowOO1KFAQlsYqNmwBilbQaRIE3HrSGEAgg0xJQDyKtROjnDdKkZXeH5cgZ96h2cA1qbVCFQagaMBeOaBpFYx5GcH60jR4TNaEMQKYPenfZsrSuFjFdfyqI1qy2+QR6VQaMZwRTTE1YrlaVQOlSmP5cjtTR161VyQ24FC89uadgUAA0AMPFJT3ppwQKSBiCnELTenWnKe9USJTxjAx1ppzTlOBjvQMcpI7Z+lTKCWH1piY3Y6Vp6dZyXEwEcfmEAkj0HrTiruwz0z4TaVi1vr6QZLMsa59Oc16quABn0rnPBumf2XoUcBXDHBJPfiuiA/KtZ7kC55zSc5FIcg80oHqaQxenFIeKU5pCKAEpTyM/yowKTGKAsFJQTjGKUcdaBCYz0o96XINN78GkAGg049KQ0xgOuDSEUDil6DigBvJpRRRnFACHijrQc0DIGaLCGkc47Up6cUfWg8DigdxOgHrRjIo680HPaiwXOXOBSg8c0h5wKCOgFdx5aeoMfSgE7cGgjvQTxQh7CMcCjqKG4xmlOOKAVwAXPFBPFITzheDS44y3NA0+ggPOKU00Dj3pTkCkwEAINSgAj5hzTc5FOTGQCeKGOKSNhBgCnDk0n0pRXK9zrQUoNJ3pQOKBpC8dqXtSc4pQM9fypDFAyKcOB1ppbJwOlOoHYMc0vekH0p1AAKX+dIMZpe2aQxeT7UHn60Dk5pQACaADpz2pe2aAe1FABjGM96GUEYpeaKAMTX9HTVLKS32LuYcMRmvBNc0ebSrrypQMNkqR7GvpUqG615v8RfC8mobLq0RV8mN2k9znNCd9GNHizgA+9W7SIsM4qtKpU81taXCrW4Jz+NYvQ0iVZIjtx0FV3TH+FbkyR9MCqTQAt96puNmUwbHAo/egDap/KtX7MuOMfjUscICYGKVwUbmOJpA2SCKnSYmr8iRnB2j8KjFtGTnFK6KUWmLbFWBBH45q6qqVyOlQLAn3Rxj0qxFj7uRmi6NIqxE8WQT61lzW+0nsc1vMnpVKSMNncKSY2kzJMfGMcVUddrEVsSQ4wR+VVJ4csCOnemmZOBQzxRV0QAZzjBpggDEccVRHKyqSTTSMGrkkAHpUWwdMc0wsQbeakRCe1PETswq2Lf5c/dI7mi4rFAoc9aeFyc07blutKFycUITRLCgz7V6/8PvDSLaR30wDGVSSCMEDoB/OvPvDGkSavqkMCJk7gTnoB719BaVYx2dqIkJ44x6D0rWOiEWoUVIwijAHQVKCQcdqQelLjmnYA7dKQE5pSKBx3pgHb1pOtLznFHbjjNIBMCkOaUYFJ265oAB70h4OKWkyM0CCjFLx1xTcUIYe9HWj6Ud6AAUueKSikIQ9aO3SlpBmmAUEGikJIpBuOwCKQ4HvQPu0g9e1FmFgxigYpfrTe2TTGct8xXOO9KDxjp9aRSetBBPQ13HlN2HL1zQwB+tMzg4zk0uTnGOtDGpdwGT1/CndqM547ik5PekVcTmlznikLUAEsCKYegDAPNO3e1NYAMABTsUh2E7VJbhWkGemaj5/Cp7QA3K+o5pNjWsjW5PFJ2xQM0p61zM6kIOtP4JxSDAPJooKHYpeaYPU08HikAe9Lz24pO3SndqA3FyepNGKTvzTgaQw60o680lL9KYxcelLjjmkPYUvTGaQC49KKCQM+g70ZINACjrSjkfMRSCk70AL25ri/iDrRsrOGyQ7ROCZCOuOwrtDXk3xKm8zxBHF0EUYH17/ANaqCTlqXCPNKx5tqUAExZc7W6VagMqWCyCQgZwFHf15qO9Hm4EYLsCchetdXZJZt4OsrURKLt7gmQkc4A//AFVm9SpKzsYz20BQFss3fNV5Gt4uAoGPStC6iVWIXgA/lWa0JLnuKyaKSIxM0p2xxA+pNQTXMsLlGjUY/WrawiI7kyDUF3C1wwbcAwGOlRZFWZXW6VztaPA/2TV0R+YMxykkfwmqcdl5b7jIT6cVYRXSQOvXvjrVWQk5dSYCaLsGB9O1SpKgPLAHuCeaN3PHWqkdvFuLspLE+tS0acxeFxGc5kX2+brVeV1AzuDegU5pr2sRACxDj0qKGBILlZACAvbOalFDmjllx/AvXJ60psw333Yj24qaSTPzAcVG8rbRt7irikS2+gjQW6Ic5x25zSRtaBOVx7kVC+50YdDUBikwOMgnitoxXUxbZqKtq6HG3ceaabSJyMIufXHNMig2QYPzMeT7UsPmxNnO761Mkug1qSLp6OcmP8VOKrzrFFMYtzA+hrZt8uuSMZrJ1mJk1KNgCFdB+NZX1sXy21KBs5JbpERSA5+8TwKW4tXs7sxMwJGOfrS2bE3qK0m1MnJY4q/NNBfai8h/1Z2qG9QFA/pWi01M27ux6B8KLQGW6nkUEDAViK9ZC46YB9a88+G0sMUM2njaejxt3PqK9DXpWrs3cmSaeorHBGKDRSZ5ORQTcM0c0mMHIpScDrmgAz70H9KTA6k0dutFgDJ9KTJzSjA700nLUwF7UAUfjRSEw6GkxzQeuKKQBikopO9MEOxkUnelOO1JSAQ0c9elGaU80wE6mjHrQM0o4FACZPpSY4pelJ3pgLn86T8KO+e9HA6mgDkt+BjHNKAR7UD72TTjyeeK7jzUr7jMU8nFIQOnYUmfmAFA+UUdePzoJIOFFKcYpo67qBtJCjnrS5J6Gk3A545pAQKViba6EhxjJNNzk8dKM5yBSZHApWGxd/OMVashmcHggA59aq5GelXNOTEzMf7tKS0HD4kaOc0tIBilzXMdiDGaXjHFIBzil70DuOGMUoxg01R3p1ILi/hRgmg5oFIEx31oBB5FJmlBoKFPOAaXpmjj0oxRcBRjmgc9aMHtRQA6ijjFGMUAL0NHpSZwckClzx0pgBrxr4i7o/E9w5zjaoz/AMBFey9a8p+KFu76tC6AAyRZPvjiiL1NaTtK5wXh8GTVGY8sEOBXSQW7pe+Y/Aw2B71haBFi+kYHnYf5iuhdSoJGc9axk7PQprmZWu4Q554I74rPaLkjPArQZmJy3Q1DJGo5U5HvWLuXGLM8RHuaYYeuTVxkAHSmNEcZFK5okZ7RtngU6GF2Yk9K0EtwQdwFTeUqDaO1UmJo5+9imTlWIB4Aq3axNIVU54Hp1q7LCJdq4Bwc9KsxwBFGAQfWnfQSjqReThQMcCs+8jCbgFPrW1sytV5YS7Z7gcVk2b8t0Y1pHLICWJMf8OamkhYcAYAq+se1QpG3HQYqUpvXA5p36kKmYxgIxg59qkjhIAPGavyWwYZGAe9IISMccetWpaEuBEkZxgd+tSi3GcHnHpVhIlGMjmpliJOSMc/nWbldlKKEtIcHJqLXbQ3Mtq0fD4K9OtasKIq4bH0p7hpZAeiqOKTeopR6HI69aLFHbnHIXacD/PvVCyRjkAcCt/xLHtghyOSx/lWdpkQaJyO3WtU7oz5LSR1vgOWWLxNaIpO1mwR7V7WDnk15V8NtNaXVpLxh8kCkj6ngf1/KvU8iuhfCkLE/Ekh/BpuTQDzSjrTOcM0hPb1o6dqDQIU/SkA9aM4peadxiH8qTHvQTmikAvbikxxQODRnmgBOp96CeeaDzRQISjHNHNGaBhigUvUGk6d6VxBg0UHP4UnU0wCjJ9aMUdaAuBPpSdaU0dqADFJxmlAx06UdKBHKBskgdqTd82DRyPqaON3Tmu888d1+lIOMY60dTigggcUhXsDEEH1pAPlwTSDJbPSk74zTC9xSMEY/OjHPNJz0Bp2ccY/GgFuJnBOR9KcOmSMUgz/FTz1xmk2aDcYq/p/Ct6ZqiPzrQsQSjE+tRLYKfxFylGaT6UucVgdSVxenWgEH6UvGOaTPapHYXjNLnApCMfWlGMcmkAo9CaWkGCeKUGmxi96Wm0oNIYuaUdaKBxQFhw70D9ab19qUY9aAHZ9aUnjim/WlHpQAvtRjikyDxnFKOBigBe1ed/EmIi5spx3Vk9q9D5FY3ifSP7Y0holUGaM7489/UULR3Ki7O54ro0Xk35LZw4K/1rdc/IRms02ws72MKx2554/OtGQj7o6VlJam6RAcZHGcVXk+YHufSrW0YxTGTaM9qykaxXcpMMcd6AcjBFTEZJOM/Wm7eak05UM+QdTTSCD8uMGiT5TxwaQSqOM80A4liKMAjB5qYI2T6Co7bDkZzVo4JwBTbEtxu0YH61E65bGMVY2YPcVHKpB9Qe9ZM1RXYAnkVHsyxwcU5pFDkEn6ikBycg0DtYBEDznmgptGKlVQWxSlQTyaGweoxCcHbyKnjIGNzZqIKA3HyipVjA5zzQTYnXAOTz3qdPmGfWoVK4+YHj0qaJSxHoaQmkYPiYAtbrnJCsSB26YqtpcI8pj0INT6kv2jUHfnavyD8Kv6XYmWQJEhbcR+J7CtYaqxKWtz07wHYraeHUm2APcNuP0HA/rXUcVXsrVbKxgtkAAiQLx696sgV1dTinLmk2NI5FB9c5o/KlNO5ADI6mlA5puaCfSgBTnvSdDiilOO1ACHrxSd6KOhoCwd6DSEnjjPqaXOO9AAeuKKCaSgVhDzQOaWlOMUXDQSikpeooAT2FGaKWgBCaTOOlFLQFhOtOx3pR70qimMaOpo6Gn4xTcd6RJyJbmhmCjjg0mcjp0oIGK7rHmtsMkduT3pckg5OPam4HHWgcHmmADikGQcDFP2im9O1A1sKeTShdwz+lJ1GBRu+XFJgg6jrTvTmmBueRmnryOlAJsAa07EfuNw7k1mgfNgVq2gxbqPr/Os57G1JakwHOadQKKwbOi4vFJyKBRknntQAuec0ZJ78UcClAFACk0A9qTHNKAM0ih2Oc0oPPIoJwaD655pALj34pR7U3tS8DjigExwIo469KQc5pQMiiwxQQepo6DFHGOeKUe9AChQaXFGcCjqKAEzQRzRS96QHmni3SDZai06wsbeZt4YD7rdxWHKQoHHNexyoskbI6qyn+FhkGvJtYi8rU7pMYxIcA+lKWqNYzb0M7f24yaewyOaj24OT1p2MnJzxXKzpXmQEfOfSmHOeRUxGD71C2WGM0PY2RXY54J5NSLbbcH+LFNjZRJlh0pbrU4YOZN3/ARSQ9y3AmDkdO4qRSA2cY5rKttatJ22RSHPcMMZq79oQ8r19+9DaJtZl0uGPXApj8ocDNV/Pz1qKbUYYEPmSBQR3NZyKQySAuTjAH0pEXZRZalaysUSZWNWZ9rMGQD8KEWxEIJFPwC2O9MTjtUg5pMkdt3fhTyPlxjFAIHJpGkGMj8qNtgYcjv+FWInKRHODgZzVLeWPB4rTs9Iv9TjP2GFpSv3uQMU0nLRETdjHitZJmOVwCeTXpPg7w+baNL64XDbf3Keg9TVDRfCF+bhDfRLBApBYEgl/YAV3w+VQqgKoGAB2rrp0+VanPUqacqHHrR0NHbml4ArU5hD0ozj0NB56Ug6c9aBB70HHQUcc0g60XGL0zzSU4j0pv8AOgBO9KeKBQTQAhpD0NLxR7UAHJ60E0h60tMLgCDRntSHg9KBSELik780p9jSZwKAvYCMjijPFHWjFML3AdeacBk0mM07oMd6BBjJAp4ABpFGeop2M0rAgxTdpxTzxSHpTsUcWm4Ic45pobBpc8UgznkV3HlPVDiRgZpFGTntSqFY5IoIKt7UXHZi5UEkU04HQ0dT0pMkNntSQ03YcoJ5zQQeucUHgD0pCc8HNDHeyFB68UocsPSgYJ4oAwTjpSGkKuSeuD7VswfLCoPpWOvX3rZi/wBUv0rOexpS3HijtSZFGRjjrWJvYd0+lLnNN96d169KQwNOAINJnn2o6d6BocfagflSfSgH3pDHUvU0g96Xgc4oHYUdaUk9zSdqTqKA2HA0ZGeDSDFOoAOTjinCmjg04nHSncAI70oozkUA80gDtml7UnvS5FIBCK838Xw/Z9ckOOJQG6V6ScdK4rx1bnNrcKvByhP8v600m9Co7nDMCPxpRkDANMJw23BI/lS7yBtx+Nckro61sIwwKiKE96nx8uTzUTDnGcVnc1jsVWU81RuYt2Q6nr0rV2KSahljGPemmU3Ywvsyq+5Ux6cVaEsyEdcVb8gs3A4pWhXA6im7EcxVWaSRiAdvvUE9msjbpNxz6GtGOAc4qVYQcbhketTYd3YybS3jglyAQa2oAeopRboBwNwPUEVYjjCjiiTVikJt2jjrT0xg8c0EYPJ60gIyagpDmztHNRs2BxQz+3FRswIxmlcWo6IktgGvWPB1n9m0KOUjDTsZPw6CvK9PtmurqKBDl5HCivcIIlgt4oVAAjQLx7CumlHS5y4iWyH559felBGaTNL1Ga6Focouc9qTOeMUAnOaOnXvTGGeaQ9aXgU3NAC0Y4zSA80fU0AAo60Ug60AKetJntSk+1IMUAGBRzmkJ546U4GkISjpRxSE07jA9aBRkAUoAPtRsJiZooI9KSgEBz2pRnBo7dKcq5NACqOKcBzRtpelO4hQKftPakA4p2cDI60DGnOMY5pG4607+ftTW5oDU4kYA2nmmlccZpw5OaQgHpXaed0AMaGJY5HAFIDjrQTxmmStRwY9hQVOM0gOBnFBbsaTK20FKkj+dIeuRTSx6U72zRYQAZPXFOIYd+KbnjApVbtiiw1sOjPzjHrW4nIGBisaAq8yAf3q2wMDisarOiiluJ3pehozx0pvesTYdnigUUHpQSOzSjmmDpxTsnHSgewvTqaduFMHNLxSHccCKXrSDntSg/lQMOKXNJjuelKcGgY6l60znjFKDiiwDwRQcZOKaKUGgBc5p1M6Uoxu60AOFHekPNLnj6UDDpWT4ksft2izxry6DzFx6itbg0hUHgng0bageJvxzjpTM8Z71reJNP8A7L1eWILiJ2Lx/Q1ilsNgHPtWNVa3OqD0H7uQKODkk00nDZFRyHcuAcGuc1uBYZO080hDydulQBwp28ZqvNqQQFY+T60MLtmgAIyMkDPqaY4yMjGKxDdu7Dc3zDvSecwJIJpO5UY9zcQH1GKlRcrkHI9q55pmYcnmnQ3ksHIkI9qVma8qsdBu2ginLL271mwaokxCyYVj1NTvIobioZFrF7cHGO4pjNt6VVim5qQyAn+tTZlIkZhj1xUDPnHGPekL5zjp61Gz89aLCL2na9DoGpW9/LCJgjH5N2O3WvWvDvizSvEsJexmKzAZeCThl/xr5x1O7M1xx91eBUdndyW1wk8EzwzIch0JBr0MOouNpHFXd5H1cKD69q+fbf4heJISp/tSQgY4YBh+tdAvxe1MQbGs7Zpe0hyB9cZrXkfQyasj2HJPFLzivAr74i+IrwsDqJiU9oUC4/HrWPL4q1ediJNUvH/7bHFWqfdgkn1PpTk9qTIzXzbD4p1m15h1W6XHQeYa1rf4meJ4UCm9R2/6aRg0/ZX2ZL0PfCePakyDxXhZ+J3iUuD9qgHsIRij/hZ3iVT/AMfMDD3hFL2Uh3PdRSV4k3xT8RsBta1XHX91nd+tM/4Wf4jDZ+1xcn7nkLgf1o9lLugPcPaivI7D4s6hG4+22NvOn8Riyjf1FdbpXxH0HUpFillks5T0E4AX8xQ6ckFzrzRnikVldA6OroeQynINFZ3Eheho700HPWlPWgBSOaO9HBHSjp9KADqcClHHFH0p2eaBCEelOA9DSAY57U5fpTHccPelApP5U4DHWhBYUYpSMjntSFcU7nHNACZz7U0kUEHFNPtQCOIwQBSnpxxS/M2KRiM8Gu255g3rjJ5petKQCM55phIB5BpjWg7v6mjAxmjgHjNAG7qaBJaicA0d+aUtgYxzQAD1oDcUYxQOKTJzyOKUlTwBzQUuxPZqPtIJ6Vs59DWXYDM59ApNaeMCsKu50UlZC5pOtAx1o4zWRqKevNL3zTTyPWlB4oGKOaAT0NA70tIQHr7Uq8dqByaOlA0h27ijnGabS0gsOPvzSg5pmeeKfnIGKBoXHHWgU0dadnmgYo5FLmkJzRwDQAuaUdaQcmigBTwT70q0lAxigLDupoxxzTc80vXr0oA5/wAW6L/a2lM8S5uYBujwOSO4ryljt4HXpXuxOcY615L46tLKw14LaSoGmTzHhUj5Dnn6ZqJrmVjWlKzsYYfuTmopHU1XjukeQx7hkelSkjpXI9GdMXcq3MfmKSDismRXjY5OSeOlbzqmRz+lQyQRvye/ejQpGEWkBpRLIOoq5LbtGTtAIz1qEx+orSyaKV+hAZJDwKVfMOdwqdVwT604A9AKlpF3ZX2yZ+XitG1EgUbicCmwwjdlicVcGMAdu1TKxN2Pjb5sdKnZiFwGAqqQNoNMLnuazdguWDIu3PNU7ibAJFJJIV4zVWQ5QnPNCBvQxJ3zIx6HNRxud3JpjEljnr3pAcGuuGhwy1ZdEgzS+YVqEN8vvSF/WtOYhk3m7gRQAAPeo161JnFK4LQcDnrT84NRdTTgwPHpVJgyXOTzS5HrxUG7t1p272p8zFsT7/SkLDrUQfHFODcdKSmBL5nHHenLJxg8/WoNwoMmOKtTEdR4d8Y6p4dlItpw8HUwSZKt/hXsPhnxfp/iaLETeTdqMvbucn6g9xXz4EHB71Pa3k9ndRz28jRSxnKuvBBrXmjP4vvE21sfTo9aQDnNcn4J8Yp4ktTDcFU1CEfOo4Eg/vD+orreSelZSi4uzGncBTqQdaUGpGA9aUdeaXHFLigVhQQacOKQAYpQOBTAXgGlxSAH8KXpQMcBk0hODzSdqX070AGe3rTG4yKcfakPNAjh87c4PNIWJAzxTVOeOtLnp2ruseb6jgQAaaDz1phY56dKUjPJ6UCuOB9+aXI9aYMHjGKXaQKBjufrQSRwOlN9s4o5zzQUkKMgUqnHWkXknHSgHk0JhoaOm/fcjpjmtDOTVHTxiNifWrornqfEdNPYXvxQBzTT604GszQCPSlHp2pAc0pznikFx2R1opO3NGaCug7tRkelIPU0o60CHDgZpM9BSA+tLSGKOKXPFN4pwxQIUClpBxxR+NBSHdaM0gpNwzQMeKXOKbmlBFIBxNIOOlIaqahqllpNsbi/uY4Iu248n6DvTQFzOKSWWKGJ5ZJFSNRlnY4AFeXa38X40ZotFtAxHAnn/mF/xrz7W/Geta7kXt45iP8AyyT5U/IVapStd6Ad146+JW8/2foNwREP9bcLxv8AZfb3ryg3s3n+b5jFs5JJ6/WmM5c57VCOXpznGMeWJXXQ6iyMM4E6Ha/92tFDz1J+tYOl5zgYH1raikB4IxXBJXZ0w2Ji3zEkUhfnGOKMZOKUoex4rIsryqm3LE57c1TlIJ6cVeeMkYNV3hOcKfzpplR0IVC9FXn1qwFCj5eKQQkNmpBE/fGKHId2M3cdKeGxxSsn7sc4NKE+XjrUXKE6VE7ge9LI4Vc1VMjE5zUJXJY4ZLH371XumxG1S9B1qreybbd8kDtWiQmYzcE80gOKaTThXTE4nuSA8UqEE80wfzp+MADFUhMkxxn1pSR9TTFPalB7UJCJAeKN34Go856mjNO4x3OTg0u8+lMBxSZ4pksfvJNTK+Riq47elS5C0ugWFLZbk0E7mzxTSRnPWgcCmgsT7ioAzmlzx1xTVIxilUDrmr5hNF/TdSudMvIbq2cpLC25WFfQnhrxDB4j0aK/iG2Q/LLF3Rh1r5uU7feus8D+J/8AhHtbXzWP2S4ISYdh7/hW8UqkeXqQ9D30cc04KT7UxWDqGVgysAQR3FSA4NYNMtCkcDmlHHFHWl70DCnUlKBimIUEUZoxntSjFAWA0ZIHFJ396XFFgE7U007HFNIAoGcMCwBGAKQ5C8ikDDnOadk4/pXceYpXGblI6UobC880n4cmlBPpTACdwzRye/FMJ7Zpyk+lIXUMhT70rMABkc008Emm7s9aC+Yfu2sPmIFO5Jpo5HrQrfNjmiwJmxZ5EHvmrO7jFV7U5gXFT1zT3OuOw8HHWkzzxRkUmR6VmVoOAPXNLkUnHWkI4ouMd1PBpe5pi1ID+VAJC0Ug+lBIHIoGL9aXnOKTrzRmgB3elzzzTR0paQWH45zQOtNz6Uqn3oGLz0opCeaN3HsO9ACg468Uye5htYWmuJUiiXq7nArkPEXxE03SS0FqBd3Iz0bCL9T3ryXX/F2o67Lvurgug+7GOEH0FUqbe+hVj0PxF8VIbd3ttGiEjKObiUcfgO9eU6nrN7q9y1xfTvNIxz8x4H0HaqMshkbcaiJ61SmoLQnVjmemZJ60g96M81m5tjsLnjFCL81Nzk05ThqybBGvYECVCeTkVrklWyKwbY/vFx3Ird+8M9qxbOiBKs44z19Kn3ggHPBrMZ+dwpyzDI3cVDRurWL7yLt4PNQqxL4xnPNV/Oy2c5z0qQShWAB6+lTYEyzkCgyqTzz6VTe4VWxnmo2uRjOcH2qSkXTIu7gVHJNsHXk9qotdEjpUZcuepzSsxqSJGYu2SfwpOh5po609gB3prQT3BjxWZqEgICZGetX3bahNYlw++Rm96uKuxVHZEBBNPA4pgz1NPWt7HExy8U7PIpuKUZBpiHZxRmkbFNJ9KpAP7UqkHkUw9qdnAx60NAOPSkBpPbvR04pEscDmnE5OKjTAPTin9eaaYyT7qjNAIJpuQeDyKNvoeBQJMlHUelPwD0qEEkc09enFDBkg6dKeDxz0qNWPQ0HG6qjJrYGj2/4Y+JDqmlHS7lwbm0X92e7x/wD1q78cjNfNPh/W5dB1i21CA5MTYdf7ynqK+krS5hvLWK5gYNDKgdD7EV0VFf3+5KJx0znilxmj+VFZFCjpinfzpAKOaGKw4deKPpSdaM8YpAFKc4pPbPFJ7UwHdOKb1OaXt7008c0MZwePak5UdaNxz7UYByRxXceWClt3WnE568UzBAzS5JOW6U2MQNz70vPrTdvzlgaMj1o0BC9D60HHfrSA8E96YWyetIcSTIAz3oUncDTARjOakiBLjB5zxQVbU3IfliUH0p+aah+XFGT0rkk7s6ktB44HNKBTQcEGlz1NSy0KBn604Go1OBzT1x3oBC04HtTc8cUZ96BjzjvSD9KQE4zTutIXqLg4FLg0zIp2ecUDHZ4peDTBS9KAHE0ZNNzz715942+IY01pNO0gq10vEk+MiM+g9TTjFydkB1Gv+LNL8OR/6XNvnI+WGPlj9fSvJvEPxE1XWg8CkWlo3/LKM8ke571yc91NcytLcStJI3JZjnNVmxnPrW1oQXdjQ+SYsxbPWoWfPWkbNMPasJVGxik54ppPNJmkB5rK7YIXPNFIeKKOow70veg0e9DBFuBh5iHPeugDgKODk1zUb7SOK3YZS8YJxjtWMjaDJ2OVxio2Hy8jNScZGeaQjJOOlRc2KzA46ZoBAHJ61Mw21FtDe1K4IYx4GKjHLY71N5YpWAAGCM09AIeVNPGcDFB9MU5VP4UioocOB0oPHU0Bsc5yarTzYzUlrQivLnahjXv1NZLE0+Zy8hJ6moq2grHLVnzaC+lOHTjrTacOlWYjh0oycdaF5zSgcVQADxzQSM8UfSjANK4C8etBOKQ8CkXkU7iFByfenYAFNxg8UHrSAcv5U4HDYqNeDTwQDVIQ5fvdaXIzxzTNxNOHBoESKcZ6mlV+1R5K0oJZqdrlWJdx65py8n2qHndzUyj0oQmSJw3HSvXfhR4j82GTQbmX5k/eWxY9R/Ev9a8iAxV3S7+bTb+C9gYrJA4dTXRRmpJwZEkfUQ6cU4Vn6Rqdvq+lW+oWzqyToCQDnae4/A1fUk55qGraFLYXrSnNJ35oJx0pBcXpSUHkUuaAFHbNJ39qQHNLnmkFhcgUwk44NKevtSE8UAcFjPtQ3yjAGaMnvTS2eMV6B5idiTJ29qaG4NNLALmhSMc9KVg3YbuPembuaQtycD8ajY570xtpEhOT1pi/K5J5qJnAHJqNWyPvUAXNwzU0B/foM5O4GqAPI5q3YkG4U9ql7Di1zK50AIGCOlBNYOoeKdM05jG8rSSA4KQrux9axZ/iHBDhn0u8CE/eYYrmVOT1SO/Sx3OcYpQeeaxND8RWevW7yWokUxkB0fqM1sbumKnVOzC1iUHn1FKDxTA3BGKUe1K4x4NLnvUZyMU4ZNIQ8HNLmmfSlDd6AHkgdKAfSkyM9KO9CKHdPxpajJrmPG/ikeHdJxEf9MuAViH90dzTSbdkK5z3xA8cyW88mkaXLsOCs8y9QfQV5XLISSckknJJpJJC7s7MWZjksxySaiZ8CtZyUFyxBK45nB4xURPakzjmmM3pXO5FbCsfem7qbRUDDOT0ozzSc0UABOKOvNIeTS5xSAMmjGaPelzxQAoOO9aNpPwFJrNp8bEGoaLizoUfevHFP3fL1rNhn+UCrKy8VkzdO5MHDZDcYpSy4AHWq5kGe2TQX9KkpaE2RnrTGwT1qEv60nnD8aZV0T7ucfrSl8AjNV2lAFRSTfL1pMLkzzbM89qzJpyx68Us0uTjNVWye9VCOpnUqaWEJ5znNHOaTHFKOTg1scw4cDNKtNxjilXpQBJzQvBpB0o74piFzk8UAZNB+UcUBvWgLjTmgUjHJozQA/PekzSDikzQMeG9qcAOeajFOBwKoQuSTxSqfm5pu7ketOByeB+NAkSZOMU5eTk1HjHenocNz0podyUKDyTTmcHgcVE0gBOKj38cc0CZaVwOtSLKAAKpgMwBPFSiNgOTTi7Buj2L4Rao7R32msSUXE0fPTsRXqY6ZrwH4aatFpPiiJbg4ju18jcT90noa99HSuirq1LuRFO7Q4dxS9ulMz6070rIvYXBAozRSDOaCRehoJ4NH4UmaCri9Rmm9TS5z2xTSO+aBXOBw3GTilJxxTQeDmmg4PrXeeUxxYDjFIx54PFJvBPK01jg9OKRaQM2Biqsr9DT3c8n1qnJLt4600DQ9pOM5ppkAFU5JeDWdqeotaabNKhAZV4PvQ2NXLGp+JbPTG8shpZv7idvqawbzxvczQvDbwiAOCC+7LD6VyLTNLIzuxZmOSSeSaZvOT6VlOolodEaKa1PQvDvjTT9LtEt5tPfcPvzqQzNW1rHjbRZ/D9yYXSaV12CF1wcmvI/MOOtR5yfvda5005Xua8ulj0j4XyOb++DH5PKXJ7ZzXqAkGK+c7K/ubKTfbzyQt6o2M1v23jvXLVcfbPMH/TRQampJyndGrbaPcFcY5p5b0rzHSfiQ7sq6lAGB4MkRx+hr0K0voLy2Se2lEsTjKstTfWzJ6F4c4JNO3ZqFHzTwTk1QaEmcClzzUfbpTh05oAfmjPNNzS0ANnnht7aSeZgscY3MSegr578Ua7Jr2uz3buWjDFYl7Ba7r4m+KPLT+w7VhlhuuG9uwrylmz04raK5I8zDccXHpUbn8qCDjrzUbMa5m29SkLkCmnpSDmggjvUtgwpDSFuaCM1Nxh2ozijOeKDwKAAkkdKA3rSZ7UowKAAMKFGeaMYzQSBTAdn1pVPIpo56ijAzUsaZZVipyKnSXA5NVk6CpNvGaho1iWRKCM0hkqtuIpN2e9S0Vcs+aMYphkHaq24g0Fscd6aQ3InMnPJqKSUdqiaTFRM2adiOccXz9aZ3pKMmqSsQ3cUmgEfjTQacPpzVEi9TThSL0pe9IBwOKPek4pc44pgGc9aPftSd6CMUCAkGjgU0fXml4xQMU4pPpQaXr0oEOA6UrEY4puDQ3ApoGIBUi/dzimIAaVmx06UNiF3kHNJ5p6d6ZnNOVeM45ouNIcqknJqwgUYAqNQSBT+QenFMQ8Z3c9Kl3DqAaiBwOB+NO9yaEyXoWI3KkMjEMDkH0NfRfg3xEniLw/DcZzcRYjnH+0O/wCNfN3mHoeBXZ/DrxCdF8RxI7/6JdfupQTwCeh/Ouqm+ePJ9wttT38HIpcgGmj2pwB+tZj31FoBPWjuMUvPNIYZpKAaXINIBp5NDDjNKRjmmnJ4pjPPN2epwaaGAGM1Re+jUffG6q7X0apyx3V1866s8/2TeyNNpewPFRvL+7559KzH1BQOT0qF9Q384P0pe1h1ZUcNV7F+Sb5OTyelZ8kpDZLZqB7tic44qlJdEMSEODUSxVNdS1hKj6Fp5gTkmsTxBMP7OdQOrrxRc30iIdoyfeud1C/mnbY549MVCxMW9DR4WcVdlA9aYzE8DpTjkjAoVNv41lOV2XFWE8s4zTADk5qxyTjHFRvwelQiwVuxo3Z4poA65p+Rnii4EiyEcZ4rqvCHimTRL4RSsWs5jh1P8J/vCuSzzzTwOQaaavqC7M+kIJVdVZWBVgCCOhFWFORXAfD/AFt7zTpLOZ8yQY2A9dtd3G+VGafkDjYmU4PNOB55qMNmn8k0xWH5wKzNf1qDQtHnv5mA2jEan+JuwrQzgY61438UNWe819bBZM29qv3QeNx6k1rSgpyswv0ONv7yW+u5bmZy8srFmJqkfrTnPQd6jpVZ8zsgihQT36U0nmlzimnGcVzsoPWjJxim5pQR3qQsJxjmlBA4pDjNIaBikUD0o96TJFABgg0vP40pPrSUAGc9aMCg0g96AFHXrS5xTT7UoJNAEqORVhZVI5OKpE88GlVjUtGkZWLRZc8MKTcmOvNVd1Ju96LBzE5cBqjdznNRk5FGeKLCcgJz1o+lHWjPtTJDOKSjIzRigAAzThmk6UvNMGGadnNIBTulAAPrS55pM044ApCsL9OlMbmnE+lMyScUWATq2KXHTNGRmjrTC4Eg0Ckz7UtCCw7PpQSaFOBQTxTELnbUbEnpSk4HNNUZPFIZLEvc1IMc01R8tKDg4xTFfUeMgUoJbmgE56igk9KYrj1Ix1oOQaQHavA5o354IphIeMcDvUyOwPynB9RUI6ZpVJ65FVBtO5Nj6W8F63/bvhi0umOZlXypfUsO/wCNdCOOK8g+DWq/vb/S2f7wEyA+3WvXgfet60bS06guwvekJoGe9Gc9BWVhh1HNH0o96DginYA3e9NOeuad0pvvSGeIByWx/OnMyD5eM1UMuACc1G8wPNeY5ya3PTUEloi9kEdABTGkHQYFUWudoA6VXe6yQcnj1rNzl0LsX5Z1HU1SmugFO3iqkl0S5qrLcBuMVldsaghLy4IXORxXPzSM8pY8k1ZvZmOVBqiPU120Yu1zkxDT2JFOeaeD3qMU7ovFdSOSwB+tKSG61H1HvSrwKBWEbGaQNzxQ2c80gHegZL2wacpwQaiycinNyKVwOl8I6n/Z/iG3lY4jb5HHtXtsRyOT9K+dLWQpIpUcg5r33S7j7Rp1rLnJeJWz+FNvVBLY11PAp4YVChwPrUikY4rQVivqV7Hp2n3F5J9yFC+PWvnO9u5L28muZmzJM5difevYPidqH2Xwx9nViHuZAnHoOTXirkda2g7U2+5G8hrdaTtTWYGgNXKzRC/jTC3PFLmkPNSMXjHPWkxxSADrnmlye1IBCQBilOTwKTr2oHWgAzxiincAZpvGaYwzzRk0ds4oHWhiFJJpDz9adxTR+VAIAfWgYJNJ2pRjvQCDPoKQkkYpcUhyKQ7gKKTnHNL24pgB68UnelII7UnakAp6Unaig0DDvRQKWgQUuSOaQHmnYyeaAFByaP503FOA70CFHvSn9aO1HPWhIGHamd80uTgk0h5qmAmfSl7ZJpo5pQPWkAA88U/kDpmmLyaf0FAxR0pCaWmNjPSiwhGbkinpxUfPWpVGRQA7J7GjOelJjFKo5oQhRnPNPAPrSAn8KfgHrVMTF4xQc4z2pgOKdnI60kDFJ9aUHHbihQD16UvAOKvYEdV8P9QOn+M9Ok6JK/kv9G4r6Ozj3r5U0+4+y39vcD/llKrcexr6ngkEkKP2ZQR+IrpnrTjIluzJM4696UflTcdxRk1iMcRSHJwKTJOaAT0oGHvmjPFLnqKbzQB4T5KDuSPeopYNrKR071ZJAOM1HLIAOvFeLGbSPWaKskSkEgc1UkgJHTpV2SUAEDv3qq8hzwDRzalJKxTNvkmoLhdqZGOOtX235xjj2rN1Nmhhz/eqlqyZvlRhXTFpTUSggZpGYsc5pwOB0rvhorHmyldjl65NOYjvTFbnnmkY5PSrTIFU54pSdpxTcY+tGPxpiHOMgZpoHGKXGRmmgmlcLjuRS53fSm7s8UFiBQgZJG21hjINe0+C7+O78PWoVgXiXY6g8jmvEkOTnNd98OdQeHUpbQrlZUJ3D+HHrTsPoetI3OKlHrVSJwcUl7fRafYT3kzARwoXOa1QrnmnxW1KOfVLSyQktAhZ8dATXnDCrWoX82pahcXkzEvM5c57VUYjqK0re7FRJiIwxTT9KC2RSZOOK5my0OyMUxj6U7qKaeKQxM8U4Eim57UuaAFyD14pOneg0cdakBc+tFB5FJTAM0ZPajFLjAoGJmjk0lLkDpQKwvHIpOlBJo7ZNABnNFFGPegBCaUUUhNAxSTSA0UmDmgELk0dqSigApaKPrQAv0pQT0NNpaQMUcGn4/CmAU/pTEBOKKUYxScYxQA0nnHWm4ycUd6XbkdaQw6UpJIpB1ox3zQIVe9L3oB46UvU+1UAmT9KYTzUvUVCevSi4CipR61EvWpc4pB0DPNOUE5poyOtO5xxTJHKcUrMeKaMA80hPNMZJwKcB+FRhu3enfMSKaAkAwPvcUDnkUNnqRxUZOG4ouSyxGeCM19Q+H5vtHh7TpNxYtbpknvxXy7FjOepr3z4X6wNR8LLaO+6eybyyO+08iuiPvU2uwn3O5FJ25pBz1pTWaHuFGD2oOBSE0DFJoJpBjvSHrx0osB4L5hI55qJmPOR05qWWaMfMcYqF7iLjBBz6V4dktj2HoQseOKRmIHAFNeZM46CoWmHQdKV0UPeXavWsDVblpH2joB3rRnl+U44xXP3MhklY5rooxu7nLXkuUr8lsVIM9Kj6c1IpruscDDIFAJzmgjnFN6cZoEPLZpQcCkC5FHbFMYY4poBHU08E4pnIPNIEKMCkJOaQGlbii4rairXc+A3aLU1Kxgq42s38q4QZHat7QNWewvYNuChlUsDVJjPc4uvFcP8UdW8jTLbTY2wbgl3/wB0f/XrtIjlQQcDtXiXjbVf7U8S3MgJMcZ8pMnsP/r10UNdexD3sc+CTkk0gOaapJB9KdmsZycnctKw08nim55pTTazGPJ9KTrSdBSnG3rQAlFFBoGLSd6B0o7UhDs8U2gdaKewWF96BSd6U0AJjmlpO9GKAF6Ck+tLz3o6mgAozSYwaOKQWA5pOnag0daYwyaU5NJRSCwuaSgcmlIwKADtQCaUdKSgBR15peKTg0v8qBCjkdadketMHelwMZqgHEimZ5xQfU9aQ80AFKTTRzTuB71IxOtFBxnilwM0BYf1FIRg0oIpCeaokAetRHrUnUVGaQ0OWnKTSYwKQZz1oAfyakU4NNU4FLwTTJFZqQHnnmkYYzQOnFAIlVgOtPVuuKg5NOyQMA0xsky1NLEYpMYOSaCGPXpQInRwMYHWu3+HuujRfE8Akfbb3Q8mT8eh/OuGQDHWrURZSCDgjofetqUlF6itdWPqwEUtcx4I1wa54Zt52cm4h/czc/xDv+Irpd20cninKPK7ExlcXrSniomnQZGeKZ9pU8AHNIu5Pmg9MVAbhQAeaPtKk5zj2pDP/9k='),(12,'1407020401','/9j/4AAQSkZJRgABAQEAYABgAAD/2wBDAAgGBgcGBQgHBwcJCQgKDBQNDAsLDBkSEw8UHRofHh0a\r\nHBwgJC4nICIsIxwcKDcpLDAxNDQ0Hyc5PTgyPC4zNDL/2wBDAQkJCQwLDBgNDRgyIRwhMjIyMjIy\r\nMjIyMjIyMjIyMjIyMjIyMjIyMjIyMjIyMjIyMjIyMjIyMjIyMjIyMjIyMjL/wgARCAHhAoADASIA\r\nAhEBAxEB/8QAGwABAQADAQEBAAAAAAAAAAAAAAECAwQFBgf/xAAYAQEBAQEBAAAAAAAAAAAAAAAA\r\nAQIDBP/aAAwDAQACEAMQAAAB9DFPT5JSxCWS42ZRitQiMTLp5O3O5cnPoZFloltiLVlVIpZVJaMb\r\nSxlEjIRkXFkMWQxZExZDFkXC5ExZSXFksxZIxmyLiyJjM4SZxcWcSTIYzKCUsUY0OSWejzEpCEqC\r\nWLJkZxmUV28nXnarjZUoooFqwsgtoCygSlULAIlqxRFEoRRKEokmQSllliS0kohbIIilkyhJkMVh\r\nJVcks7eeXG2McpLLFjHKLFiSUmzp078dZTO7Ui2UFBRRRQUioFAUoigAoiiUAAJQiwsoiwAAiiLI\r\nAgqSiKjFVcNjt58aWQIC4qWSxEtXftxy59VrNFBQUBaoApYilFRFUBZQlAJQLCpSKEolCUEABKhL\r\nKAlIi4iZSosIqOAno85KiZQgJKWTLFGWGS9jC8+uxrRsaxtuou26htulG9pLuuim689N90Q6HOOh\r\nzl6HOOlzQ6nKOpyjrcg63HZOtxl67xjrcauxxE7XFI7pxF7bwq7Zxo7HEOxxjrckOtyQ65yjrnIT\r\nqchQ7+aLFWQSxC4hYY45YVlnp251klzu0lWC2C2JalFlAKlUgoKiTJiWpVsgqC3CmTAZMaZSSMmK\r\nsmJM5jJcrrtZzEZMRkxxlzYLM5gM5jIzYDJgMld/OxyiFxEoiwY5RcZYmMz3ta3TeXTlvUXldY5b\r\n1VeS9djkdY5HYON2jjdlXhvaOJ2ZHE7bHC7xwO8cLuHFe2HHescl6xyOtHI61vI6ycjqLyuonK6k\r\nvK6anLOovK6oczphzumVzuhHM6Cczoi8Y9HlJVgMaiUEgMcos7OTuzsrnuWgVSgUFllUFAIlLccT\r\nNozN0xxNl14m26dhkmQlEUsURYFgCRlCLAABKIsWTKCWIEslVwjv5SACLCFJKJFW9vJ152pz6KBQ\r\nKFKKSrBBUwLlw+dZ7Hzfhce3o4cFk78uCy9+3zti+v6PzFPtvR/Ouk/QL857kbyyhJFWxYAJSRYA\r\nShFhFEKYrBASw4VnfzSopKiWCZQxqFgu3q5unHQrGlVZQUBRSBFmrLx67fI+e5d59Lz9eOVY3OjK\r\nZrILnN8XbjlbrbdNk7/Mw0/Re786+6s7BmggLFiCklgoQKAgJSRYsIAefTv5UpUsCwkyglgB0bsc\r\n+fYMrZVWUFJVVYia3k2a/mN/Ppz69unFjKZY4bcVya9xjug2ssTfqwyJlr1m3CDo9Dx9236Vn4vt\r\nJZZKABKhYIIpRFglgCRYqUQRwRPR5coCKQilgICr22ZcussstBSkoWwtwz55OP5jr8fTKatudaNW\r\nzHLHHPWZzORpy2aTft15FkVq2YYmzDLGMcsMjLLVa9T7v84+v2+iY5QAIAARYAiVELbJlBFJKiKP\r\nNlno8tCykkJaCXGlZ4bZekvPsEWygqqCwPI9D4mzhc1XLPnz5tmzRsrbhlnLybGC5tiOLY1WbGIu\r\nOWJllhS3HKIyxrb73z/s6fc7NexAUCKIAEiiLAFgAEoksPOlnfzCWUkKiikA6OfqzrZYx1tlhZRZ\r\nSgBeD4b7n4LU5ZljzszwsuWeuHRdeZswll1zLCzLWGNgtiKBZVtxysz9rxfpdPrcwBBVgEsAQRSx\r\nCUQAVKIDzYd/LMoLAMaFxgW29fJ253S8+goAoWwtlkcHwP6J+fanFMseegBTPbrzlytymtc2xORt\r\n1WCAlmUUEMrMjZ9b8j9vp71gLEBQEAACBAEsLBQIsPNlnfzCLccoyWKCSwbOzm6MdqM2iWgpVFIs\r\njT8N938zp8ph0aOdkoA2bdW6a2bLszvU3Q5ufvwufPm3VciJbjSsluOeOabPu/hf0XbtEACFlgAA\r\nIAAiKsWACWHl2O/mqAEJVBAl379W3HWplmgtsLSoC0GHm+ppT4/xP0T5Vfn8qxcJswL08ucvpbPP\r\n7M9OjFmunDbrOLT3abnldfbvHj5ep0x5WHos3ysu7ms7v0H437PSi5BQAEAQqCwAQlVBAEsPMh38\r\nwKlgS2WVKQnZnMuXdYltgoKVQRRQMeD0cY/NdX1fn14l7NGNc+bCOnPDZnezb5+5rbrZxNOeGpfU\r\n4N3bnh0a8+XTmy69uXgdjCzs+p+a9mdforHXzLAAlCWAIItgFJCKsIsCUvlS49/LkxospKgSqrI6\r\n8peXcIpQBZVoRZQJbhla/PvsEr5Hn7ufGtWG/HGtLeXDrw3TXHO3GXTj1I0Z551NubNmbKXz+D09\r\nG8b/AKLwPqta7h084AAhYIAQoIKsIgBYoHkU7+VcaJYWBQ1N2rdHSOXagoKBQsFtlkBVg8XyPqfl\r\ntNWro18uunHZc6wZDPZMprFcM1nhkVlkY7McxlhZdHpcvrdOfH9Jo6d4SzWALAqEAJVSkgAEsABS\r\nUPHL38qCgLKqWLOnn6pdyXn0qWVYKlKCpVqUWWAJ4Pv6K+Twrn2wZ443rmWyzLLXlLno26samW3V\r\nW3PXkZoRcNidfs6/R78ZS5gAAAQRQLABBFsCykVRKPFJ6PLRKlhZYtA7OLuzrJZjossKqiGSUWUC\r\nWiqISj5Tj9zxM9GGbn11ad+uNWzC6mWjftl19M2Z1Mhbcak26+/WPd6I7cFlIAAARAAAVLEsAUUL\r\nZkSZQ8OHo81QLBUsAXu4u3HSjG1lVYLYLZQlKhcksLLQRy/I/b/KtcSOPViipoxOnd56b9Fxbo6r\r\nz7YzY1Nnu+D9b157kvTiCgAEJYAhSFlgWApKooWyiWHg2PR5qgykLbjZKxq7evl6sdKMbAqDJBbC\r\n0Isq1KUQBfO9DgPlcbpx1vH14YvI2tawmzKb17Nm6SbcbltuuydH2Pxn2fflUa52wWBUKCSy1LAE\r\nLAKShbKLLVAiHhyO/loUgoWpZOjo0bufWozqgoWpQFqEyQuUc0dT5/wq+z8P5LG31PNwh6Nw6eej\r\nDZz3jMy6c7nNMmcKS3VjE7fc8Ht6Y+m2fFer05/QXG3NQVBYVYQS0EAClBRVssEoxyh4MT0eW3EZ\r\nSVURMrLL2bMby7WyS5IKRciFuPjHs8fx3JX2PH8xhL7fiYS3LGTLKSRbLHodnJ2TXPljjje66Mpr\r\nbdWUm289l3a9dW5Y23u38+advzX0/wAxZ6X13530+nh+jPkPo47BIFBAlWVCgoKUKVLBKJYfPpPR\r\n5qQtxFssMsNp2WOXeoigWDKY/K2zw5hpnhjjgRm2QVEoCyno9vnejnXPhZNwsY0hammzDNWUR3a8\r\nOrU2/Pev4kXLHX34dmfHnqfRfQ/n++v0S/IfRR2oigAWUoq2WAAFgA+eY3v5axLUiZXFWW7n6Zrp\r\nuN5dqiWpUuvL46sfKYaIx51ElCAABFqVOj1/E+pm/HdHNnSGdGJMrjZrO41bljnGz1fN9bU8bzPR\r\n8y5uNnXlNmq2bc9VNm7nun1n0P5t6R9w8/vjJKFFQWyxUFRVRAV84jv5ZaMWIzY0z6+LuzvYjn1t\r\nxRkniGj5phskc6iSoQIVKopAAZfU/K/TVq4/Q4c9Nczx56xtgsq3LHKW79W42+rwejZ8xx3Hpyss\r\n1hM9ZmxzFwJuy1XTo+i+Yz1f0q/LfU5LKlC0JRKFBCWHzc8vX6vPty4c+r3dfm+vxuthqznr9DwO\r\nTO/q357nz6/fPkfp40fE9HJvLGznqIUkikioVZaEMoklFPofnu232uDBz65TLHG4ygCXKVq9PPuO\r\n3V2fL9MaWN3xqYybMYtmzAmbDNMrLWWWGJ0fYfE7d39McfZmVLLbjatxsixSxKsHw3mnu82zM03e\r\niY6X5M4ZYmOswMa2ewHiZGpIc2AVCWwAstFkACwi5FejiZ67hz3cQlLLSau4j0Pljrxg1zuJClqF\r\nmVDLITEFyNvt/aKUzVEUUAJAX//EAC4QAAEDAgQGAQMFAQEAAAAAAAEAAhEDEgQQIDEFEyEwQFAy\r\nIjNgFCM0QUMkRP/aAAgBAQABBQK4qSpK6qSpKkqSpKkqSpKlyucg4rdQc48GNUa4UKOzGcaIzjuR\r\n3Am7fhw/EG7/AIezf8PZ+IM2/Dxt+fznKlSFIVwVwVwV4VwVwV4VwVwVwV47wPW4K4K4K8K9XK5X\r\nK5Xq9Xq9Xq9Xq9Xq9XrmK9Xq9Xlcwq8q8q8q8q8q8q8q8q8q4q4q4q4q4qSpU+mB/LZynOVOUqVK\r\nlSpUqVKlSpUqVKlSpUqcpUqVKnOfAHgQoyhRlChQoUKFaoVqtVqsKsKsKsKsKsKsKsVhXLK5asXL\r\nVisVi5asVi5asVisVi5asVisVi5a5as8BjVarQoCtUBWhQoUKFChQoyhQoUKAoUKPct+P4eNvFJh\r\nXyg4RPS+VKvCD2lT7Eb+HspT6gpqvxBHFVCm4mq1fqqxX6utP6mqVz03GtCbxBiZjqDk2ox/r27+\r\nESnVmg1ccxrKtd9XQMhlYoWyY8hUsY5qZUa4esZv4FwTsQ1iq8SYnVw5E9dcFCVuiFKv60sU6k6h\r\nXZWb6unv3ysTV5bX1XO0g6hkSh1DgolAqhWdRqUKwrM9UzvkwsRiGgPfeT01DNqhAQolbrbIiMhD\r\nhg8RyKo6+qbt3XKsWNVV1xR0lDIK2EHdCUHKepUwrlKBtLiCcBXFal6kbdwqvUtD3dSt07df0oyc\r\nIIOX9QiOmtqw9Tl1aVTmN9ON+689MVV+omST1Y7oepULbP8ArYjKVcipW+ppWCqdPTt+XdxdflMc\r\n+SNpQOcJzEOiPVBPbkCp1hFBNWAceY307O691oxby6orumY3U9CFsukSnDuBYQxWbt6an3a5+mv0\r\ndpac5RGc9wLAsurt9Oz49yuPprfPUPCC4Z930427lb41vuahnGRHdC4W3p6Yb914+mv9ztlEdwLh\r\njYo+mZ8u7U+ONZbW1BBBRnCI69kILh/8f0zN+6/bG05TxB0hBAZQoUItREazm0ScKIoemp94rEt/\r\nbfhCWObGQRzaUNJTgrVChQgEGpwzwVPmYgCB6Zm3ee24cv6cbQtJQ0dUCUDmciRkymXL9Gm0BPJZ\r\nAb15NzqoFJMZccGBSqDqPTN+PgYilzKNWg6mmCVEGFCClAoFSiVC6BOKZ8ndGhzgQ6ViNsOHBVJD\r\n6GwJYcFWvb6YbeBCxr6dVHDU2NjoU5sILZHYSrAmw1FHZNblEprU5uWIb1o7kLh3y9KN/BcJbQpl\r\n1cUWUabwoUK0BQnGAwKE5sJrVarcgEEBniPizcdW8PbFP0rfl4WKcGUqzpwzwozDUWyGtjIhRGUK\r\nEEDC3zr7GkWOY3phW20PSs38LiIcaDKjhQJUZR2BqCe2+piGfuUqJuaLR6Wnv4VRstiNQQ0TOQ0h\r\nUxdinRzaTLR6an4ZWKpWu0jdDIqEDqCo0LnU8OGn09Pbw6rL6Z0DqdsgVKuCkFRlOgLDt9Sz4+Ji\r\nGW1sjk4koOKuUyrE3ohqaqTYZ6gbeJjm9cyi1QoQChDUFh2X1fUjxa7L6Og5jponTg2/T6gb+Niq\r\nfLrZSpAReririUHELmlc0IO0BUxbT9Qz5eNiqV7CC0opxyk5Qcg2VEIZs6v9TT38atiaNNtatfVy\r\nhRGgN0yqXqqfiVMTRpKrxZVcdWqq7r9ykZQyhRkNUppim3iDQWuDx6dm3gPr0qSqcVpNVXiFeqiZ\r\n0Yb5EaYUKM9s/wDFoa9n7mEfR4kCgZHpW/HtyAHYygxHiVEJ3FVU4nWeC4kzqo/GpkDlOmUTn/hT\r\nKqN5lKVh8a+iaWIp1h6QbdqvxGnTVTE1KxlFyns0/hvSynKVKlXKdDeuGYUCn/IIOhUuIVKapYql\r\nWHoR28bjOY5Sp7dP4t+2jnPYw/1IFNKJkoOUq+Fh8e5ipYmlW9A3fsEgDGY7md+kelPbTGY0UnWV\r\nKrbarnWsyKByCDoVLiL6aoYmnXHiR2Wb63vbTZicW6u7v0z1pde6FVF1Or0ZmEDlMIJpIOH4iEDI\r\n8unrmBjMVznz4DVw/wCFYRW7bVE4PE7ZjTKBWHxdSgqGLp1/JnJm2rH4tHwQuG/HEj/o7QTQmD/k\r\nxDpq6RplAwsLxHr4TfrRFupvx047F8sHw+GHpi/5GUawgmhPdycBOkodjAYu3wRT5ga91FzqrnJk\r\nVKeYQ20YrEDD0i4uPh8MP7mM+/2Qmpq4lUg94LBYsVW96tUcUa73MG8pry0g81p6I1WNX6ukFX4g\r\n9yNR5TsTVcMJi+W7mtsxFc16niYaqaVWs53OB7IQWG+VWoatTvAoOIOGq87D93/IIIZYb7mK+J+X\r\n95hf+HxRvX+83L+9bU3+D3jnwz+H3f/EACMRAAEDBAICAwEAAAAAAAAAAAEAAhEQIDBAMVASMgMh\r\nQWD/2gAIAQMBAT8BkoKayaMnqGdMaN6gdELp6gdQ1RSFCi6N1nUNxSuVChAKNluKN4fxUWjnqG9Q\r\n3qGcZiNWbAhxjCFSKxQjUGEVFSoXivFRBTvXTGSKBQosPKf66bcYqLv1PdOm3nGFFBcTqNxtrKmw\r\n6rcbagICx+q3I00Fr9SU3I2gtLZRGoLhcKBTYE8dP+r5DpiycM/SFRUp5022RibSLHcJ2cU8aNCh\r\nRkbc4o5xQIIII8ZGVFXc4Rf/AP/EACERAAEDBAMBAQEAAAAAAAAAAAEAAhEQIDBAEiExUEED/9oA\r\nCAECAQE/AYXS6pFXD5DvkO+QfoRZFIrChRqn5BUqVKlSppNJU0lSpU7DvkOxQoAXNc1yUhQERruw\r\nBQAi5TcCiNY4JgKcLSjueZPRttCccjdQ3jzK3UdePMo1HXjKPNQ4DeEGkqKzqHCW3Bc+kXLkvQmb\r\nrjKdUqUCpRo1M0zi/ETh/EBpnzG4VNw1HeY3XTRuq7HEooXM1XZHC9vmq7F0uSNJt5Qh35qG6KTC\r\nm2LSv5FeqNYCUTHilHKz2gK60DYBKJRN8I3BNsBXuY1hEwIGEJ5uCAulRGDiVxCcIoe6+YgjcwYB\r\n2j1eKP8AEfEavxuubgCf7f8A/8QANRAAAQICBwcDAwIHAAAAAAAAAQACESESIjAxQFBRAxAyQWFx\r\ngRMgYEKRoWJwBCNScpCSsf/aAAgBAQAGPwK8q9XlXlXq8q8q8q8q8q8q8q8q8q8q8q8q87r88v8A\r\n8V9/tv8A3uu/eWVyv3S33/CIlQBXEpPKntCuMqb3Hyp0j5XAriFxwVVwPwOaNGZUzaV5/AJlVB5U\r\nYnzZSPt6KIPjPeuDpD7KkM7g0/m2l7uqnwnOplSwsVD625zHDgqPxDvmxPPdGwjuiLajm18cU3Nj\r\nihmxxROalHFOjmpRxROubHFCWbUtMU2UJZObfuo6YhoziCpASwE3BdFK9QUCqP1f83BylnDmqsLK\r\nSnvCv3hRKMd0kQcnGCGyZOcyqsSVd7r7Ibo73ZwR0VBHWF+Gcc5pIkc8GEBqIqGdQHlUOWDY3VAD\r\nRdSofDWIlR553SHPBh1KCi4lxzwtspkWI6DPne2Vr1z5rsCM/I58sCXfAD1ngGjp8AB5hQN9sPgJ\r\nD3iOimOVsTn1Z4jov5bPupvO4attvKhtGlqi0xGc13gKo0uXFAaD2nrbN7qDgqjjRKhthDqFEZlE\r\nqe0+ykCVV2agIN7KJMbAHW1Z33EbtW8wqjvGYQZWd+FWce1r2tT+k7zvg6sOqk6ehy302GqPzbut\r\nXs1FhB9ZqqOnocpiTAKhs+HXXAP7WrXdU4I2EHVgqpnpkxc4yC0byGBd2ttk/UQsogwVHbf7KOSQ\r\nHAME9O72vZyAs5TboVAGDtDkXpM8nBvTrV/9yPS1DNtd/Vg5Kdp6bDW59MI8I2setv6W0MvpOmBN\r\nIyRgVWMV+oWUfqNyJN5wjx0Xi1ZsBc0TwA2bzXH5t5cKoRlviCo8903BcUVDZVQpuP3UPUdBQfwq\r\nnSqqly5YUGN6dSNoXu4WCJTnnmcCx+tsfb4R7e92HNp/EYId7b//xAAqEAACAQMEAwACAgIDAQAA\r\nAAAAAREQITEgQVFhMEBxgZGh8VDB0eHwsf/aAAgBAQABPyFty78j5H7P7YmH+47H7G1f7D+2P74j\r\n/wCQb/8AmP74/vj+6P7IlzN+S6ykfk/siH/2Edv9kuX7I7ZHbPyQRqiqRBFEIjojohEKiFwQuCFw\r\nQuCFwQuKkCCCFwQiEQQQqIIoggiiCKIIIIIIqm1hjBvRGhW1pIkURoggXhj1IpFIIpBBBGmCCNEa\r\nIq9UX8GYl5F6S9JU38cD0NURFGIddqRQWrb0F/g8kathDzowT4xelBH+Cyb+Tar0t0hCf4SNEek/\r\nDBl0kklGwkRSKpnVeJUWiI9Lf2b1dHWKROmYM0Wz0l5Frj3cVWDeirmthZFVeBa1606JJJJS3IEk\r\nrkjyiJ3I7jsOw7jsO47jtO87jvqRSJ8DopXC5NBECJEjJEgfBA+D5Pin5Pk+KZcE+CfCJ8I6kdCP\r\nkfM+IuU7Ttou07TuO0fIOw7GdhLklGSXySySXzSWZLksl+GB6IoskG9HnRkgY6SkWleZ+BEasVXp\r\nzqm9ZNjqlh1Yh0kmGJ2pnxOk1msk0kmkk0TeiSak+qBAATUlUknQmlyLaWbVyNeBH4FJccl5Liku\r\nQy5DdIZDgkSgjepD5JGBMn2S4J8Ensyc4ZLhk+GT4OigmOo6jqOonSk4JEyXRMmTomI/ROmeu9dj\r\n6p7q1W2qKpakgLgOohwdVCIl4IkeCHCI8EBIQuCBDggQ4oQnBHggQQQRSCPbikal4J0uiWUXrr/B\r\nRqVHNHXFb1eRZEhER5loRuXIcvBG6HZjbOBC6YXZDk7Etx7jS+sYYCR4F7MUjx5ohk6sYvQVW5MS\r\nQLpUJbcq37E7U0uExDZTwPIMcsyjkgFfKs7O8v2Lx9ljbX0mIJT9MnVt7OBUms1gwbmSDBcovFGm\r\naJ2INyG2rkskQSmLgblCkvRI8EpiaclmRTuH8pw0JsE+k6Tann30bapN6qmdXt4pG4HuDK1C3FpT\r\nWGb/AAA9sNyy5cVEKZFJ0Ii/goamXqHksgxYhzvTFm+w+AvTjyO2iCKZ0QJc/PsSizgW1yrN2P3L\r\nsxnJJMXJCKRIhSnTZOUoYnLGWQuH7C8JlvnkiWNvFBHvfKLC++NGKqSZ/kZJrfAdkf10HcVIsYGk\r\niDAyeRZp4GuWpyQ4SNzIbmzJFhWcuwkpOwbHdYaHSSn68eCTJtXE0WhIVeXYlDv+jN0xiTABJJS0\r\ncoHLZFqoMJyQauh5FjkwXk5ie0l12Rv2N2JvJch8ogIhIfgfYvXjQjvyYMHzxKrWFNiZHTbceyEp\r\nwtjaIGEXIWYZIcFoSFe0VwzMwxOUOR3J2EZG5H3mOUISt/bevcmmFVZC8Sq5BEksjec/UFS2HkIu\r\nOQrhXwO9xqYEWB0NxgxL7OixkpKYJMCGJyKhDt/ATt7WdCrGlCz5TcCWEcETfLGhgpZIETcUCSbk\r\nTsi5ImAQmXBkkmycGSS6LBNE0Ra5aRWlD9tU3Nx120bCy58t8HmWZcjY2skRJhDh3YsBbkTkTcTs\r\nKSL8oThj50IVEZN6FQkx/SPyZ1bVSzoqLwPBA73gsSc3zVCJtQm5MMTNPdHGYJgvGt9MU3ETS8ZZ\r\nyoJRf0n4kzGi9NiSaYKKfHeOM2RYndO5sMTE4GxWGMoVhuSJHYmkVnQhCdC5EQre29a0oWxdeWc5\r\nK7mSdKoVxaA05NjItKJuTXI/lYXtYINjJJFdvRmToaFj7YHpQhCEiBKDEPSqpljMzS3txSTBmiFp\r\nw+DGqbiiylZ3Qx0nSIIQNWHKmjTkjQYmkYc+3jWtK5aEY8KCZBOhWr0WitKKVQtk7ShIQQlYehJH\r\n6aPb3pHi3PMsirYwaGBrNJsMaGNCSIJCIB5QqNKtrY2FUMbIFLIhYohipWRSUsL3prlCzXai+bBE\r\nrgdxBlqYztUgiHRLYK7DnkTM0NiHA1M2Y5hEon9Ih03PwNbpEtjGJnSLWOPoihDfMbKBn5sOktpT\r\n/wAOtnnakaFwt9h3gvEkJjtGyBYPGwlQg5BWl1q5kt0iSMDGh3Ye42S4yI3AmGbimBpLAkku3Jcx\r\nIWY7aSle7JJOiabCEtdVWleCBo84GTS2HCHv8uNbrBr2HbiWESgiusIzu5YmWXndEsBLYQtjJaLh\r\nLPhiUFqO8tJiubhe3BMMmqrOgXhVVp7OZE9WbcSO5KUuYiYlGsHAGj2IVJEyUiWB0v8AQ6G5tsXo\r\nsEoJhCC4lLkd3CE/kTQn8jsVpe5v4sHlWpwsTTROLBEroiKMbFwMgWIsSiwEF21KJIRglPZcJCps\r\n4IBE7XbI5cv2VWKbV3FoS2mfDPg2EzLC5KYYYxjgNTSk0iJYkLFIub0XbIEhWq7kQSIboQ6icXCE\r\npXCUelPmVFg2qn8fHt4FXlJkTzJzI0NEDMhKtwJKLkQKjOBEOHIst8EyVf8Ax7caJq6t03VVJ8yS\r\noOCsh0eYIhDJ0YFhZZNKeKCdhVmhi+SYPr6PVzTbwx4EuejHhWvn6LEkxOaMQLCUyFDDW7L8iQs5\r\nFBsQqpuLLI1/4T5celg2IarNF7BFIhNyhUYTgyyDcOS0nbsNJlkrEhIRFxFieKLcYubNd+xFVovR\r\nljektG1cfz0FpsjexktsNCCGQVVgWiFpQPbL9hVWpDrjQriQlpn0I6wuGmnTY+nQgajA24VzBPQt\r\nBEb+9l7CoqzSTczTam2jEtKJ8aelkKStYraxqyx7drI7qTcBJORkonYmBMv+n79G/usWpOkXMFye\r\nLbyo6g/A9rhD8khjdyXwXCXQhk8TIYUTLBxcXrKsaopNJSos1t6ROqbCLC7L4hKCUbkzRzVKLUSJ\r\nMiSVFTAaH1QKy99UgwQWrNN/knwfrcZEKV+YyVpwrDZyYrhZofwguhpQqHYJCCpBA2oLz8wUR85V\r\n0R+ci9ReJl6MzqXLTgnx5zOBJfu7ItLf5oxmSSTyYTwkETaFCFikGYgqIJQbliyNRyNi859G5WyB\r\nwpn8QhDJTw1661vVIi3Smi0tgxJcsxQ3+Qo/0Rxn5Zau85EjDPduhujJEWS7EvwBo2BMwJE7CZtI\r\nxKJsRlnZEVjmOJX0cforJNy3RedzlnQvYwqIm5NVgWRYX5omqrMJtuEiZ+9sJo8v0HSMzWaIYjHY\r\nb/KGYMie9BdkUJ1b8h/ZiLRZ9CUjUtZoVJiX+X7FC03Q/bkmiPlNhLi1TVuBzmt5iRwHImkk6kPC\r\nl3XeiGSTKk03MUk/gNdoiLNyYZJdhiCHL+zyjEv4D9eR6rE2Ll8LUgjLYxG+N+4Nkk6p1YBcoSXd\r\nLFhIRVgkR1oI8xMokDzFh5Ey1yPgTY0Drl+xV+2yS+Lc+fVQdN6bURJvj0ZrAEyDhlINyMkbG/HA\r\nFdiX10bU2JEK1UQFdqvwPJ3VuUMWLk3E26hLYZYaHErT/wDLiEI008NeNeCdEk0Um5uJ0K1GjG3C\r\nWSTe1hXIx+RvzZCJycoiI2o3oQqISYikQ9o7U0THcyESTJMVLVJpM+SIVPgmEMkmkwhantSRLTfv\r\n/wBdTpPla4zf4aXA1akm4xGRHQpcHQdCCTKs0QOjDJYricCYbcm01uM+C6/RNNSnKeI9FnNkfwDY\r\nsVTkWNSQvOSDEkk+dEvxFnxVIboaIoqXELyQSx8ua7HJzuK+kxkwSKiciZPV5yfw9C41xy2JEJ0p\r\nxIxl4j4tYY5ViSTI5xtLcdhOjRlYUcU3cb9NH2SDx+IyIZm9ItXBkfArbS3dibuV9MbuKsjFkkdE\r\nIQmMQ4FQm9JeJBDvuhNbu7P0cii8iqwn0KUsJMods1uhzCj+kmfwIaL7W7GstvlhFeBtJNMbbvA5\r\nUEFLY/t0ThG1HSfJnQpkFYxqYbn+CZGaRWBImaH4INgKznTCJNiSdKFWWhuBSacNbnIKX++ZfxMw\r\nMXQjLRWSh5NqYH/0EOjq8C8D0biMX0/jKlZ00LOh/FotKzTeiFoKn8qb6ORY8H//2gAMAwEAAgAD\r\nAAAAEKQX17Kve/dJM6o9Jgrt90FON1WIRrf9gl1rzX3Ca5DhPLF3pacHYcHyDaXtDj2oNJsBLWWK\r\nuMmT9kEplBj9p0jDo9Js+eRWDd+1tNrkNqQgqNnKBzfdjiXc5b+S6MhcTd22yTg128m2n6DDZ9DM\r\nGQYBSElbbp5TY4PASfF5EVf6IZ0OKDTXNBHbQK7prOfXrGz6pnfjYAFJNz4RUXBv7Y36MZHNHzXH\r\nMOmOF8sRuUcZuTVky0n53V2D2H+E9InNPWKCSk8dBDQQxICKRq2tvmEr3tSMP0XWOE83HWeumggh\r\n/mLbSUcNFBLcdPFUQNHbiIKcIMwuwbhuWRGOi7CRFY2Xp9WE4JDGTUZdfa7fdU4L1Eb2xE8BBHQ1\r\noGRxdpM6ETEVCQNyVbbCDGbDHOCFhMVxcB6y+eDmQSf4DSKXy1yEVPGJnRksFn9GblQWLdSPEbgg\r\nOREwsTacu43IQ+3UiDBPCPCc6EGPomyAxKwssJo/oLGzS3YuLrdd6Q4DwwAuLrdReLikHLtdYKZQ\r\n7qq6wbIIZJ7R+XZY81rGBKyiFN5F/wB/JDzmsE3fplJlnURa7ZFOW2dhaVEXyoTfaJ7gLvddaCMX\r\nRPjn6RHd9BDZT5HER4Ul589x0DbqZb6wbJ9rYwSK1EpUq1ta5FQRmEm2ugXkzTLerg3YwhQY5Lko\r\nkldPBd1B1OcZVBXCx7PxsLz84sqKyKi5PAa2RxHyuVAc6EXrXD9NHxW34iDXDB3GAbZ5ZzzbEZvk\r\n7fg3dICIpJ/i9YIcONSPK/GgjwL++oH7clT542EpP33O/uvutu93p0uf9Vhjr5HHJFpcZaP0CL/7\r\nykb5p8xxXxuHvP5erT/Ncn3ZRLtPoMH2AiDmSr+4Ke+sJdvvd7th22sc7uK++lkwrlN7kAELwrMt\r\nXzqIN/8A3XnT/n/fu+ovfSCaOD2V4YSzX3TpyH2D5fhfGDspvvj3G0RsdQsYjfv3wRwVEW5cccYl\r\n37QX/wD4xz3WqKh/j3AykxYUVcohodBaZ0MthNmati2ToCcmWEtEhMhl5HS2khDv965DsZV8jfjT\r\nGiL/ACv+DqpkScPyw8Ib5SIbqKJ0v0GygTkcGfjAEkQ2SdJ+a/8ACvYFmAi8QwM6eIO8Ih+TK9my\r\nL5sNtaYo2lE2mEcl/AVmSPEfSxURGEmWKFfHrhYZTgkHGs0Xx0em2mKlxc+41rVjVbeMvtuvjhj/\r\nAPoHYw4HngQHPHnXA/gHo4www33IfXYoPYAP4v/EAB8RAAMBAAMBAQEBAQAAAAAAAAABERAgITFB\r\nMFFhcf/aAAgBAwEBPxB/2KTtK/o7/RtpdMX9iuejfTxMrKysTZSsVKOiqylxYiieXKJjYiiZSwjZ\r\n/hD7jR8PHeISpMX7zJkxHmQhBF7F/p9PROjsXoWLFkEThP1hDwpRDF4LEQlEkLFqxfhNnGcI8Q9W\r\nN49E8ohCoqKJlEyoRSlKXKUpRZXnZ2d52Qg6KiuLoR9GIbH6F2JZ5xWVYi8FinO5eEO/guivfgtc\r\nFBNIEiEyIgiIiEEQhMYsuI6Osmpi7JlKIj5iF+FKUpeT2bRcFlK8WJCzEuK3oPHxBCRVIxcFwnBY\r\niY+hPPCCPJBYuFgrRUQRRa0LrnfwWxEFiRcFtgkQS2LVnwv5Xh9GLEQgvBFFwSvYhc1s4zIL8CUP\r\nTxlp4I64rEI+ky835i/SCeJQRBK8WImfRYliRP2nBZM7RSlEzvi4t96hCINTk31+VyCOvT4IXWIQ\r\nPgs69xYkJEKDWtEGv2sOhS0epLghDQnBYw+Q+urpRdsau3+K40bHII6zzqyvfRoIgxSngtsXQdi6\r\nIirkl+Df8E6LHhC/D4JNoQnQvQ8UjtkF6QeavGi5ecE7O+C4IXfQvQkQkh/hBFKb4sXBDLwpcfnQ\r\nxMoguonFdPHgnQgh6x96/SaxeF33iFl5OJlEEwnjR0VH7+S4rvaJUXFi4oY0YmN6MhRsfqclk4Li\r\nmNiP+D9CLq40VKLGYnrG74XVnguEJiRf4f8AToJFcgicEQaS4GZRPH3gaift9PBNDVIdFlFrXkgm\r\nNi5Be2Kg4TrFzRcZT0RBeiRMSyYhcF5RHghCG/gnB0Dy8JwXBZRM9ixtjCFi4qA3RRCakaZYY8bg\r\nncu0uo7uLsYvZMp2EhLF3iQsfh5JhIS2avWMQnxRdZP0T+ENdDX8HU7IcKkolEImLkqhCCYiIn0N\r\nREINCGfCrgt8Cz6Z45D4IQhajxnzCz2GLPoxDF5+D//EAB8RAAMAAwEBAQEBAQAAAAAAAAABERAg\r\nITEwQVFAYf/aAAgBAgEBPxBIT+CfwJL+Efwi/hF/BEJmEIiEIjhCHMIiIiYhCIUwkiCwsMQiZWL/\r\nAIC3hCCRNpj8ETFL/iXMz7m7JvPMdFhq/ivktEi60pdbhDQ10hGQhCMjKIRkZRMITQJEIQiIiEIc\r\nIiExCCLhC4u1+s0mFiYmU1osMksq0i4XJR5FCbKysTZWVnSs6ViuKzuFdEMSx5xPlGR/K6TRoWZj\r\nmJuuiZ8F6Rx5lt6V8GLE1T1/MTSYWIesrVKfoEfh1rT8hEq24PF3RSiy9e6Q04DoZS48Fiw6RiRz\r\nWfBi1XTwfu/gbHiEENaJwTCfKYotFhvg9qdZUuHs8+58YLRaLHge3DDeaUT3o6LKJssIuV8XoPRs\r\npRCWi8fxm0FhLHrdxruEPg8JiZRlEeml+qy/d16dYQxiGxjoIcHrKJGuaInwmO6Q9fH9B4hMT+iV\r\nQiwuCh+xbwuIQQs3Hg334Ic6Z6KJ6gYp4OG/j5vBLDcF8bZxXDGQQ8JGS/w2Yf5E4QYxbEqJFNV8\r\nFrCfQX9Gz0nCJDYoKxK/8EJo/Pm4QQ4KxpjRMJ+4WZotm8wePfzTIvCSxUPCfTNJr6+KTZFIS4dj\r\nxo2UXRIvRkl8Cwvi8rRjdwspN+HPrGkiU4N2XDfRng8GTFpEXDgbLoi6XWYWZD8HhYewpIGzGPc0\r\nvR+jJmjVQvQmMIw01hb9zBY8Dy9v+CVxFNEMh0xYx4gxI6TFSwmUgNLwSe6Pa9meUMQqcEANtj+I\r\nX/csR5IIWFhMSNRj2KITvB0v6Na/gnPR/CH7KWOM89Gy/BpTsYi5R+iLhDYmJjRGI2jzMTP9PU8D\r\nwP0fqwYtUPCwfuWfh5EMQh59nvv/AP/EACcQAAMAAgICAwADAAMBAQAAAAABESExQVEQYXGBkaGx\r\nwSDR8OHx/9oACAEBAAE/EGWWfbM4f7h5k0fYXrXsJfP9jCFfDDw/2B1x+gSjrvsJMfQw0rHzWU7/\r\nAJkt/rHsx+nFVZDpuJrMnKTCQ8s+wr5l8hM3MfyExvX8itfzCaO/sJOZb9MOX+ip7ZLpsSS2ydIh\r\nFCBJdEXQno+H8CVptpEC9DI6CTlPwlwvwtwvwiaX4cUfg8WF+D1PwxYT8MWU/DJI/CLpEdL8IJ4R\r\nPS/BL0vw9QXUh9Q1miZoxaRE4EuSbogx4TJnBM0JBTvQ0bwLC4Elg0plwRMjRYMkNY0NYzfoy6Hw\r\nzSkuH8lP6MFg2qsGVoaqbTyJ7Njd4IlSYyTkbqaGsRb6GxiERejjOzNWiURkgqEEYl0ISWxLxvBI\r\n+xI0NaIIhFkSJEL2RIW9CSuD5ILnBOyNkRGx6hoL+DQnoy5HgJeCwcIfEfglwhqfJM2CgoMsGnsS\r\nmCLI1JDbDEt14ErRLDRRM5JlwyYnG6JPljsFhQSyNq4Eoqhx7Gs7wfQ02hPGskS+TBPnQhLA1doX\r\nrwlWJYaEZhpiwZYsooxkWSUU4IKzQuexL0PYsOiXIvgS3glWTXAnLgWzKkTo9E8bxCQSpMbIhZwT\r\n0PAtdERjgZMCZJXlG4hM4JXGSYJ7H8CSyyDwqNpKCXD0ZN5wNdGGQzdEGNXNNexRd0WXDAZtahE9\r\nDjUyxKWiUblkS9sfIWr8iUS7EklUJXMhPmkolKETIhK0SyYfAljP/BYzBUnQl++EU0THYsI3pwXT\r\nI744JwQmx7J0xU34hMGhaY0zghOCVeFIyO3I8Omf0WB+tkqyT8IksDD9jvBKNTRiVjefQ2NLRuxb\r\ngSSUTG5rLY7kh1l4Lgw0QqeHo+MEwJ8MR58CT40L58P5FyKcCQkyi1o5wLbppfB7F2cCwhL2YsFp\r\n4yOjkrgSx4WsaEJfpwR/8NkF4Sw4JCOzDFgtJg5kJR4EaZjoaT4L1gn6TkrPwTSjw/SLuafhYMpa\r\no8rCElBrg10jD5M0lwcGo7c9HPfY1ehtTPIo9aFltkqpBVbNrOGQpudi6FrZwZUwRv0cCQrYJN8n\r\n9mUsicRxYYaFoSxgSzgiSOBagk96FkadOCdCrRBJw2a4EV8+EX2aMlRY8Si2x4xlGVjwtlH0cHHm\r\neyVEhHl8C0yrZkhNpPwyQVmNFyaNrL8EmzA25Gl8iyyUrIQUX2bZqDNcEJsy1DD2fQ7XME6cswRQ\r\nyQ7wKNkZkWtwvotE9i0J2JLYlEckWvAlBaILYl0aEYhwJQaGa8cElZvBIGsNiJ0SmaTln9ChhGyY\r\n0bRESk88C5HCW5I0x3LI/siFbwLGxLgSzs0iLiJZKo20JGm5gUgkyMJDuzaz+jwtmDRWElhdkPiI\r\nKJF5QldkE6hGxbJTGvP2J8onOyJpsT0ZpwQTEoZ88COCOhnPi1ZHbgVTpydg7pCWRufBPQkLeckS\r\n2NJHHh/wbRvwjTPoWyZwbF8Dq0ZmTgmHGPfrw8MTWCex5bjG8VCVqLMcQfMWBvZ90dyyxEpCktzg\r\nrYFuG/YkUWirRxhHLwjFFlNib4Eq2YTGV0ehEUJwhN6M6QyVRKJQaUqEceEoip686L4lybejCRjh\r\nlzseXs+GJzPY6E8b0W45PQ+XBCW1+jV8oe4mPZTlEo2OP0TV/sctX6Nu8WdidpWhx1/T119jjgNL\r\najBdZUc4HZr+hayPky8iWXh8DWtmuSGnnYmk50VkjXGRbfQ1WzCg7dmHyNdHJfpq4EKlFse0rEpx\r\nim3pe0VcTfzCPYn8C56NbJJsSlrJuwxK8UJS0ybil8w0Tw+xPP8AsV1/I2Wc/sTbx+y9xCnxj5KP\r\nX9PR/WXwle6ZYkYEuqvWGV438MUNfg5MPocllvcg23U/D1PwXW/DDE34Lsirux9tCc2rZD/oKe6+\r\nCn/cOW8+R7kyHjNv09z9JJ1u/JW62yOayVrl0wbNssccizC+grmTWeR5WzjJenULDY1XRYeWbOl9\r\noWOSPXBXZMD/AAaGycEydTKG18jXwWOxR4mjbDGkyPk7wc6oUTGema4Fl7+hUbzBswWGa5LPsSvI\r\nsN8jVxoWGLTUF+iysmUnyuharIaRCWMiotmTGhrOMDxEI89FSzBk4MUkeBab5E19jDGujRlqdNlT\r\nQniNDkwxZPiFuzapxwLC9mEM3UYHyyxGImPLCLnJ3/AsbdE60PODCBvGUZeh4CUCeHyI+f5E0fsb\r\nIkcZEppoRPkay2NrhDy1yb1yJ3LF7CSXyVaexNEmUJ1MT7NrAsUT5GxRPBtnRiPImktiT5KkVIaw\r\nSMqSI0bSl5IbjcGnYo2XWRroWWybsjsVck9+KVk5RCrGiwJExpmEmLwqR0QYiovorJTVF6jdrCK6\r\nZecFrhjdcCd7TGpyFYWSlmCeNxjdVwbWR6E89G21tDhGL7H+BJg0dm1sTdfRt+ipEPHsbdHK6hp7\r\nD20PBksorSYboL7MapIKtCFGtQ0mEd7EqFuCTjRu2S2zSjedbOAy5khs3GxMlsWhfQduWU6zO4NL\r\nuWKauXBNbfhtjMXKPoT9pdzBJtuXAo3F8Gdt/sSrmcCy5OohcyJ8JsTU6n6ZsJ+nofbL3CUFkiUG\r\nhhV8iirB8c+zLG/kK3DN+sGPDRTdqg3XKGxqr5Kl4einKQmWaj4itNop8r7MVKjbLolSZL6IX/Bh\r\nXl9EN5Y1MMsSrvJwU+TSyxNZouxFSKuImMlwNpbRkmxrQ0hgZV/0JfBU+Bj0xoy4Qtlp+C6EY8I4\r\nITuFRJWUE9T+IS8JFd4GjhNL14CdpPwSOBteEvwLrQnutHPQ6WJvuCZUV+hITiLvAsmBpJEJFwR8\r\nDpf6RcoXoTW5seWRUhESbINCQ0uzHRDSJghKmQi6EkmP0JbIkSklwRQaSRz/AEfLI0m4OBrBLrA+\r\nhqYElR9qD9GZ0Jt8D3nQ1hRfI1kSyuRohPDJj5GuGThCPgjmiSM9j9HQSmhCTFhiXoSY3wS+kLDz\r\noS2S8i+BekbHJX8EwYaHjEEs0XsbjKaeE0QeEVDyyMSvJjKW/GkJ3g/jxg4MUwuPEhRZGuiYEpyZ\r\npBN9ETolHCOPJIrCNv2bQdsNeG86JE6LXXgxTgRHbRPwS2rGh5FdBK7SI2nEWjLyVXC8DOUlRCDh\r\nIYkFoWWIjgkpk40IwJLo+jSF6I+xZ+CK5yZmRHjJl4FTkgY6y3ozcByFki7uxLZkQt4QUSeH9CvK\r\nzeBJNoFqCpgDleHsTZJrhpjVCYsZQlky+CSiXZEceiRmIQjuDb0emfQsGDSITJwJRGF40K+htvky\r\n/lDrz4Y0bUEncuiUq6ZOdlSwy6cD3oZLaybYWB25oTuEJqOiWcvA2mmbV6EqO2kJCPshIhL14n2Z\r\nOeYQzDjAtEYku6YQ2Yz9nZG3kzZ42SG2k3pNj4icwm0kM1ImVTib16M0dxRP0eu7VB+suqyITqY1\r\njMX4LG90oFQmuaDSvFoL/tF/6RE8XjF6hypiSYyjbM05Fg4JoJC1BWxkyNN5RlwjbYpySLxMGeCN\r\n4XiGezPI/QnRpoWmNd6PRE26YbCNpRVN6MOC1zsuWRXBpS8jT4M8vDJFTOXRhB5aGo9CuDSZktkF\r\nRCt9DS4I7gVWxK8kMIPeBIVeBmXobYhxV7oveOdjw9qy2WBTNhE5hv1kZIxXUukMYmtaMuFEdNDY\r\nabQsiqoWHyM0kL5Uu4OzCemheVxk04KHGy5e8iVAKkn+l975EsHHjktLRUeiiaQ3cJj1gamBa8JY\r\n8umzEKLPoeoLkrZk+CCONtGFTWCOZ0YSm0KTA0k/Q3NaFWGRulobfljLZUkE19XysYQl+mhwJRC9\r\nnAtlrFliUuTREIG5UPrLD62NG9J4KfIgaGm3C9Cksbdb/wCh6XLdY1iWxJCtyM7sUbGnBwBAlSDm\r\nWw3GVCgVRg6Bz1pnvqm8fHTFuryHlhn0fBBYbuyKnJwYMUcHILA8t4JgxqDWcGeBU9GjJ0Qx4ZMD\r\nQpBn2RtxZTG0aHpY+hY3ocawfIycQ8LHBim8CmmqRRiWMCZJ9jHkKKf+/CCQlyJPYvEIIUsFEJdM\r\nkWRprQ2nw+C7ISPZxrY+JBZMbrOh28MrjcDdop4bEJHsaJXkiQkSLYnDTF9ARRNOvoTRQRv2N4V7\r\nIRJemxn/AMjVHHiMcpMao2WHa6mKqDdJLOvTuhPJ8Hfh5ISHFFnwwtJ2JDVJzT0aex+W1DnXhuoz\r\nOoO0gvaJWoxNpQw3KyOkxl4Grzg2KdjWTF0OJXgTw4hd1R1PA1reoaYhb8J4MwWvCi5yTwlRH0JU\r\nNpIvCJduB72mvAvfz/2Pkp2WIR8q+ysmX3oaTt2PNBp6DFjG7ZM58DqRlCXvNlPoh25nD7G9xdF2\r\nPS02mLgwRU2ZV3OPRkobbnsuBTKMod9a6aNdTE4pNkFbhktvloShR5GsibO8+EvZaxpkwT2TwryZ\r\nErIrWVJ+jD5FJg24/wCBr3ELgxxHUyL2PsijOzLNbMH6Fl4O8i6ZjTg0Y4QscbE4bVEceM8ilOcI\r\nWsj6MpRkpwHsQyJEb/Ni2RS4aexj4Bnn8B8DBhvnsmNEhRVLI1PoclapSWLTGOmZ6QU11OexbUTH\r\nDZkbENWfr2UvAwV5I5/AeA+NMUE2Zu3rg1hia3lOz22LRoexe/GSE/4dlzo9j3Rpwaa2f2R8myYF\r\nhGGRajJx0ZGx8CWRU3kcuC8PQlHFmklyf6by2TD6NoxHFkfRXUO9pMm8MSw4JGIcC6JFEIuCDE2J\r\nYEJt/RVuFy4VGeWcv8LuSy9DXoc5ey07aQleRIxT0zjNUVPU7GrLPYtA5pNN42hGxI4nlDF6Nfhg\r\nNLhIjWcxkZGzFjYmTrYza1YNtYtobZwE5nsxoc9kk20xO+I+TgSEY8SCQ0Y6PgnYjfB8smKceFhZ\r\nGs4MDJ7JG7lDJWUzMYQ7FEP2hvMSotNsbWxLBoxcg7pn8g9wUXshL2YRIa3wiPQsLJ7PQsDSa9iU\r\n5OzTQ0TAxJWvh6FaK0bbz9ITstnjZKbjDAil1m7SmfYp9BWaeB36aLdZ4LalnQnmVF3MplcNxvon\r\nZtPgxwSfrkZt1ov4h2U4xprRsJm4jLWjZwKyuLXocUjcl2uV8Zop4X78J1Cdt+vFOT4J434wTJHw\r\nLGBrAlkxnJh+Jg9EnGD3oRY0a2LL3gfKZtyO/RbjYmsY8/I1GqNqfBUnkgkqYWxJTU8S+hLLotCw\r\nvCTaI6JKCKkm+ESNzC5ozhnU3v7KrKZWja1Wi2N7F0Fd7pkeji0amSo3Y3Cm6GDBdoetao5eZ4C1\r\nzkVSbPBu4b2NFwTVWV0NYsHkRCbPXQ8oUuKxGkmvsboaOW3gozN1aXvn/DI19fH/AAW9+NFMLxOi\r\nd0+CbMzY1pHMeh66GoqIjOJ4zky1GR6pZhaGryWWbErTG/gjD2XEWGLLyxpabJj2JNkibFs+uBzY\r\nkVE3IaWhNuiVexLwhZUKY3BGtG5LHa5EOsFW2nnBRt7YhlTofOyNUTSM5L1MdkqeGVyWaHJm5Grf\r\nHKIKo2Evn4JbLU5XR2GDJhR7ZJyR5Q0+Ra3cF2mNGaRskhaJqecMazmc/eKMa8xbNLwtkaYtmMpj\r\nzYiZO8eGxez5NM2xwvgoLeBmZBYN+jkddgvY27Eit6NmuBzM0RpViXLGq3cGU6hu+wk4b0Qe1ykm\r\nLLOWxZyUI+Djwk52JcC20UqQ9cqrNXgiuNm5pZgbuyKZv0PNunCtiejmbQ4nOhiXG1vrRXi9DfJN\r\niRsrBKppibzyTNKzLyONGezHwGWVRVUYaE05F0mUza6Ew7cC+TYsiRoRijODAxaHWJW0swKJmmNR\r\nfpFunA9C5PgmC4Gqm7oY76K2pW0Jq5HZswZG9nRmFQsNGW8ZEjOxYUIVcFEa824Pse8C0NqFmreB\r\nZcX/AAZNHWF8uSJiCD0IalkPRQuBrK5KaommhtVFfwIjHWosmHi5ELRvo+tkIaN4OhGbsGtLQo/m\r\nQSEicitI9ig8EUF4maceG3MEuBrg0xtk7LiIkOPDPrxDGopSc8Ez6I1Zyc5GZc5HXbn4HPdHgV4N\r\nSGdhBLjY22+hbEL+RexZVPom298CfaFo+NjPRpSLjgWjFmf8ihHOiZ0cFcGNiUdEWhpuCVejA4KO\r\n2J5ODXBEcjSyYph4OYZYHAmir0Lxz0PSlUt/H/6JEskxvJpHI4IvfjWjg2cQQ17G84LmHJj7OGXA\r\no8HEE8VFQjn0JvBu0dK09DaopOMhrIsOJnfYsMZ4VM2EzoSqt5Sgl7Fhbz4RSXPj0itPmdif2Xjg\r\nRoJREahrMrP0VOyNFbT4FR1PCPcbGhRSvscPRhqOfYk5NsCZxguPHwPWhp8jfaFJg4oM6iHiyLFj\r\nxiY88eJjxPD8tbEvZw7svezL+CZ9eE+D0T15bcCqTZ8MFSYKhlX+BHK0ZV0d0LWS17FgRPCnyJY0\r\nLYjgWUZEr4W4EkTOjhm1kVpkbcz7GJpzMS2I1tGWRGDFkTjMuSsJ6Gt3gY4p9krZwDKbUHLDQ4Y3\r\nXobxBNTQmrgvATaQ05GJzZ2FTuFSSk2le8v/AN9kawJzyn2cnfnFy8Dw/F4HgbwJo5OXRWdF4Rx7\r\nFi+K4zeh4yzR5voT27vgW5RJLbGltcCzkTSUpS0N6WDkaXBOaSeOC49livLHj5NDSiOTfAsZwK8/\r\n8GNUu9FR8m2tLsf8mz6A9N8iJqla4LGMUacbE1XCFbkxwMUWUosClPF9G40qOYmPCgsU3SCQY3hN\r\nsWnM0TGjMZTE7oXnGaaQtFolODgpME8+jQyRGqRHBBREmh4fZYJYHBbwSlTekUNsDmoXAk0ic8GE\r\nSt5yJbE9mHzkR+jCPZtIekLFN/8A0uBM4F3wejTRsmfQ1FnQ8708TvMG51GSX4Q9oyScFoyLwZB4\r\n0XLTXQhLqot5Yp1kyv3BEqM0pG/Y2JUUcGZKTGyVYkKZZhydEycLeCt0J5miWJdtcTv+BTcREn4e\r\nILCN+HoosPRjxfHx4TQ5lnxsvbMCZlrZjo+PCUPgaE3fUFezbBPY2+8D4MI4OBKsYxFsk/bd8LCM\r\n9CJwcZJm+LUJJZ58rQ64yZwww9xsprQ8zkVFGfXyIq1BWtId+xswSd2aFMdJU2LFy5HvgkHsOba6\r\nGCzXZMycu4RQk29vgcaZ8pMMMNs2KjvxgeP5ZcU4fZUUycWT9YH16GSx1L2Pghtcq2S209/0R2LY\r\n0ljaXJKKDlwdijpJ534yabODioW8kTHEsmxYyPA0THh6JRqvDJ7OYQW8pje5onsSl7ENu2G1axKk\r\nqc5M2E7Yt5JWLQ8iYqWrRxCTwkK5IHVgxeydDirOS3YlZKqiVfBQBbEyx2d4OCzXZkHiDzw1+kk6\r\ncIU5F2WQ/bhDY69ulhDJjN6M0bSvAo5ya7CUujLCTHTKW0zqyPTkZs04ML6W1l4yZZMg2JC7TbAx\r\nnIphJwLncf8AhpCyJLkxnxp7KoTI84OR+hIk8YaaZEh6MNnxB6J2XGRteLWSCeWnoTS0OkLLwd4e\r\nBta2X0ZJqEwfAR32S6iCY17Gt68LHPhaE56KuyDwL5Lm+NjTYowUZzocg3D1y8dsdzPrlK5pJC6M\r\njpdZGxqyU2zqrYrtNazsbSVTMdyaw0LEifTG6n0sxbytG+BcppKMV4aPs2M7e2OKkXLaFhW78lR1\r\nOTSWyl2c5JJOia6xlY0Mk6bJSF1Mswttr+X/APBYTwLxpHJ7MIuSc+O0LB7RSxwapMZMJYGR0+T5\r\nMvRYQuBsLAQ02hZrTz0NdmjElW8l9DyEx4Yt+WBWlOhydiXoWBmaJFODKo0byNgSPR/Q/wCB1VrU\r\ne0IbW2rVHRQx49vT10U84esmRVkYnfyJRtIhpkcwv4hMhObMDNjCljcCrFNoxoxZKqrC5HJgbl+I\r\njvD6g6Zx2jmE4QnIPsfgpcKI/LBmY9IOZLNjuV/6jMz/AMtsiMwxowx72exEu0aosr2Z5NXJtHvg\r\nX8FyJTLFyNQs2NWhCr9GdXJpZZpDdwV5ou6YfIifyRCUUoocQTF8CEhJFFWuvFUGI+y7yIVOGmSQ\r\nzk0s7FKZLMXvY9jaX4TZBsjFXtFA2p8Cw11OqEvtsTqGJWEiZVL0JHeEKDCzj2LG7yOE/fJWWzb5\r\nLISaRmhJ4bx9HFED+SEUykqaGyv8x/horH+mzfhDOBYPg7EvGex4EsUuB50IXK4E3IT2fGRN1jyL\r\nlbKlFgSeQ6soT45G3+BsxjS0TDiJ0xzk8LJsWQ3kUT7Nv4OTMFfCcXgvgSNIqNi9HAkJWGifCM28\r\nlyx3gsVetFVbokO8KXglIlORdAdBAlmF4YG5g0NymNQY+ROk8aZSFpGoaWxsY4GLXHV9sYj2nn9G\r\nLyWz+wR7hIci2bE8GYL2IucFMTwh/JpjvZwcCbkedDnYtMRwYEqY3BKtwS7GkqkJvW4N1Uq72N5G\r\nfDJeQs1JlUKO3pMIXQvSFlTQsYKoI+BNCjFtgWEJwTPkT8NqZHJrRPF4LaKGs7HhULr0zJoUoZpJ\r\nS+xFtliVm/RLRpKzjsmtNUtiw8GQ2okyXehMrBhpURLC0NMGO5lL/RLVamHwYmE5u06MTwuS5KJ7\r\n8bGlD4OMIvj+zDppYFqiVrWiYM8sX8HowhLkwyPJULMLxhumGEzbXRZ7ET5NLOSq6IrQl2anCFpn\r\nQWayKZbFBNCWD+jHB8bJ2YRl/AtaPkUmTVsMUpaWrqPv7EqGmlzPQicVHORoLvVyWzbTFHjnsilt\r\nDVaKk2zHPgUWoxzyNRR1jdxYOMDKjWLZKcTZkBV4q/6Q4Ea0fJSYvhYNrB7F68N8URBM4wWvmiwi\r\npBYTFKpl5EhJCSS8OPTFFsb3yhLyNxCbet9iUeRtcGHoauzD+iCnLOMC0TheHIt3gSjYhPJycUyj\r\nIYngonR+LclTt3w+Cgnh3IxJSV5eRpiVCfSNBJE87Ngk0IlWOyF+QFelfTEUOrgfKXBkawxtaRrL\r\nyPgQ9DUvJS25L7/+CYhTgZxnZs/kr+j2Y58bJk/ETK76FNGEsCZcidZxDsw0KMW2LK1gWEPoWfT8\r\nPQ2KVcidZy5Yq36RhlCdbSZzhipL222Lwsisoha9kFKOCQlFD+zWxbonyLOSCdMQe8l/tac/+wI0\r\n8aHgZrZmtMaSP2herrVIXuY182p/R50Nv0KjBpjXvsUKI7cDpr/BI3kmRlmqHKsMOvQvK5ETOPF8\r\nca8WG0SY5Kx0W8nBRcmi8MWBZCWGJQ0GmxpfY10xU5UixIZ/RwyJqsFqcZoIUwFjWxJp9i5+WmhS\r\naFGmITl5MUwkUUSwLK8ISxsT2L5wLCfJ7HPh6OHRSTRK3x+Da0E2WVfJRWDGIMiZiWEO1RqYqrkV\r\nS9shqsiYLKVTKjElwhK7x2J2Kv6VkmcaPQi+MC8PsuC8EyLZyPejZ6RgTrNPjxXTkS0Sa58JnJc4\r\nGNYtE2lrA2iOENBPOciUbc2VJrHI2jWGV1tFJ7JLpITgn0JiaGE1BPPoSgvGK4cHunb4I4Z8IpMM\r\nkTG5bqTHlXKcaFq6Y7g39GnlURLkmQx6NIP0YFm8cCSTKL7IxLGxuMUQnv3s4qj1Lb4lyXIjWi58\r\nQT8f0XM85vow+SroxTkTVZohSeNDYjuxNIU6HkytiZqSlWwnk9My1sSvsOzehpfYUSSiRU2yp+xK\r\ngstwShwI4GMClWheGL4KoLIv4K/oyehO32YgiiVHchi98CeOzLW/wbaMF0W8D38AaknT9U5FXoYt\r\nJp8ihZTS4aE1RS+UdBTsa9BK0fPJg4+xE74SRi1SkR/J5YvwVF8O8CNXw2xtcC8UwjgxsUS9iguS\r\nvRli12J3EFBPZjEQjX2JGCKWOjD+ROcC3UziIeNtClXwOOkR0PporC5FBObOPF4FrJcCeD2JpxsW\r\ndDTps0XAohaLmGDJaP2KymmZJZTcjrLMaZU22ocHRNrJtjGhTxTFsLAmpxCY9iW07gYhOwkoM3ls\r\nWq2MeWOkvv6xmD1L4Ri6MIVFhHAs8lHgXI5KJnOH4xyPW/CWiehvERefCCZhoVES5FJgv2VDVYm7\r\ng7gipMT9DYwxRt5PyEr4yQitx4Qmn4tcESsS8p95E5wXJ2xTwuckuaVTHJRO8lSXsfoc8sK+T/Br\r\nnEx4OG/0oOvAp6o20Q5poS9FnIR8CalxoTzyfPPQtNsldGJZ7hftiNGbEj2bQtC3PDyXPh4E90wK\r\nC2bdMUsyb9HIyqZQv4EJTJhVHOCZ9mOT7HyXg0rPkyeRPJIhZcEsmmfAnyaaIqIlbdTiQkkizBK2\r\n/KORP0IxwLTFCE6sCcE94E8eU29FGVOZP8cD+tNb38JMYMiy3yvpDc2t9itRboOxjseNwz/Ikq2N\r\nGmtC0yNuBK4yMyPAqVQnSyIO6sEUZF7Vn0lR0QpR9F2J7+5aL0K5QsODiZrguaUacF7ZiWC8Z0Lx\r\nwJwT8IofAtCXBrk2Oco2SjKU5MloWq1kRpXQmkzgSSUTvhSusadwzbhL5hXdHODSN8iw8L448JlL\r\nNFqE6hPhZYvnsyv8QwrgLdf9g4bD9b92PBttt7brGzxcjadirT4M3jk+7Oy02hvkMqWSNrArVeRx\r\nSwKEKu0Ss6REw8dDQjeB7o8CBkryv4Y/MnZfHQnLq1cXprQjIzSP5LgT3WrFTFTgXsbVwbONlxrw\r\nzD58L9HsS2JYbZ7FhCFvJHz4SfRRkWVkdkQ1gbrdeCtOLJpsuEmNJ5/gSbZM0Tu9HBIZ2boiRgWU\r\ncpD6IkPwRZnjfItFopC9siRgujK/6FV19S/0JSf7tj617adPljhv0w2x5NDFouLRrnkbQarQvXtz\r\n4MLSlKuymRXoMzqGAVNs0NC0tiaphKzwhjtJYfJoGDtO4xUzQbb2YTV5PCZQ52mmMmpspe50IoWr\r\nrQkY9mzBvPnYuRoQtFmBdCyxROEi9CVWGQnsSxsTcw/Cd4ME4o2+BtRtCb0YE4xstscegmkhWRTY\r\niybGTRLRB+hS3kyVyWvWC4Nhei1waKBCttxIT4viFk+eR8rWEcT6HZbiEvCuBTXQ7ZW2N7wdB1aI\r\nuWNmD4GSQuzoxDxY56Y2MMb4MtZWGaiCVbYl7MuYMwPBVy3DZorvsuCFTyn5pIN9JyLdXDwShhxl\r\n/IzYPAqN+A0bpCLg9BlK/wDbOTOi+sl9GEvPz4SnJERLnwuS1aNIWcMSn2Ov0JRCQnG145o7B4Xo\r\nTbWxMmyB4Q6lY39CJLYlaXIqa8XJ8hclnoXyfZmtopMTYnMURTbSSVbekhZE5pD2/wCho8CNBqSj\r\na7wJt4FBQnbTgtJB7HYjtZTFarWYRf8AvgbSXoRtHBQwdFWQ2k8PZlhCq5F2Ik9iysbI1cipbOs9\r\nmRGonBCfg1kR2zb/AJE6TgvAWBDWx7Jr+RbDnLf+9GGwH/yeRN02Xw2JM5Huow9ieBdCwKCa2bPs\r\nykViXNIN4MtD9lkRpqPAlU5wY1CYmyuYFn4Fg23wKFWhGglciTSEKclE0mJVmmL5FNgyIkNZPTWr\r\n/wCBBYgw/Ybvoym6JvInulMmb2NSliPoQ5+nKGqLLxXZWWheqDwzYiJ4MjIpdRG9iNruCdTYkXoZ\r\nNtjFjwq/HP8AAuSqpdPKHNlqm98C8BSUYmIMbjm9C2wxkmNNOpHGhZfxKsPsRvhpT/s2sGx4LBP0\r\nISXJtb0IWRNJmFwJoUeGpB5Y9FG3lpwpoQ22zaFGm0cWB3YncsFawsmo05daJ9EGjiLNjaijEu3g\r\nxBTaFulq3+L2JG84z7fbKvQkdbNJBKZTgpTksYp4Rg+zQ2D0xGqMrCUeW6p2VQaSrE1g1nsTq3gc\r\nVIodu1jJH7Noy2s4Fu9Coxi3n7T/APRuDyS/ke3kba4LSaGJNDtmBOsGIKMmZkVMRosqhJJcp/D/\r\nAEXzasVNeFoWhdEuxPgWEJsXsUgn6TEE4n4aUwYhxgyrTBb+hq5rE5UJ5umKK7RvYJxKZEptrB2F\r\nVbPoSPZUVLBbVBOxdxigyFZ8Ia4Sltu2KdpJnQ4qWDVLGUq0fYlkSWuRbyYXI5MsehZUK5xG7zg3\r\n6EdGzXwNSqOS0ooip4RlCTmzDDIhYqjXI9nSFlps94fVX/00RWzf1/o88iLkdU0ho1GV9E4hODZS\r\nRZXYnfOhDeslL2ysfXRll26r+HyJ4E8lwLOGxRejX2fYozE8LyWDBgWLgehtDsR1PKRTcTMHG4Vv\r\nmjXFsY8M072Oky5tG7oT7HorF5g6wMvNOFPGOA3KdM6MENxUbDbgqzgTxrJsWDnI234vPhElgkLy\r\nw/OuVPwbaY1YZHhexKuM8CafyKThjlsSbawMpIJNuH9kFGcvQv2koaogS/fJoffYldEm2SC/IJTf\r\nRseiTY1gnZhJHGmVpYhFlv7L2JCilZqmuyYEcCzsswJ9eVoTvBMjQsVm8vxl8nIVo0iN5GeObxnY\r\n7hmFFVomkt5EMqSn3lifOy7XIm9UTdONmibztOvkS1MmTdeOCFoefobq8WFuhjeCqlPk+CmXoXs0\r\nNmo72TZ/4I//ANQXDwbFwNljYxNKCZfJG22+BsZQrpaFSSaHLLE44FcCczaRqkohzG2dZk2aTXAn\r\nj0LURV2OuWYXijrZYobGYnBCZHVYwVUb4xa7ehaaFhlbfoTL+icQnTK8ejCQsusUGlrReBNK5jse\r\n7rdsx2xaPMYKnHsRnbi6QzRlGhPfsZ/L5NLyhNcrLHe5cKNcCDKL5cGbZ+2zkqz0XJyhXs9v0h7N\r\nG08tjyOJljd0cjn2Vl60VIyhyVo2pBLwnwYHgS9mPBTYW1+NiY/N/InDGieMoxVYlFbHEKMNDi2J\r\nQV2Q15Q3xgJqsiT5YtQxwe80f/uS2Bh8EzsqV8GbWilQsBk5/Yp0MzZshVjO9D0nv5M5rAwq99if\r\nlIwuRYQmuzXJssWhY2SmR4WB8S3nmf8A0Teph0o16bGTdKdxiUjXsQSeny+SOJRXYwq4HRI2FHkP\r\nLkPTWy0KVl1Wf4X/AM62GxwPhVV+9jpT+OXtEOa0i+BtuFS0DaWmWWIRysuIJLBtorfJlIxTKLjY\r\nqTkz8Gdsd7NMmYJ7pla0PpPr46SfUJv7L+zMbE36MmYzHlmOdDc5wJGmQmcmxdGmWhi3nsTNQMfa\r\nWP8As3MrPhcL8GT4KjjhlbDyyKls5H2mN1TAtZGa9+LbSwxVt5HgCm1Qwm5Um0xzzi/E4xFmIJ3w\r\ntawKliEp8mexFxhF7Oc+Lf2eV4H8sfx/9n83/gz14n/7e0bvwZqjk5NhsjkWmPXhaOPHAQxC2NGf\r\nxB/7fRozePQfPhm3hW2LRuvg/jR6+vFi0MW34Ht+D0jU3Q9M4NkbjP8A1/RyHsXIti8DjxwLkW14\r\n5P/Z'),(13,'1407020401','/9j/4AAQSkZJRgABAgAAAQABAAD/2wBDAAgGBgcGBQgHBwcJCQgKDBQNDAsLDBkSEw8UHRofHh0aHBwgJC4nICIsIxwcKDcpLDAxNDQ0Hyc5PTgyPC4zNDL/2wBDAQkJCQwLDBgNDRgyIRwhMjIyMjIyMjIyMjIyMjIyMjIyMjIyMjIyMjIyMjIyMjIyMjIyMjIyMjIyMjIyMjIyMjL/wAARCAHgAoADASIAAhEBAxEB/8QAHwAAAQUBAQEBAQEAAAAAAAAAAAECAwQFBgcICQoL/8QAtRAAAgEDAwIEAwUFBAQAAAF9AQIDAAQRBRIhMUEGE1FhByJxFDKBkaEII0KxwRVS0fAkM2JyggkKFhcYGRolJicoKSo0NTY3ODk6Q0RFRkdISUpTVFVWV1hZWmNkZWZnaGlqc3R1dnd4eXqDhIWGh4iJipKTlJWWl5iZmqKjpKWmp6ipqrKztLW2t7i5usLDxMXGx8jJytLT1NXW19jZ2uHi4+Tl5ufo6erx8vP09fb3+Pn6/8QAHwEAAwEBAQEBAQEBAQAAAAAAAAECAwQFBgcICQoL/8QAtREAAgECBAQDBAcFBAQAAQJ3AAECAxEEBSExBhJBUQdhcRMiMoEIFEKRobHBCSMzUvAVYnLRChYkNOEl8RcYGRomJygpKjU2Nzg5OkNERUZHSElKU1RVVldYWVpjZGVmZ2hpanN0dXZ3eHl6goOEhYaHiImKkpOUlZaXmJmaoqOkpaanqKmqsrO0tba3uLm6wsPExcbHyMnK0tPU1dbX2Nna4uPk5ebn6Onq8vP09fb3+Pn6/9oADAMBAAIRAxEAPwDaH3ccZpppcAMCetKAScjoOteozyU2iNxwDjNJ1H9KkPXkU0AZ6YNAmMxxSNgEZqRsAcdaYRwM9aEh3I2NMZMtnFSFQSPalbdjIp7bEtFfBBNLtzmn4+bNKSFNO5KjYiT5WzitVmEkIYY+lZgXaCRzVyzk52noaioro2ouzsRyLyDSYwMjmrE0ZU8Diq/f2rFG0kOwNu4DFIB3xSn7vSgZxnrTFYQtzkc04MTTguabgjNKyG0wGSSaeB6igDpRg02NKwEdqAOxoJFOGfSkO4Yxxigk9AeKM+1OwBSaHew37vvSqMinY3UAYHXii4JCEAdqBz9KcBk0oAxzRewxMDNAXinYx25oIIpXHYTHGBS46d6Meh/CgZPOcUhoGH60m0U73NGc9B0oCwzGG6U5Rk0uMjpS9AKGTyibcGjHOKcRgUgHFIpDSMUoHFL160uCOe9A9xNvGCODTSO3pUoBNNIJouUNxj2oJzS7e/el2gmnciwzAP1FOA460oGCelLgGhjAdKQA7s5zTqTvk1Ng2AgEU0AZp5GaAAwwKEVuN2gUjDmnke+aQA0CauICNvvR1pQAT0oI7dKLE63ADFNIyMU7nNLjvSKG7do4oOMU72zSHgUANA+XjrQeR6U7BzmkABJpjQmM9+KTbtORTwvr1pCOKBMOvNN285p30pMbqVg3EJJppyKeV7ZpCv50w1E+8cYpMYPFPIGOlNGc0DTEK5HNBGetKetGSRQFxmATRtB4p+AKTv0wKSBDDGM0gGG9hUmMdKbj5uaBOK3AgHvScYp/BNMYc8GkVcb/ACpCBjrTwuB60hHSiwakeSOD3pQBnNKw5HtSbRnOKLEdR2MjNA4xjOO9Px2pm0n2ruPPsBGMnOaYwzUnA4NNI7g0DsMPv09aQANTz0pMADPSncLDCo7U09afwD7U3Oc/zoB6jGBP1FIUyBzUp+7kjrUecDNAWG7QBycilUlXGOlN3ZJ4o525oaEpampjzodwP1qmVANPs5ih2E5DGnzLhs1zyVmdkXzRuQA0oxg4peDSYwMA0xDs44zThjFNGMUdTSFbUUcGnZyOeKTtRwe+KGimhSBgetKPSk564pc57UE8o4ikXGcUuTjp070Z5pFC4x9KOPwoOccdaMZpDFwMUcZ5pQMYoPvTGKT70ckc03vTxSGhOKByMUEZPFKBzmgAA45pOlKeuSfwpRSGABXvxRgGlPSkHJpAL2o6UuTnpRzQDQlOHvSHpRkCgAAwcmlNITzRjP0pNDuLgY60nHpS9BS44yTQMbgdaUD0NHWj3oJsAGB60gpetOwO1BVhvFB46UHrSAnPPSgGAzjmlI6GlHSjPrQJCY54oYdM0Y5peDQMbxjrS/w+9HWkA96Bhjml4xRijb3zmgLCDnvRjnrRilxk9KAtYQ/WmnPfpTwMUbhjmlcLDcD1pDxinYGKUgCncVhp6009ec04EnmjGc5pDDB6GmsAOlO7daQDFIGhuM0ADvTj6gikIxjmmKwdOlNOT1p3A60nH1pXAMDikYDoKXkn2puDnNA9xAMc0mOuKUnrSngZoAaM4wab35NOJ3ZPOaQgBaY7DWzmn/w5FMIPpSg4FJkq4uffrTSMHkmlI70rZYYAxXceduISDwBSH0xxQFx3xSEYYZOR7U9B2GnIpM4X1p7YbjoKbtAGBzQJobz0ppyBilY56flTQ2cA00K1hCe2aQn5ckU48Himnr0oCzbGqO/rQ3SnEY5pv0pPUfLYRW24yMGtPiaEFRyKyyT3FWbSYq+0/dYetTON0bUpW0Hngc1H39qmnQhqhB56VgjWQ4cU7/dpgPpilHHU1QkPAGKCaM/hSjGKRQ4YxSgcUwkdqeOVyKTEKMnig9aQcdqUHjNKw0L/ADo6cZpMnPSjrRYY4daUnPFN5FLz+NAC9umKcDxTc9MilHP1pDF4oPIpMZFAz60MbFpw6c0gpeo60hoO1IOOKO9LQJi0mTmjpRkYoC4uKQjNANO7UxiA47UduKXPHrQM96QWDt05pO1L7ig9aQ0A6UAdqTGOKdtoHYDgYpM85FFGQKBBgUcUY4zml5xmgdxOlFHXrSjAoAQ8jikxgUuAKOooAO1JRSdKBi9aUc0nSkJx2oFqKOPrRnNH3ulAGCaQCjk80wgZoORS00O4mOBSnpSYOcijsd1DEGc/SjPtSA4HpQcnpQApODSFqRiaTn86LD3FIzgjpQfpS/XpSUhWEGc0Yzx6UY45JpOOxoC4pzimkigse9GNw4pDE6UhOcYpxFNIGelMAJ6elBORweKaw5oAznFAPUUZAzmk9SaMGlxxg0BYCpA4PFJuOMd6ceo9KRuoNdqZ51hCCOtJjGOeKUnIzSEfL0xQCQ0tS9qaBznFHJHFOxIhAzmo+Qak+vekYHOMUDY1qb708Ad+tNZfSmCaQh5+lNP50vXikIxxQDGkYBz1pq/fzUjYxUbDpSTDY0S/nRBhgEdag4HFMtpBvCEjaalkjw2axkrM6ItyVyM+tPU801V+bmnk4IpFJC9aUnFA57Up6YxzSYxN+eccUuc98CgLnmlIz1FAkhw6daQAjvSgZHTmnHgdKllJDRk/WndKTAzmnAHrQMTcc80uSTQFLGlIAFArC9TQMjOTQBxzS7eaRQDpR3oxzSkDIpDQcdaUYox60vagYnel70YHrSUCsLgdKMAUY4pQMnrSFYTIpf5UuKQnnincfQCBjil60dBxQBn8KChMUtLjHNJ7UgEHXnpTv5Um00YFDAMcZpvJp+M45pMexoAF5PNKCQaTBozQAE8EYpM0UnJPApAKSCaTtQBz0pdpPY0AIBR3oCkE4Bo2noQaAD1pM80u0jjBpdpHY0AJn0oBPel2sOxo2N/dpgIcYpAM07Y2Pu0CN+flNK47DORS04xyZHy8e9AjfPSgLEZHYGgkdKc0UjdBR5DntTCwhG0U3n1qQQuBgilEDA9KVxkZP0pOc9eakMD56U4W8gPSi6FYrtmgCp/s8npxQLeQdQPpSuKxAR7c0A89Kl8hz24pfs7emKY7EJ+lN7VYMDjp3pptnFFwSIu2MUn41N9mkNIbZ84NILEABB65pSanFs2ODSfZGzy1FxkXbpSHGKUcd+aYxBPHWu2x5rAkgUhyppxYAHHUU3lsnFMVxM/KaZjI4p4Xjtig4AAFMNbajc88ChifSl6Cm5OOlJiYxm54oU0pXgsKYOuKaFYVhzxUZz2qQnn0poyDTRViPBB5o61Iw5xTStFxWG/cII4NX45BMgHG7FZzcmrVkhMmegxUTV0awk+axLsfPKEU9YnOfl49at9ulOHTGK5rs6bIpiFuwIpfIkJ4xV0Y6UCldhYqCBx1INPFsxqyQMU4cc03JlWKvkMPanC2Y55qyT0x1pQPeldhoVfsp9eKd9mPrmrC4P4U6i4JIr/ZsDBJ/ClFqcYLZqxSgcUXHYrC296d9lBx8xqcClpaisVza8j5uPpS/ZhnqasdhS4oHYrfZRnO4mlNsN3BOPSrXvR1pDK32YDkk5pfsykDk1YIpRRqBALZBxk/jSm2SpsU4jAFIehW+zJjvSi3THSpwMmlAzTFoQfZ49uNvPqDThAhzkdakI4paAITAhIGP1o+zp1xU1KBmgZD5CEjgUvkJjlR7VL0NL9KAIRbxnqozR5SA/dFSDPalIJpWAjEKegpPKQdhUmDRjiiwEQiQnoPypxRcAU/GKQjNAMj8sA9OppDGB0qXBoKmgCErx0pdik4xUpWkwB3oC5DsxxinBafgk0u0UARGPijbjtUuOKTHNADNuT0oCCn44oxigYzbgcUn4VIVJpAvJzQSMxzS7c9Kdt5oxzmgoYQKAPSnkeooIFCC4zqfpR1qTaO1NAxQFxuMDmlK+tOPQcUh5HFKwhgHNGMmnAHGaTk0wEwc4pCPWnkcU3GaBje9LxjpS4pMmiwDM4HFG00p5GO9GCBilYDLBpqnOeKD14pU+WvQPLsN2HrS5CjA5pWO2kz6ClqNCD73NNZcnIpee5oJwuBQDYwnnFNbLHApw680pOOnNOwkriHIA5qNuG6c1I3Ipp6daEUNPPamsCDTx+VBIzRcQwetNZjipAMgnP4Uw5KkcUAhp6cGr9mo2k+lUUBAxWpbJiAH1qZuyLprUmJz0pVNJj1pQK5zqsOHrSikAx3p3SpsNKwD0pcUlLyRQkMUYHNL060gX3p4GPrTYWEA9qUdcUtGOaQWFOKBQOvSlxk0AKBk07aPWkxSgZFIoTilAyaTHOO1LQA4ikFKKMUAB4pRjFIaUDigAxR1oANGKQByTTgKPpQaACjGBmgHFOIoAZ1pRnPNKOKU8c0DuNo/ClwaUA0AA4FJxmnHpRgYoC4mDnig0uPeg0gG4GelJg07GDR1FADeT2pR0xSjjvR+lMGMoIGM96kpCKQhnajbS0uCaYDdtBWnDNJnnNADTRTiMmkIpDDrzSdTTs/LikxzSBIb1pccUvelx780wuNIpuKfikNADenFBzS0Y9TTAb296CvHvS4PrxSnNIBmO2aQjBxT+nWjGaAGcE+lJ3pSPypxA7UAiP8KMZFLRzihjGYx0o7U4ijHFDAxwRuPFKeeD0pMA07HHWu9nm27jTxwBmm8jtThnOc0pwR0o2BIjwT1FGDnsKczelMB55FAnuDDHWgDPIoJz1pqtSEmIwO7NIy45p7EDn+VN5IoTZQnWkKjNGB60uRk0BYZg80nAPrTgeD6U3jPSmCQDk1rwjbGvBAx0rMhUNIoHY5rXXGM1nV2NqUeom0UAD1pwHNLgelYJmwYpSKOKcAMe9AxAO1Ltpc+gpc0XGIPcU7FGcClBoAO3vS0cEYoA5xSGGKcBijmlHWgBOvalPb2pc9qADnOaQAKUDIpR60CgYgFLS0AdqAE9qdtJ5oHBoyTSGAFKB2NGTTsetAhKPwpSKB06UAIBzSilwKAKAEop2KMUAN2570uKU9aD0oGJ2opaMUgE60YxS80uKAsNIoApcUZpgJ39qKUijFIBKTB706gnI6UANNBHehfpS9aAEIpCKfSHrRcQzqMUuBinUYzQAzjmk+lPIpvc8UxiYzQBkYPWnd6CBSAaRQQKXI70HnpQwG4pMc807pQeTQxjcc0oFKRTe1K4hMc0lO96Q/pTGJt9qTAFODUjdKAGY9OlHfGacegpPwoAawOaTkU7rz6UGi4jGyAOlNOeT2oHA6c04HFegeavMaB3p2QFFHQdeaYcYxU3uPYQgbs0r4FGDnpxSbSepoJ1AbcYNN6dBilJxwOaBzxmmCG9qbnjinYI7008CgeomeM0AcZxSg560NkDkimCYmMU0jng05hjrTeKBlizTM2R1A5rTUcVTsVwpOOvFXBndWFR6nTTXui0ozRjmlwc1kWLx6c0o4pB8ppw556UhhjFAXnNLThQUJ3pcZoxzSigAFKODRjnil6HNABincUYopAOyPSjtScilosMBQKM0oHPFAAcY4pT6Ug9KdmgBOppcUAUooGFGfalxQOmTmkAZ4oFLRzQCCigfSloATHvSmkHFL0oAMe1H4UvakwaAENLmiigAFO69Kbml5FKwBt4pCMUu40E5oGJjik7UtFABijFGKUUCEoIBNHejIxQMOnvRj0o6CkzzSEwoPtRRTASm4GaeMUhoBjT60vb3ox2oGM80CEIzwaTHPFPIBpBxQNDQD3FHtTiMjmm4ytAAaaMZ4pxIFN75pWAQjJzQelOOKaRVDE4xRxmlIpM0gEYelIcH607FIRxSATAB96aeQaceuaaetOwzG4B96aOvFSfwDjmmnp713Jnl2DjoOtRtnPTmpTj8ajOSeaCnZgCc0MaXaMc0HpwKbDZWGgqD0oJHYUnU8UpOBjvSItYb1ppXPBp27npxTSST0popMTaenFI3QA0pJBFKQpoCyG9ab3pTxx0NJu28mmF0a1quLdM45GanxVCO8QRrgNjFSC+UD7pzXNNO50xkrFwClAwaqLeqeowaX7aq9s/jUWZXMmi5jJpapC8GBxSi9HXafpRysLlwc07BqmLz/AGf1p4vB3X9aLFlrbSgVTF7nnYfzoN6QeF/WlZhdF3qaMY7VSW9P9zr704XpIPyfTmizHzF3p0pQD1ql9tOSAox65o+2tz8o/OlZgXqO9UftzAfcX86ct82c7R9admFy6B70uOaom/Yn/Vj86T7c+ceUuPrRZhcv4OetKBgVR+3MP4B+dL9ucniJf++jSswuXgKWs837knKAfSj7e3A2Lj3o5WFzQ70YrP8A7QkJxsQU77c+cbF96OVjuX+1HeqBvpAeFXn1FH26QdQv4Zo5WBoUVn/bZecBRx6Un22YDnb+C0crBGj1NLgis03sue35UfbZx1I/KizHc0vrQM4rNN7Njqv5Uv22b1Uf8BpBc0cUcCs37bMB97v6UG9m/vf+OiizFc0z04FJ0rNF3P8A3x+VBu5cfe/IUWY7mpwab2rLF3P038fSlN1Nj7/HoAKLCNPrSZ5rM+0zAH94f5U0XMp/5aEUWHc1uvSkxWWbibA/eHI70n2iUjJdj+NFguap4NJmsk3Mv99vzo8+QjG5vpmiwjXzkZpAOaxzLIT95h9DQZJGPzOx/GnYZsGjocd6xjM+Mbm/OgSNjg0WEbOM8ikJHrWMHbnnk0hkY8ZNLlGbO4DqaDgdSBWL5jDjNIWPY07MDaLrj7w/Om7lzkEGsbLGlzSsCNkyL3YD8aaZY+fnH51jNnOO1G4gYxRYTZrmWPH3x+dAlj/vr+dY+4jqTSbj60WHc2DPF08xM/WkFxF3kXPuayc89aRgetFhmv58R/5aL+dIZox/GuPrWP24NHI6niiwtTX8+Mn74o+0Q7gPMXn3rHzz1pD+tKwzYNxFn/WL+dM+0Q45kUVlA++ajPPXrVWAkPtRhqTIJyDR6c12WPMFI5GRTGJ3dKduOfpQTxk0DQZpmSad1HFJtIIpjauGOenak4peeeeKTHvSEJkCjGRyaOnWk5PXpQD0EKg96YcZwKlpjHg44oC5G2SRTCDzUpO4elRtgDmncmxGsmGCkfjVlTmqjdMip4pCRUyRrBk/TtS44FN3U4Nnk1kbJDtu0Zpd1G7PAoyO9IscDxS00NkcUu7NJgLu+YelKOTycUcY60nQZoVhJD/agdfam7vU8U4N6UhpDsc9KXtSbuM96QPzyeKQxRwelO5Ham5FG7kc00NIdmlBpu7kijcB3oEyTtQGwKjz+tOyMCkAtA54xSbqTeN3WhMB+MdRTgQeaj35yMHj1pd1BVx/JHFH1pu/JoZxjI7Uh3H4yc0DB96jEgIpd+BQIefypM+1MLZPWl3YFIY/pzSZ7cVH5ihsUNIBQIkweeKOc1CJsd+tP8zigaH5xxS4AqIPkZpC4PegCXIo7cVF5vajzKAJc5pM56VH5mO1Hm+1A0S9RzSbsHjpUXmfpSeb8x4x70gJhjpSdDxUXmc5o83P1osBKScUh6ZqPzOOlIJPWmFyUD0pBx1qLzSOgpN5644oAm4oIBqIORSeac9KAJSKTPpURcknOeKN/tQBLjFHSovMPpSGVvSkInyKTIFQb+vBFAdsfdosMlJzSZ/Soy5xwOaTc3UiiwyQY9KM9qjDnnC0m9jniiwEmR2pNxIxUYJA5FJvOCMUBsSdOaQnioizZFIWb0oEP5GfelUYGDURZwc460EsOxoGTgAtxRj5qUnB4FJzu9q7tTy9BDlSKH5PpTuv1ppy1K5QfdFKPWkwTSEAHmgYEEDk00Z6mlGc96BnNBIhPbFNxmnEjOMYoJ4oGN2imNz0p55A55pCecUwG4IFMbpjFSEc8nFNOQelDB6ELDHNJHFK7kKMjrkVIw3dRgVoafEPKZvelJ2VyqabZXELY6HNO8hgO+a0io9KcE5yQK5uZnUkZfkuAMZoEL9TkfWtbYM9AaNo6Yo5irIyxE2O/wCVOED46GtTaD160CMelLmBRMv7NIexxTvs7jsfyrUCjpilVeeBzRzBYyvIfptP404Wrj1rUVQRS4555o5gSMw279MHNL9kkxgoRWpj5cUuOKVx2MsWsnQqQaX7K5/hJrUGMdfwpevWldhYy/srk42mg2pJGVbb7Vq47UBTnBouwsjKFpJ6HH0pRaOD901rbeaCATz17UrsLGP9mY4wDyaUWkmeQfpitgjnOaTjHSncLGSbdyM7SO2MUotJSOUNa447fjS8YpXYWRkfY3P8Jz6E0rWLjB2EmtXaKdjFDbGZAs5Bj5DS/Y5eoXjOK1TgdKXrRdgZH2OTPSl+yPzxyK1CM04DHSlcEjKFk+77gxR9hkPzYX6Vqt1+tAXjHWi7AzPsLk52jHpQNPkxnjGcZrToHFO7Azjp8n95aDp7ZyGFaRxR+FK7BGd/Z7Y6qD/Og6c394A1pYz2pO9K7GZ32FuPmX8qP7Pb+8ua0T9KMc07sZnf2exwd6+4xSNpzc/MPyrRwKD0ouwM8adxgsOPWk+wcffAP0rRyO9GAetGoGb/AGeSfvcfSl/s/nhh+VaOOKTFK4Gd/Z+eN2PwoNgSfvA/hWjjmkxjpRdiM8WHYtzSnTx3f9KvduRQMGnqFyh9hwPvcfSk+wDsfpxV8ilwMe9ILmd9gHZufpQbEdzzV8DApMZNPUZQNgM/fOPpS/YgBw1XgMjHelxRdgUBYLjO4/jSfYVzy2fwq8RijA/OgLlE2SYwCfwo+wqO5q8Uz0pNpznHFFwKJslJHUetJ9iTNXzTCoFK4FI2Kk8E0hsVAq9gdaac0agUvsa4xk0n2Jau9aTHPtTGZGPT86TGM5pVIHGKTb3zmvQPLS0EBwKdg54oHAOaTecYxikUpWF6d6acc80ueOaNvGT17UrCuNDcDtigEZzSEZo7Uwtdg3IxQAFHWkPanY7kUA9BhGPxpCAME0EjPTmlI3d6AGsRtpuc455pxA5zzTMYxxRoF7ik9jWtax7LZF9eTmslc7hjkk45rcAAUL6cVnV0VjWluFO96TjPpTgAawOgQDvTsGjA9aUD0pAGKXFKBShc0ikIM0uOeKUDFKKABenvS4pSMUUhigHNAFL1pcUAINv40deKAPSnAEUAGOaOc9aUCloAQe9Jz1FPpKBBRRjnpSn2oGIc9jil6CilFACYpfrQPeg4zQCEo6Up6UwtjqcAUhi85p/as261eysUaS4nWJcZBc4rAufiRoNucedNI3YKmapRk9kDOw6mkJ5rgpPippW0lLe5Zsdhx/OnW3xN0YlfNS4DEcjZTVOb6Cud5S8etcvF8QNAmxtuwmeu9G4/Sta31rS7kAw6jbPn0cUnGS3QzSpRTEIZdwdSPUGn1IIU89DikOcetAb1pQeaAG896DTu3NBFMBvSjGaXvxSUhiYpcUUuOaAENJTqbikAtN6GnCkxntRYBKAKOlAFMAxijHOaKTFAg68U3GGp9NIyaWwDQOT60HjGaXH1pCD3pjDbzQBzijHFDYHIoATNJ3pTR2osAzFBGRTsZ4FIOKAYwqaQCnmkx6UIBMDHvTTSnI70AZ60DMYkKaO+Aab3FGOSa7zzLsGHWkUHNPPIpvOODRsOyEY/NQOmSaUL78U3vQJq4HmkJ6CgikJycUWFewuQaQ59aOAetLjIpDGEEdOaO3vTiMHrRk9qYNajM46daGwR1pQc9qQrzkUhIlgQNNGD6itbb6Gs6zAacHP3QTWnyO1Y1NzppLQMDvS4GOKMUo61kbWACnDihQe1KOvSgAFO7cUhOaXvSaGGKXpQRxmgZFAxc80UtL9aADA+lJg0tKBgUAAJzjAp340mPSlKigQtKKOtJ9KQxaBiil7UAhKUdKKDQAmeaMNxjpS9BWbf67p+kxg3lwsYI+XJ5P4UJX2GaIIpGYKMnP4VxVz8RtL2P9mQkqMgynaCfQVmXXxRhazZY7MicjHJBFX7OQeZ3l3qMUA+8GIBztPTFcJ4l8ftp9nGLWP95IWwXboPXFcbdeK5Z4yqFg5bcXbqTXPXckl1O0jkMT0qlFRepN7uwuoaze6lOZLy4kmJ/vMcD8KqGRtwK8CldOB8tMLbTzROq+hSJvMJWnI6qCTnJ9KrKS5JB4FO5xwaz9qxpGhHIMDDZNXbfeD5iOVOOxrGUsB1/EVbt3J+6cH69aXtZFHW2Pia9sVCqx+XHzADn6g12Ok+NmmdUuVbPqh4I9cda80tp1yI3Xn+92q67GMZT8RTc11FY9usNStdQXMDnd3RhgirhrxzSfEtxYkLMoliHHPDfga9E0XXra9jEanDjjGd2fcGhrsK1joQRik4z0pFYHpS9eakQnTnvR0o78UvbmgdhKXGRSGl2+9ACE0hNKB7UYzzQAmKKOvSg0AJ7UoxiikPXigQuKaQcUtHrRYBMUmBml5NFACHGcZox3zRxmj6UWAb17UEc5pTntQD3oAbjmkxTjRkY5pDGUDgc04jjNJmgGNI5pp45zTs5pDg9aAWw0cg5pMYApcY6UHhaYIxGXHNIcHoeaU5wT+lLtGBmu+55lxPu8mkHTj9aVjxRkEGgaE6CjIPGKb2oHHSgSuIF5JpWGO9DNnpSdRQrh1EHQ03vTv4cUmeaY2xecU3kcUuWBOBSdRnFIaYoP50g4z3oXOaOeRQC1LmnjLOSpxgAGtHrVTTo9sJJ6sat9zXPU3OimrIWlA70nenYqDUCKVfSkxTlPHvSAMZxTsUnFKpBFAxRSjpzSe1KDjtSGAp2OM0mCeaUUAKRxSdelL296XGTQIBwOaABmlP1o25pDAdaXFGKKAFxijtR1pKAF4pCQKRlGCScVja9rMOjae07Oc9APU0WvoBgeLfFsllI1lar+/KYLdkJ/ma8xu53lZnnkaaTqzMck1YvdTmvGkkLHdIxLFqwbmZwCM5zWzlyKyLsNnuS2QPlFVDPt71EzMTg0xlyKyc2Isi4HQ1LFMO/Ss9TUquVFS5CsaaFXBXsetVpYSGwOlNhkOeKshtwwAM1LZVimwZOgNCvg81ZALAjHIpDCHX0NSAQsrNxV+FFJGRiswwNGev4ip4pnjXPJNMDYRGVTgjFTRznox/OsyO9KqNxODUyzcnJzmgZcZ3DAkcdRirlhqd5Y3AmtJmRh1Hasr7QBx1qCRmz5iE5xziqjOwNntHh3xtaaosdvd7be6PGT91j/Q11x6cHI9a+aor6RcDccg5rrvD3xAutKZYrpWntcgYLcoPUVry8+sSdj2boDQOlUtK1ey1qzW5sZhIh+8vQqfQirpzWdrOzC4uPwoPpQKOc9aAE6UUHIpKADFKMDrzR14oNADee9Ljmjig9aYCGjFB4ooEHtQRQcZpMe9IYmKMUvtSHpQAnWgilA65pMYFAIQD8qDhqcTTcUAxMECm4pwGaQg5oAQgZppGTT6Q9aLgNAFJ1pe1B6UDMHGB70obIx6U0DrnrSqOTmvQPLsIetLkGjbk+1KAM/SkCQgAwR+tIO/cU4n0pMZ7UhobxnIo5PQ0uB9aQenamFhAPaigjPrSZ45zQOwbuaQH8aUDcQelNOBmgWqAnFHU9cUY4yACKfCm+YD1IoBbmvCmyBF9BUmCaFyBzSjPeuWT1OxIQZHWndCeaSlFSUGOKco60g5GKd04oBC445pfakzjFL0PNAw704daSl7c0gDFLikpwHrQAAUuDmk/ipwNAxaUmkpT196Qg70UUDNAwApaMUxm2gk0AV728is7aSWVgqqOSa8V8Qa/Nr+qswkd7dG/d54AHsK2vH/iD7XeCwhZgkX+s571x5l+yw7gAN3AHvWytCN3uNK5DcSAuY16L3qj5e4HAqaFjNKQOuM0gQ+Y65w1YNlFBowWwM5qN4CThea0FhwzAjOKjkjMaFvWpuIy9uDQSRTnBJyKbwRSuA6OTBqzFLg1UA9BSbyuQDQhmwCAQe1OZdj7hnBqja3igiOToe5q674XAbI7U7ATBNygDoaU2xAyvPtTIZcAbuKvQurx7hj8akZVW2V1bJwRVd4niJArRMyggsOnpTZfLuE3JjI4piMvew65qRZQRjPPoakmEaLgj5umapuuGyDSBk+MnINLHMu4qxqushPFDfSqjJoDf0fW73Qr1Lm0dhgjcueGHoa9m8KeLLXxLZZBWK7jGJYs/qPavn6K6dEMZ5B9e1W7O/udPuo7q0laKVDlWU81spKekhM+mQcijvXOeEPFFv4isRgql1GB5idM+4rpM5NRJOLsxIaaXrRnmlxzSGNz7UhPtSk46Uo5FADaBRS80xAfm6U3tilpKQhegpop3WkoKEo9aMUh7UxXF69aaMjINO7UmKVguG0DnNIVGKXqaCOKAGY4pcZoPA7UhJI4oGJgUh6U760cdxQAyjjOKXHFIRQBhdAaTPzEGjHGM008d8132PODJUmg5596Oc804MCeetAmNXgYzSEYHrmnHkZHWmkkdaQaoQc+1GcGlAwM009evNMa1Atk8UpORikxmgj5c0AxAeaWkyCBimtzxTFcdU9ogadQc+tQAYAq5YD52YDoMVMnoVH4kaOOMUtNHBpwFcp1hSjigcClB4NIYoFL075FA6Uo5oGLzQKOtOAFABSn07UmM80vTmkAHpS5HFGKUcjmgAH0pRnr2owDiloGFLjFIOnNLSCwd6MnNJTsYpgJXOeLteh0TSHkeT96+UjVerGtq8u0tIHkYgbVzya8F8T61Lq+qyyySFo1bCL2WqhG+rC1yk1w9xM0khy7MSSfc0yeRZG45CjFVTJUkOwRuzdMcD3qajbdykrEVlN5d6GPQ5HNX3B815R3HQVjqdsua0Ypi6nP3cVmxomUKZAR/EOcVBqS+Vbn5eTjGabA+0lTkAGrWpqstuAAN24H6VIHPAGmgYfHerslsEUc5Peq8sOBvxxQAvl5HAprQc9gKt2JWY7CPmH61oyWAdAoxk8imBz+wKcE1IszKuMnFT3EI/u7SvWqeSKALSS9AWyKmEskMgKvlTzVSI54NWliZVJxlT0pMCZp1lX09qjSV4z14qIhQQRwaViGG09fWmmBPMwlAbpVfJBwelNBKjHNPkO9AQMN3pNgNIxyD+FJvJ7UAkjGOaXZkEjqOtADZDwCKdDIQeenpTRzwajztOKaYrHS+HdTl0rV7e4hYjDYIB6g19C2VyLu0inU7g6hs18wwOSQuABXuXw61Jr3QxC75lgG0/TtXQ3zxv2BnaYHekPFLgnnvQayAAKQjBxQDjNHPSgQnvRml6GigY2jmlNJ170AAoOaKKAENJ1pcEmimAmDR2p3am0hBQeaMYoPtQA3knBNGMdaMc0vHWmMaaBSkD8KZQIOppSMGjgdKDnvSYHOUh4PWlIxzigYI6V6B5qkw4FB9hSY54pxXA60gTY3jpSZFOHA5pMA0XDUaKM5pQvXnig47daLhqg44FBPBBFAHNIfQUmNDRge1BII4pSM0mMA5qgsKDmtOwTEBb1bisxByMc1swLsgQY7VnV0RtSXUlNCjoCeKXnFIBXOjosLilGRRxnFKeDikwAAilFGcCloCwo4pwGeaaMjrSmgYtOB6U1elOBpDsAGKByc0dOTSr0460AL9KOeKXBpMUALRQATmlxmgApkjbVz0FPxioJfmB3DcoHQ96QHnXxA8RSWtrFbW4yJWyZeR09BXlDSEn2rrvH+oG71swAqI4R8qL261x7EKpNbSfLBIa2EznJzUpkPlcVW57U4udvtXO3cYxjzmpI5zx2A4quz+lJnioAvGYLKMZwetaMkquhG3txz3rADktzV+GQgAE00BNIN0WcZPc1W+VoyDyKsSSZjdBnDcjFUkJBKjvQxkcbNbzq69jWgb1mORx+NUpV6ZoHHNICd5vMB3dTVFxh+KlyS1Mck0gGAZOatxTkLjoKqj5TTwDnpxQBLIwPNRBjupzUzbkGqTBkwfgcZpC+aiGVPtTh0pCFBOeDTs+nWmdBTlHOaQ0I2QcihzkcU/APFIV5xTAI3O5TnpXq3wunUz3Ea5Hy53D615Oo+bnrXovwvugmvrCf40PGeprak9GhPY9rVty5GKM5pqgrwBgelPqUJCYpM80p6UnWmMM80dcmjGKMZFACccUhHcUpGDRj3oEJnigdKKM0DADnmikNFKwAaO9KMc5pMc0CA9RSH3pe1J3phYSgjNOxSHGaQxpIpCp60pA4o53UxIac5opxxmkI4oGc4ORTSMYNLjI9KQkk4ruPMEHFBJLcnilPag0xATx14pM44NBHvzQccZ60hpAcjpTep60/tTcAHJNFx2DjvxSnbnjrS7uOBTD196BX7AOevFHakwad35pjQRDMigDknFbgOelZVmhNwp7LzWqKwqs6KSFzzS4zScGlHtWRqKKUd6TpSjOOelIAHJ5pwNA5pR1xQMXPFLikpQaBphSjJoHPWlxj6Uhi+1LjFIPXvS5zQIMGlpM8cUvNACmgA0gpwoGIa5vxjqh0/QZ5FHBUgj+9x610hxivO/iajzWUMSlliX5nbPAz0/lVQV5JAeP3MrzTNIx+Z+TUTscYJ4FK2SxzxULk0qsrspC7xjFK+No61EKcxJGDWLARiCOKTNGe1N60hi9DVlDwKrYyalQ4+XtQBYzgDHaojw+acrY6mkcZ5BoGOJz1o256UoAZRTsUhpED8GmNkj2qeQEc9qgIzmjcTGcGpl4FQcgVJG2BihiQ9hk8Uw+gqQc9TgUwrj3pDaEI+UUgbBxSgdjSFRzmmTYfmlB9qYPWlzz7UDHg4HTmlJyAeM1GpJNKD82KAsLj5s10ng24Nr4lsZFIA8wA5965wcnFdN4MgWXxHao2MEjt15FbUH7wmfQyncgycnv8AWnduajj3bcEdOKk70CV7AKCKXAFHegYnWilNIakBpGRSU7nPNJkZqhMOBSGlPNJSHcXAPNISBQKMc0CCkB5opRQ0AhozxSmkwQaAQmaQjvTuM0cAUD2G5AFJ34opduR6UxiHjnFIeRS80meORQK5zR5pVwOtIOKQ5HSu5HmIXPcimg5pxOeTTST0FAhc4GabyRmndqQZz7UxhkjNAo2nrSZwcd6BrzA89D0pQeORSYOcCgjmgBRgijA60nAoz81JhqXrBclyewFaA4FVrJQLfPdjmrOOK5qjuzrgvdFHTmlx6UgHal7VJYDmnA8Y6008U4DpSDcWlpKXjrSGLiiijmgBwxjrS9Kb9adxmgEKRkUAYpOe1O/GgYtFGKKADp2pRzSZpQeaQgblTXH+PhGPDdwH2gkDkjnPYCuwPSuR8dxNJorZUNhgR7YFVHdD16HghGDz1qJ/0qeVGVjuySDzmonPHSpqP3iiNetHSkBw1OP1rJgN7c00HBp/FJSuMU9jTh9zI60zdkYpy5HU0ASAginkcdajjIJIP4VJwBzSZSHIeMVKBnvUQGGBFToMnpSKRHMny1Bt44q5Im8Zziq4XB20Jg1crP1pF+9U00eBmq468UyGT9qTcKdGNwzTXTmkMZnJpSaRgetHUU0IMnGMUAmk96TPPpTAl75pA2GpBzjJpQMH60ASqpJzXc/DnT/tfiBJDnMBDCuLjXJAwcn0r1j4T6YRFe3zjADBEz6gc/zral1Ynsenjk+lFIOBmnUhIaWp1NIJHSjoKYCkgUmcmkzSjB5pWEBIFIcUpxmm0DFpMc0UE9aYCig0lGAaVgDr3pDRjBoNMAFJ+NKcYpKBC9KQ+1LSHmgBM0nINBGaOooGB45pOvfFLj1pCBQI5o5JNL25pOR9KQ85rtPNYhPYUUmMDinA+3NUQxOlAH60bsmgtjtmg0Q7BxTCOc4p2cJz1pvUZpCbDGO9A59aUgMPpTegxQgQpO3jFGefegYPWnoAXUDucUFJ3NaBdkKD2qUUgGBjpS5xXK9Wdi2F+tA60Z4o7VID8YozikHFOAH40DF4pfpSUtAxccUd6SlHODmgA704c9qQ+openSkMXjBoA460maUZHagBePxpec8mkoxQAtHI6UmaWkAueKo6nZpe23kyDcpzkevtV6kIHNMZ4V400X7FdF44toY5PoBjgVxTDqK978c6UbvQp5VG54xlfb/PFeFSKCSPTrRNe7zCTexTNKKcygZxSLk8AVkWIRiin7cdaaw54NIBoHNOpopwOetAwAI5qwmHUetRjGKcFKnIOaka2LIjBx3qVIyhwc0QYODjiroh43A5NJuxcSu0ZbpUHklWzmtERcn0qNoxv9qkuxSli3pytZrLsYit2RPl4rJnT5jTTImrIWLGznrSORniol3H7tDJIW6YFOxCYjMMYoC5GTSbCDgignPAHSmhCgDHSm9+lPAPU0nU80xBz6Uq496UHnFOUZPFAF7T1LXCHI4Oa+gfCVktpoNsAAGeJGbHckV4z4Q043eoPIU3LAA5GM55r3jTIRDZW6AYAiVcH2rZK0RMuhcCjHGKdSHpSuA05H0ox70p60p6UXAbgA5pdvpTR1pc+lGog6ikPpS8ig/rQMTHQ0hozSkCi4CUdqKKYhMetAooxQAcZ4oPSjjPFGc9O1AB0ppGTmnUh60gEz7UUpzSUwE7+1GMUH0FGDxmgDlx0waTvzQAcHFLnPWu8812CkLfnQCSSewoIBOe9BI7+HrTR15pDk9KUAnrQUmwILH2oKnOQeKB1oLAg9aQdR2RimkDOTQCB3oJB9aChcCpbVQbiMD1zUPUVcsVzNuxxik9EVBXlY0uaKKM1ynVYUGlpM4HTmlB/GkMX6U4dOaacZpe2M0wFz7U4Gm80buwpDuOzjqKVfrTRnFO6UAKMZoPPajrRkikMcQBzSg+tM5pwoAUk9KKQdaWgBaM0lHORjGO9ADqUim0tAFa9gWe0ljIyShAHqcV4P4v0d9M1eVEh2xYGzA6+pJ9a+gCOme9c54u0WPVNHmV8KEBbdjkfT8cU4vowPnlx64oiUbh2qW4jaOZkcYdeGFFshaTA5rKS5XYofNFhN2RVXbzmthIFK4JGfcVSaABiBzip3GUSME8UFTxirghB5xQYRzgGkwKo3EAAVMisOCKcibW5FWQUxyallJMSElWwRWlHwBVSMKxAHWrMZIqWaxROBu60MAKUMMUMwP5VDZolcrupUk1SmQMrZwSasySlwBGcnPaoTDI5OSFpxuyZIggj2ghvzp7ICM8VOsUK53MfqTipkktBGcAY9TWnI2Z2SMiSPHNMihd22qh/Ktv9wy7lUc+lSQKo+6QCa05GiLX2MaS0dFztJHqBTVtueRW+sLE8tVG7kMF0EkUFWGQ3eoK5DICsZdoXnOMVIqNGxDDB960YGsjfxtGrmTnhhxnFWNUSF9auI41ARSAAOg4FNEWPR/hlo6x2VxdtgiVlCk9wBz/ADr0dVAUDHArzDwHrEemobWV8xOwI56ev9K9RHXrmtb3Y5QlHVh3p1JRkUyBTzTe9LjnOaMYyaQCAYBJFIDzS45pD7GmIUk0nbk0ho7UrALgYpDQKMd6Bh2o+tBoxmmID1pDil4ppoAMAHrS+9IOTS8UDEyT1GKXgmkpO+KBCnikGMmjBxQo9qEhAaPalBpMc5pAcryOKbglutKucc9aXIGa9A81IQkZHWk3c9KXOTS4GKBPcBjrRk0nC+9AHPWgYmR704Gg49KTHPFIB2QRkUmCenTvRwB6UAe9BQnJ4NX7BMb2z6CqWR0rSsVCxH35NTN6GsF7xbPFIaWkrmOiwvpSik6Clz2oAXGelKAPXmkHFKpxQMU0oHNB6UAcZpBuLTsZpOD2ooHsLS4zyabSj60hju3FKOlICT0p3bmgBBSikFOxQAEUDmgUoPFAAaKCOKO9IBcce9RzKpifeflAyfpUme1UdYcJo163/TBv5Uhnz94ghWXU7m4iQKryMdg7c1mWCyGcBANx6ZrWmG53GO55pvhiCC48T2cV380RY7h2PBqpu8rGkocokMO/cHbOOOKQ20SAkDj3Nal5BFHNcvEAF81sADAAzxWRKzMRgHb2rGasJIiZ0X7qge1MmnkQD5AAe+KkEYLU5oyYyM5FR6mljOFwS3TJqwm0sA680wQKjHjmnhckcVSsKxZ8leMAg1E8skcuxRu9Cae8nloPakjbz3LYAOAAPWk7FD1e524O3ce/pSF7kYV2BUnnAxV6GAYFNuEK5GDzWLtc1iRbkRAUUDPAxTJmKRhgp56GoVZzKFC7lPp2q15RZADVp2EyhkuCD3pqwsT7etWjA34VLHHg4rZTsZuFwRCsKxjoO9OEZX7pNTIpx0qwkYPbmplUuVGA2FmwBjNQ61bZt4pwPuttJ9jWlFbhSM96tzRRyQeWR8p7etYqVncu1zkjZPaQx3u4PxuC4xiixYz3TGQ8tkk+9dHd2o+wSRheNmBx0rm9LOL1D2Fac1zPltJGxbSyWsyMp6HpXumh3DXOh2Uzk7miGSfavEnTdcKoXLEjAr27Rrc2ui2ULfeWIZ+p5qqLvHU2xclyRRf60Gjv1orY4QxxR2o57UY9KAE44pOucUpxSZ5oELjimkZpxxxSH1ouMMcUlHWlHWgBKO1GeeKKADtTead0pKAE5FKKSjqKBMCKQ5peaKAQUUdqSgBTxSUnQ4pc0WA5UZOfSjd+XrSEnFIDkZxXcea32FBJB5xSjGKauee/9KXnHIpi3E+7QSRRnB5/Kk9zRcGxQc98U7OKZ6Gng5oGtBOCeacMdqaRzhcUDg4xSBsAAW4FbFuB9nXscZrIUjfitxBhQPQVlUehtSWtxR0pwNNHWlOKxZ0B1NLkCkNFIY4fNS9+KQYFKM4zTEKSR1pQTSZJAzTs8UhoDS0ZooGFLSZ5oB5pBYeMetA603vS55pjF5FOyPWk+8aMUgFBNLScUUALS9aaKXpSAX8Ko60u/Q74DvC38qvZpkirJGyMAQwIOaGNM+drl9kDOevbHrU+mR+XpwuIwPOLE57+lVtejMF7NbcYilKmtDR1/wCJXGB0BPH41M04ts3qy5tiSNWNmqyD5+cmqLxFSTitMgjjqKjkTK8is5yCEdDMCHdlhzSFTzxVtosnimFDg1k2aKJRMWSeBUiW+MHHFWViG4FulS8AdKEMqPbK3BqO2tmEuOgBzx3q/jPapY0A5qritcfFGAOtLJCHQ81JEue1PI64HArJmsUZsVoiynjBPWp/JVc9assue2DURG3rQ2PkIHgHUVCYyDyKuD3FIULDOKalYXKMjQngDn0q1HESucBfxqFcjHrU8ZJNK47WLYRI1wSCacuGxUSru6mrCDbgY49qVxqIydf3EinoVNcbartuVZTjDcmu5nUPA44wVIOa5qOxInbeeAauD1IlG7NeztzPqNsnGXYYr24ABQB2GK8p8L2Ju9YtmYcBwQPYck/pXq/fPrW9NWiY4l7IPSl4FJjPNGea1OcU9KTtRyDSHrQAZwaOtJS9uKBCUUCg9KAD1paSjnNAAefrSUE0YoC4YooOaTtRYANL070hpG6UDFowKMelAoE2JyKKCM0o6UCQnOelGDR3o5oK2OTOT8vegDAwaQnPIHNIc13HmMfwD8tDHoc4pox60YzxRYVwzkUZ5ApMY4pCOadhMkJ429KQYB5pvBPFGB60WHcU9cjvS5OBzSEeh4pAc0AyaD5pFGMjNbQPFZNkp85TgcZ/lWsvSsap00VaNwGe9KPejt1oFYG2guaB1xSUCmCH9KBSZ55pT+lIdxw6c0Cm546U5elAdRc04U0dKXtQMXNANIRkelLQAu7FKKbgemaUcigEOBINO7UwUpz0zSAdnNFNHIoyQetAD6SkB596XOe1IYvXvTScClzg0HkUAeKeObBYfEN6SMbzvAA655zVDRSPsrrjo39K9D+IGgm8tV1GJMyR8OB6etcLZW5t0yx4Y4FOesbmsXdE0g4zVZxkVZkcHjGKiK84XpXIzojsVGQgetNPAIxVmQDIxUZjz061NrlIhxnvik4qYoAvNQMwzgUXsOxIoycVMi84qoiknkmtCMbV9TT6Ej412mn4HpQuOOM09Rxg1izSJGxXac1A2D3qSYBYzxz2qoGbHIoWppYl3DPSnAZPBqJH9qljwetMkdsO72qRFycUKPrUoQdOlAxyoetWEIIxUK8damQggcUhE8UIleOMnhnAPtzUS6Yk2pz7wQiu3HY1f04xrewtKQFGTz61r6JaG/1OTEeYFcu7kcdeBW1ONyOZJ3Zt+GNJFpb/AGqWNRLKuFA/hX/69b/akxjoMe1FdKRwzlzSuKOO9FHajIqibinsaRuaKQkmgApQcUlJQAvFL3pO2KM4oAD9aOaTNH0oAPrRS0nagAJo+tGKQ0AhTSd6WkJ5oBh360nekxzxTgDmgSQY5pdvpS0mM0tR2DrSEe9LjHSkIphc5HPAxSEd6AuRnpQScgGu880XjpQeBgUAbuTTWJz1oE3ZBjvQeeKOB15oOcZxTEKODg/nSnA6ikB7k0ZB4NILoUHI6UhBPagCgkjigqxe05fnYnkAVpd6paeu2Ik9zV0nNc9R6nVTVogeaO9HFKMVkXYKM80Y5ooGLxS9KTHFFAIeGBAo4pvFKMYoGSDpRnjNMB5xilwfWgY7r3oBBpBjvSn24pAL2ozR2oBzQA7JzQR3BpMUUALkZpetAIxRnFACnijIpMk8YoA56UDFwc0oHWk7ig/WgY2SNZUZHAZWGCK8u8Q2K6XdfZ2UjEhZGPQr6V6XdX1tZJm4mVPbPP5VxXiLU4dTlgCw/JGWAL9Tnv7VUFfQnmUdzkJDzjHNIrZ4HWpZo9jMM5OargEN8wrknGzOyEroVlOOvNR5wevNSM2frUDZyazUjVCSNwcioYE8yQ98Usu7GR0pLeVYd3qecVN7sq+hZ8raeRipAVA61nT6i6uVCbvcmmQajvJDLtPSm2JxNZW5HPFSF8c1niYFeop32gBeT/8AXrOSKLEz5x3zUkaKQNwrElvJGY7Bj3qe0vJTnec+lJJo0VrFyeMRTYUkg84pEyvXvQ8nnNk9cU4L0qgaRPEeasAnPNVowc8VYxjikxDxxnjNTRDPBqFKmi5NNEM6bQNKgvbiEzJvX5mIyeQB/jXbQ28VvEI4o0jT+6owKwvCVu4sGuGBAY7E+g6/rXQkY4NdsFZWRwVHeTF70pHGQaaBS1ZAnfFOGMe9NpTQwE6GgdKKKAAjBo60UlFxBSfWlx70c9aYw7UdKD2xRQADJpc8Uho7UhhQelIR6UnNAhRSHr0oxxSigTAcmlHek+tPA9aBpAo9qdgDrQBg04LQAzAxTKkP0phGOaAOOYY6GmknFJn1pd2B713nmXHHIGDSDnoOaDlu9IGIPpTACcDkUoNA5GTg0gPOKAFxnFKMYPPNIeTSZAOB1pBbqPHGcikHUUdaBneOaBqXc17UFYRk5JqwOnNRQ/JAoHpUgOK5Z6s64vQXFLSd+KF6moKFBpetApM80IY8cUGkHtRmgLhTsZpMA4pRxQCF4BpelN96UH2oGP4oA9aT8aKLDFznjpilPApAMYOaU9cGkAo470pJNNpwPGKBgOKXOcZpM0hPegBSMUA8VTvNQhs0JZgX7L3rnL/Xpp02xkRDrgGqjFy2FJ2OmutRt7UfO+4+i8mufv8AxHK+9YT5SDIzjn86557t5D8x5FRM2VIrZUktzN1GPnvGklLEgk9T1Jqu5LAE5zSKnPSi4cpAzDqozWnQzvd3ZRu3XzSARwMYHaqxJwKhE3mzHpz0p2Spwa8+stTtw+w8/WoWIzxUnNMbG7jFcrOtMhZcjPPNQsvoKsnimtyfepKbKEkecmohGBnH51ek4HFRmPAHGKvczciqFYdDUiKc8k1I0e38akj4GKTRSbI2jBXIGKlt4OTnIFS7RjIFPUEYqS0yRRnoKmYAgetQI+xutSiUMall3Hq5A461KCaiyM+1PV/SkBYQcZHep4UJxgc54qvG3pWlpqtJcoGHG4c00RKR6lotsItMggCfKqD8+5/PNWZomifBHHaq+i3CmAZYA8E1ryCO5jKAgN1Hsaug0ne+5xz1MukHWnEFSQeGBwRTSea7TEKXPtSYoHTrTHcD1oPWik70CFpKKKBhxR1oo5zQIQ0ueKMU3vQMcKQ0ZNJmgBe1NJOMinc0YGaBAMUtAFKF5oAAMmpAKZ0pw5FAXHAetL9KRRxS0AIc1Gw4qQ9OlNPrQBxBXJFK3UYoDEjBHSg8L65rvPOurCcgZA60mcj3ozzwaU4x707gmHX2pccZppU9c/hThnp2pCtqL2zTSMnilBwCB3pO3WgGwPNSRqWcAdaZ25qa05uF5oCO6NcAAADoKd2pM4GKUCuV6nakKDk5o6HilxwO1NyM9KkY4Hn6UoOSabk55pQec0APxikzSZpRyM9qQxRS/SkzSg5oGLwOCSaXgcg0m7NBNADvSlppORmlDAmkO9h2KKbnmlzigBRmnZA61E0m3pUMsvy5phctNIAOOTWRqWqpDGVjPzHjd/hTLieSW32r8oHXFYN5DLIw3NwKcYgVL67Mr46t0z61m7pA7BzjFXpFit8EsWaqVyQ0u4dDWqaTJlqKvzfWnY45NRK23mnbsjdWnMYSHsdq5zWbdXJZ/KB4cEYqzcXKRx5YgDua5q6vy84kXOAc8+lEnoKKuVRfi2nA2sdpwTitlHV0DZPPNYWoosM7DIBJyPerOnXjPH5bnJXofauKrqrndS00NUtkY71GRnv+VIX7igmuNo60Ix2jk1CXy3Wllxt4659aoTXBhJIGcUkNs0GKKpJYZqA3KEj09aymumkOWNNacDiqBJGqbqJuGFIbpBwtZQnXHNIZwv1pWZaRtR36jhh+NWY7qFxgsAa5v7QW5ANSJKx5AqbDdrnQuyKu4MMVFHKshJVhxWRmWUhQxx6ZqxFC0EnGeaOUT0RsxvlelWUyT0qjBwBV2PJYYNRYE9CzEoJra09QrqQeRzism3G5sHrW5aRnAOMD1on8OhMtjrNOuhGqjJx9a6O1nyQe9cZYlcjJ4FdbYSDYOK5KWHquXM9DGUoou3sWUEo69DVA1ps+U2nnNVJbRgu9MsvsOa9WnUtLkZg1fUrUHPSg0e9dBAcAUp4pOaOtABQOaKMjFAB9KTnpS54pCSBQAUcEUneg0ALxmlPpikoHT3pDAUvApO3vSj3pgKPel4IowOxpeRRYAGBzTwM800dKd2wKZIopRzkUmaXjvSGN74phznAp7YGOtMJ9TQBxJJpu4KcUpIJz2pGHPTNd55j1DjqBSs2McUKc8559KGJIzQ7ABzgYoGcYNMG/dmpB9aAuIvJIpen0oGD9aCTgelIbQcEZq5YKPOJxxtqlg1p6em1STSnsVT+IujGKM560E+nSkzmuY7B3PFKBUYzTs1NgH0E46UnPpRyBQMcDSim9uKXNAbDqCKbyDS5460DuKKX2poPNOoBMWkpdw4HakPBoAXIFMeXavFNc1UlkO7AODTsJ6DnmbNV5rgqvJprsVOTWfczgZycA9KdgQ43yq+0ng1gahcXDTkBnK9ABwDTrmVgQVbkdDUa3O8/MMtT2GrkckbSBSGG8jnNVr1ljSNEfJyc1O1s7N5jEA+9Qy2u7pJzjvRfUNyNZPlA/WkluTGhOOeg96gLvExjIwRUNyxZeOcHOK0Rg4jZIJJhvmOcdFrB1AiKfgD6dq6Qzh4stgDHNcpe3AnnIB/dqfl96JMdNak1xCby2gud3O3aePSqqHyJQwOMVetGX7JNbZywUyJ/hWLLcF2KqOB3rnkzdN30OjtphLGHXoalLMTWDp9w8LbRyjdRWq1yIlDE8E1xz3OyMtCdgCOKqSxtIccY+lTo6sMjoaUr81QVcypbRkJPUfSoTFk4xitojIPNVZLfc+QcD0rRMaM0QCneXggkcVZaEikEfrRdGgxEFSxqCMUscXbpV6GLYuMg0mw0GxwhMcZJqwFPHFOVeOO1SAVEmDHonAOKsxjJzmoVyFOKbJcLDEWY4Pp61K1FfQ2LJd86jsvJroYsBAMYrnNFX/RjK3WRuOew/ya6K3UysMciuiMFY5pzbZtafBvxg8fTrXUWcW0DNZOmRbUAPFb8IAHA6VdrGb1HMhU5zVmBQwKkkAjqO1VppirBAhbjPFSwSkMFZdoboa5nQl7TnQ1JWsZMkd9BePBMgkA5Eq8ZWnkEdq2ZwtygjLFJB91wOhrn59Tjt5jZ6gjQzryrgZVhXoR9/RLUysTE4pe9MR1kXcpBU9COhp3OaTQC5pCcGijGaQBmkpB3pw+tMBKXn1oPSk7daQCkcUDOOaQHNLQAuKUDNKBzS4pgKBxyKO9KBnrS4ApAAOOKO9FGaAFIxSd6DQOaAAnnGOKY/IxTz6Uw9+KCjgyx3YI47VIrDbzTC2RmjflcHtXeeP1HpkkjNMc46dqUsAODUePenYqT0sPDDOW707IGOTUbcnHpTsYAzxQ0Sk3qSE8U1W9+KQMQBnmkH3s+tItNj8kmtiyX/AEYH1rHXO7rmtyEbIlHtWdXY2pLUkxRkAUgag1znQKaUe9NFL3oHYeT70detMzzS9aQD/SjHFNz6UDmgGO4z15pQKSlAoGgPNH40hoyD1NCBiPKFz9KiS6Rsg5Bomwoyay3fE3DYFNK4GrNMAuRiqMk43ZNQzSnZgc/jVN5jzk00hMnmlLA4OKy7lwFO49KllmwO+ayb25AJXnNVawWuQzTDBNJbSqNx/iqk8gLfeH0piXPlPnnBNK9yk+5LdXcjko3AB6AVAJXJ4PPrSXc9vKA/KOO2c5qiL9TJtRScdSaSRV0ad6AIVkDDd3rNa6ULgsB+NNlkaU5LfQelVXt1Xjnmri+5lNa6CXM7NblVbg8Dmsp1CLk8EVri0LIoBzjtVLULJvs5kAOF5NTUkOK1KdldFL6KQ5xuwfoeKS8tjb3UqhcKWJX6VBGpyD2rW1AGeztrkfNwUY+4/wAmuSUjpjHqULfhhV8BZFwwye3NUYF+bk1fXAUZqDSxLDmMbMcdqmwCOTyarpJjgips5xUMaAj06UZG2lxk4o20my0yBjk9aiG4npz61YbAGcUzjtSKFj4OCB9anQgGmAY7VIFGBxTRSJVOelS7ckAnimKeAMU9j8ue9R1GxwO0E5xisia4e+1FIUztHA9/epL+6OxokbDd8VHoKBtQaaQfLGuc+9XBamU3ZHaWUapshQ8IMCuhsz5Q3N0Hp1rj7SeeSTzYlwVOQa6uG+s4rRZZ5kUnqvU59K64ps5jp7CSSYARA7eu6tiPdblXZsjvXF6f4rtbZ2hELumcqQQD+VdRYa3p2qQlY5Qr945OD+HrWjpSSu1oTc25c+Wso6rz+FQLeCZSj4RlOUIosJC8LIw6dPcVUlheJyTyvYilBJuzJbNiOaOZACwDEeveo7myttSjEd3GHKd+hH41UktikIkVwRU9s6mVS8hDH9at07axYrkC6ItmcW0j+Sf4X5wfrUMkbRnDAitp2lOVQAiopYxJFtl49D6Gocm9xmRS54p80JjIzyOxFMpDGjqaTOCcU7pScDkdDRcQufajAox70o4oAMU7jHFNFOxQAtOXpSYGKB1ouFhe9L1NLSd6QCgdqXtxRgUh5p3AAKOc9OKMUtACE000uPxppNAXOCI3c9qQYQc0bsABelIXOcEV6B5fUcMNkdqANvGOPWgEEdKQvnIHSgG0tRRwCc8UgO/PNG75cY5NRszZ4HNAJ3Jt+OKbuLHHSmruY/NgU4+w5o2GTQ4aRVOeSOlboBAFYtnk3S8DIrYz71jW6G1F2HUv0pob1pd+eAKwN+a47qKOKaGOeelBwDQO48j3oxjmm9sClB6A0hirg5z1NP8A4eKjyM0uTigdx4o3Ack0wtik+9iiwXsSpljk9KHUdjTQ21cd6jLF+p6UBuQXTFI+ozWPI+5sYrRuiCDisxm2n5sVcCZbkglAGKpzy4Oe2ar3F1tZtjZFVnkEq7jzjpVWE2Q6lfNBCWVgD0BJ6Z/rXPbmYklic85Jq5q4MkQJPAYcVnpKwGAmRVPSI4y7DDK63CoCMHrSSlnuQobAAyeaArNOZCNoA4FV5HZZmIPJqPMHe5c2oq8kfjVUkCRmHX0qPczmpliPX86lsq1hI8jgcA1LFGzHHXHrTkj4qeJcGp5h2FhgPNTPbCVNp6HrUyJtw3epQmSTjmpk7oaVjhri3a1naNiMDp9Ku2x87S7mDIymJR/WtHXbAyw+cijdHy3qRWZo53XTRcnzEK4rnlE3TuirEMNk1bUZGarxqQ2D24qcAgcdKiWmhaQ8hjjtmlWVkbGc0xmAUc0wk9qkouhwwz39KVmH4VTDnNPZx1Jp2C45n3cEUiADkijcAetOEmRQNMkDBhjOKcH3YwelVwQDmlEoUcVJSZcD45qC4uyVKjrVV7hm4HAFRNJn8qQuYrzuSxx3rX0ZfIs3lkABnYKv0FYr7nYBRyTgVp304trm2tUbKRoPxP8AkVtTRnOV9Dphdx6fZPKy5x0X1NYYvZJ2LSMSc9qdql2stvCgz97JGParPhzT1vbqR5BlIlB2+pPSvQoRSXMzmm7HR6LoN/fRrKwWEE8eZkEj1rXvNBvdKj+0kiSIH/WR5G361p2E3C/LkqABXQi4SWLyGXcrLhlI4PqK0eKlfyIS5uo/wxrS6np585lFxD8r+47GtaSaNCNw3A9K840x00jxE0ckhWBWaFm9uxP6V3SSLND8jBh1BHQ1nXpqMlKOzKi7lhrrzAY1ACkYxVcOemTxSXCbdsg4Vv0NRpzKv1pQStcls2LSd3zv6jv61PLkPu6qaqsyhVdSAR2q0rCSLB79Kh2uV0HGBZIypHB6ism4t2gOSDs9auiZkbBNSCcOCrDg0+W+wXMf3FN5JwauXNuEJePlTyR6VTHzCpsFxwGDil7e9NGT3pwpDsL0FKD3oApKQXHg9admmdACKUjPNFkA4GlxxmmgYFKPegBaO/Tik3DOKB044oAXPanGmd+aXPNAgHQ0mBg9qMjNI3FJjP/Z'),(14,'1407020401','/9j/4AAQSkZJRgABAgAAAQABAAD/2wBDAAgGBgcGBQgHBwcJCQgKDBQNDAsLDBkSEw8UHRofHh0aHBwgJC4nICIsIxwcKDcpLDAxNDQ0Hyc5PTgyPC4zNDL/2wBDAQkJCQwLDBgNDRgyIRwhMjIyMjIyMjIyMjIyMjIyMjIyMjIyMjIyMjIyMjIyMjIyMjIyMjIyMjIyMjIyMjIyMjL/wAARCAHgAoADASIAAhEBAxEB/8QAHwAAAQUBAQEBAQEAAAAAAAAAAAECAwQFBgcICQoL/8QAtRAAAgEDAwIEAwUFBAQAAAF9AQIDAAQRBRIhMUEGE1FhByJxFDKBkaEII0KxwRVS0fAkM2JyggkKFhcYGRolJicoKSo0NTY3ODk6Q0RFRkdISUpTVFVWV1hZWmNkZWZnaGlqc3R1dnd4eXqDhIWGh4iJipKTlJWWl5iZmqKjpKWmp6ipqrKztLW2t7i5usLDxMXGx8jJytLT1NXW19jZ2uHi4+Tl5ufo6erx8vP09fb3+Pn6/8QAHwEAAwEBAQEBAQEBAQAAAAAAAAECAwQFBgcICQoL/8QAtREAAgECBAQDBAcFBAQAAQJ3AAECAxEEBSExBhJBUQdhcRMiMoEIFEKRobHBCSMzUvAVYnLRChYkNOEl8RcYGRomJygpKjU2Nzg5OkNERUZHSElKU1RVVldYWVpjZGVmZ2hpanN0dXZ3eHl6goOEhYaHiImKkpOUlZaXmJmaoqOkpaanqKmqsrO0tba3uLm6wsPExcbHyMnK0tPU1dbX2Nna4uPk5ebn6Onq8vP09fb3+Pn6/9oADAMBAAIRAxEAPwC8Q2eKCmee9Sg8dKacjjtXqnj2SIwv50FASKftA5znNAX5qdwRGcflTNmOfWpmwDnFMK98/hQmJohKZJOaAnOetSnpjFNI29B0ouKxC6nOO1IEAOAalIO71zTQPrTQ2iNV8twwNamfNgDDqKzec9Kt2cwSTy2/i5H1qKkbo0py5WNfOcEUwx45qxKhVuRmo+uT2rFG71GjmlX16UgBA9jSgEYB6VQLQDjvx6UbeBinYyRkU72pA4oQDNKMntQDxTug4HNISVhNozzSbR2p3NABp3GMK0/t60v8qXtQ2OyAAH2owKVRjrR8pbGKljURMDrzihVBp20jp0pwHGBTuHKM2jPHUU4ChRzTsVL1KsNCgmjbzmnFcAGg80XCwcdqNvOaBS57YpAJtA7ikAA604D2pdpJoHYYR8uadwQPWlC8c0gGDQAnfpQFOMmngEjk8UH2pDEz2PNJx0PSlAPenYGMUh2IyPSlC55707aO1AXincVriA4HTNB56U7NB45/SkO4gIXrScNzTu2TSEelMLh7Ue1HUcUuOKLAJtzQQemaXPHWgHHakA0ilAz3p2Qe1LjPagOVEZUDpSDpxT+oI60oXH0oQKOtyPntTjk44pwUZo4zzSGMZB2HNG3inHIophYYR0o/nUmOOlN96AGUhHHFPwSaMc4FImzGgEnmk2fMalI49abjB5/OncpLQTAAIAppwKkPANNxxzSFIbt5zSFcjmnA0H3oBIYRzkUp2kj2pdvvQQAelG5XL1G7TyV6UzHzYqUnA68U3rzSZLVxDnb7UmM0pyVpCCMAjFBSuM7daXBK8mnFR1NMYFl4PFDSZLWooXjH60wqMcVIBsUc8GmnjPFJKzKS0JCtMNPPPDUYx7133PNauRhcnnilICng80E/N6UYCnPagPIjOBz1pGAHPWnEgjOOKZnJFNCADIpvKgjvT1GM0YDGhjIsE0jKf4aeTg/Wk5PSgaQ0KQvFNBKsGHUUpyOMmgcMRTFy6mlIRLEHXGaqEZBzxT7abGVPQ8CnTKd2Mcda52rM6Y3aIQM0/npScAc8GlGQOeaNwYu3nNG3I5NGeaVmyfYUh3EC559Kdg9aXqKQZoGKDzTh796b05pwagXUMcY/KnYpoOeTSk5NIoADmnY4pMcUA9jQCFxinKR+dMOSOKVcDNFguL3pcZGRR1GaAKkoDnAoA/Gl+UcGgcD/AAoEgOB05pQeKQ/KaUfdoKYgzjNKMgZoCk04AnrSFYbjI60uO1Lil7UDSEI45oxheKWgdKQ2hMevSind6DgUgsNIxyKMnuKdjig9KZQ3AOKXGaO1GeelAg6jFJt5zTu9LigdhmDnOaUg0tBbjmi4WG4z2px54o+lA460AJjijGDS8kZoPWkJCbeaMcUvApKB2EIpce1LmjvQFhp4FLml9KO/NFwG4xxRwe1LwaTG33oBIMelIVx1oHWgsfSgBRxSdRilxuUDNIRigBgBzQQcU7GBk0E4PfBoAao5zSMAWzUhX0pnAzQDEzzxQcnOaXPfpQCBnNDENAycA0mMcUvU8UvrmlcdhOh9qCeRmgD8qQgetJjQhVST2pCBsyKXuBng0bl6YxQDG/eUA8Ujcn1xQ3XgdKBnFMB3Uc9aXHHJoPXNJnjDV3Hnq1hHAPSmvwmAc07aR2oYgHpxQSNXheaYyndkdKcSabu4xQIb04pcHqDTh196aWw+39aY7JEZwTmjtxSkAE8UhPNAhmeelBye1OPpSMCDxzRcL3ETKvnPNaSjzIg3fFZZI2+9WLSTy3IJGGqJxujanOzHuuWpp46dKmlHPFQewrFXNpNChuMkU7gimZJHTinggjpVCQvenDjimjrzS559qQNC8ZpcClDYHSk3e1AxcYzilC570nXqcU4cUhoVRik2jsaBk9DQ1IBw60celJyKdjjihgkHXjtS5welIP5UdaRVhx59qdznGKbg8Z6Up5OP1oC1hP4qXrQOD1oHPekMXmlHAHNJnHGKUnigYUo55zTRzRnBoAcMikzmjsaULnoaQAcUm3v2paWgYdKSnd6TuaAEHJ60d8Uqik7+pouGwuMUnWl+tA4pDDjFAwetJ3oxQK4d6DR0FHApjsKenFJ169KUEYpDnFIVgI96CMUD1FIeepoGGcjgUUAelKeKBIAaDyKQDPFGaLDYYpDmgfWgk0yWIBgc9aCcLmjk0HNIaAYpD0pecdaQE59qAQLkcUud3OKM4GaBnFAxhPelwMUrAY6c0h6UAHXim4pScA8cmk5xxQAoOKQjPIo5ximjIFJgKc44pu4HjPSnYPek2DBo9R2DjFRsOetP6jA6CkwOlAmkwJ96Q9Rg0pGe1Io56UAPJA4pmCW5pzelKMeuTXcedZMYcjjt60zd81SMeOaAqkZ7UhWIzz1FNHBPFSH6U2ncGhhb5ulKxJGcUrH2ph4PqKGgs2Jg5waMDGAAPenFQTmmhMg88UBYjOcZ6UjZxxS4DNj0pTximJIZggcj86bk55J/CnclsGmHqRimNGmGWWAOBz6VWYfNSWshDbCetTSJjr+dc8lys6ovmiRgginDrSBeeKADzxRcVmh+Rjijg9aQcHpS4qShSPSlC96ReTg0rZ7UBYXJPQUuD2o7CnDk0DADHWjOaDxSgDrmkUvIKXoKT6U7B2UgsNBpwNIOvPFOHynPahgkBJpOeTTsbiD0pAaRVrgM4p3akx3FKMmgVhRS0gA7ml6UDEBHPFL1HSk/CnAcUAAGKQD1peAKB6dKQ0HHeg8jpSY5p1ILDd2OKU+1BXj2opjsA54pQOaOg6UAc0gDHajr16UpHoKQ56UCG5wad1HXmkyPrQAcdKB2A570Age9NJHelGCOOTQAUZpQCetBB/umgBuaCadggYwaaVPpQNBnApASW9qXa2SMHI9qXaR/CaBWE6DmgD06U7axH3TTSjg42k0BuKDj6Uzdk80/y3PQGjy3xjbmgdhhIzS5p3kORwtAhcH7tFxWI/4uaVs5HpUnkyE/d5oEL56UXHYiOcUvJWntE+enFAhfrile4EZHHFHQZqUQSenFAt328igCHG7ljxTcnnmpzbSAdqb9nkA5FGgERGe9GPWphbue1KYGA6ZoDYgI7dqQKcYzzVg20hAPSmi3fPI4pXBXZAAfpTd3zVZ+zvzmm/ZHPJIppobIOo6UHJHvVj7MwPWlFqR0NGgrEHJOcYprEBuTyakyOmajIGc8V231PNasOPJBxTWPGR0o4HQ8mgZP+FFguNPIzR1wO9BOOtIfagLicAYprj5TmlOc59KMBhzTBSGDpyaNx29KRsDgClXgc0xIj6cnrRwetKwJfGKVl7E80FWGAAU0jnNO27cd6Rxz1/CgQgJVtw61fSRZoMfxCs88H3q1ZRlnPapmk0aU5NOw8RSZ+7T/ACnz904q4PTFO/DiuW9jrsil5DntgU4W8mRjH41aC5PtT8cijmYuUqfZnB5pfszEZwKuGj2o5mDRV+zMTThbtjrVoEijmldgQC2OOuaBa5J5qyOnFOGMUrsEiqbX0OKVbXj71WhyaXAxRdjsVfswz1pRa8jJqyATzRgg0wsV/sp6bvpxR9lAPLZq11pRjHNK40Vhaj1pfsuBy36VZFKOaLjKwtFGfmYjtSpaL3Jqx0opXAg+xx46sfxpRaoO1T4o5o1GiA20focemaFtkA6VP1pR06daBEH2ePIO2l8iMD7vWpaXGKBkXkJ6cUC2jJ6cVLijtRYCPyEB6UeQnpUhoFAEfkp/dFHkp/dBqX8KSkBH5SZ4UflS+Wo/hFSDPpR7UDI9gPTigRipMUmKQiJkGaCo44qXbzzSYpoCIoDS7Bin7fSgj2osBHtAOaNpPUVJjtQBTAj247UFc47VJjikxnrStcBoUdqCuAeKcBS4osBGFyKAtSY5oI9aQiMrg0cYp/WgqD1p2GMABoxjjGak29qTHHvS0AYMDgilAGeaccdaMZ6igBu0GkC57UrgdqUDvRYBuKQDjmnEYpB60ILOwgFIcZ6U6kPNArsTGeoppAFOpD0NOwIb2OBSdvpS4NIcDigozM0hwTijOB0pFOe9d9jzW7hjnOc0EjOBSj5etIMFqBDcEtgc0mCBTmG3im5GcUhaDGxkcmlGaXAzQcgVQktRhGetN6NjvTwp5yaa3XNIqwEd84pmSck04/d5poUd6YAOnWmnGc0/jNNIFILkZOTWjZAbCRVALhuK07QBYVHc8mlPYumveLAA60uB0zRjPFKo4rlOq4fSnc4pcA0DFK4XDHHWlAJoABpwNFykHQUoNB60uOM96Qmg6U4HjpSAZpfaga0AUtGKB60BcUcGlGM9KToacM0DDFLRzmjGeKBoBS0UopAGKOlGM0UAKaO1AooATvk0vIPWinAGgBMUYpxPagcigBuOKMcU7NHei47iAe1GBiloFILgPrSjgUUoFAXGjBpdopTxSDpSAaRzQBilNKBmmA3GaCBjrS4o/DigBuDigDOeOacBig8UAM296XGB05pcCgimMQAd6aetPwRzQMUhDMYFA6c08im0ALim96XJpwGRQAzFFONJ3oATNIfWnAUEc80ANxRilxz1o6UDG4xRinUHNK4iMjJpcDHNL2oOMUxjeO1BI70uCOaaRntSsIQcmkPXpTgKCATxQAw8cU0jnIp5HGaDjHHWncDIz0pjA8npS554oJywr0DzL3EGSPemg5+tPK0mOKA3G5LDmjGB70dKC2aQITjNLmkJFGM0WC1gwTzTGwRx1pc47cUnHalYLjdxC03PrSgEjpSn3AqhtDcZ59KbnI4NSZwCKYTjjAoFZAuc+1a8ShY0HTAFZkA3SgDnJrXAUHgVlUehtTQAU5RSYIanDisToExg4p1Lz6UD0pAAGRxS4yaAMU4cUgClHSkNKvNBSFHrTu1NxTsYpAIQacAcUD0FO70DE2gHNKBRS4xTAUc0UYpaQwoo4zxS4pAIODS9uKCDmlGKABenSlOO4pcelLigBmO9L06ClpcUAN7ZNLS96KAG4NLTselJQMMUbaKXHSgBNvPHWl6UYooATrRilHXmlxSAb2FGSKdikNAWEzSYp1FADaD0p1JigBKXFJgUp6YoAT8KDilAHp1oxSAb3pCB2p5Wm4OaaAAO1IOM04HmkoEJjikwfrS9OvNAPNNIYhoHvTsUH6UmMaVFJinjkmgnA9aQrjMcdaM560uO9GKAGY4oI4p2KQii4Dc0h607BpKYIb1oIApSaQ8de9ACUh+lLj0pDk8UWAxWGDwKQAnml6HaKUg5xmu9Hl2EJ4pMnoaU5AzSMeRnpQMDgHBpnU8dKViCAAOlKDgZ70xJoafQCkxj607OetGPeguxGck0uPSlIyvFJnK4pCaYw5zxQTwPWl4PekDbRTDUQjI5pOBRyetBxnIpiLVmuZM+grSFUrGP5SxFXQawqbnVTVoimlA4oxkUuDisTQVehFL+FIDx70o560DDHFOApO9O46UgD3pRRQOKBigUuMn2oHSloHcABTs0gFO70AJ3pfxo+lA96QxaKXgCgUAC0oHNIP1pwFAAOeKAMGlxzzQeKAFzRRnilpAJQOpPelHPIowaAExS4oxil3UBYBQV6UUZpDDpSHml60UwuFFKKMUBYTHrQRSjnrRjIxQAlIadSEEUDADAopQMmg4HSgTEpO1LSD6UAFHelAoxQIQ0GlIpOc0hiUYp2M8YpOlPQBMUmKXGe9LtpANIx2opTQDQIb0GaT3NOOT1oA9aYxNwxxTSc04jrSY46UgQ3JoJ9KU5pMY6UwAA0nfFLzSYpAL2phHen44oxRcBhAJpCKcfbrRigEN42800c808jJpCO9MZhk846UYJ+tDdvajBxnNd55bQ0ikJyBSnBGR1ozz2oAQ4AGBQBjrS5ORSE8+1IQYxgmg4puTmk3fPQO7AnjGMU1gQOM0+kPvQWncZtHQ0jrjvT2HFNPPfNO5DYzHFKCvalPOMU3OODQFjWtRiAE96nArPhvEWNVAIwMYqb7aowMHmueadzri1YuD0o7VT+3Ln7n60/wC2AngdKjlZV0Wsc8U7NVBeAdRQL0Z5Tj60rMaaLgp2faqX24DqOnp3pReg5O047c0WYXRd47UAZPNVBejGdtH23n7uPxpWYXRcPsKUVTF7xnaM/Wl+3dRtx+NFmNNF0dKXHFUftrcfKD+NL9tIb7oP40WZVy90FFUftzdkFL9ufsq0WDmLygg07FUFvWxyoH40fbmxwoP40rMXMX8YNAqj9ucD7i0C+fn92v60WY0y/R2qh9vkP8CD86GvpMj5Fx9admHMaGKKofb354UZo+3yEfdT8qLMOY0PpR0qgL6T+6v4Zo+2uTyF/AUrDNDrRjms8X0ozgLj6Un26XOfl/KiwXNKisz7dMTztx/u0pvZsdVB+lHKwuaWOM0dqzvts2AcqPX5RSG9lJHzAfhRZhc0s8UGsz7ZL/eHHtQbyY4+YflRYdzToHFZhvZh3HHtTftdwQMPj8KLBc1evU0H61l/a5h0c/iKPtU2Pvmiwrmn1ox61lG6mzzI2aU3M2Ad5z+FFguauOM0mayTdTdfMb86Q3E2Pvtz70rMq5rfjRWP58uf9Y//AH0aDPKePMbH1p2JNmkzWMXk243n86POk/vt+dFgNrvSHmsXzH9T+dLvY/xN+dLlGjYHSjOKxS7E8scfWkLN/eNOwG0WHXNJuAPWsUvJ60hJIwTmiwja3r3YfnQHX1FYu8ikLciiwza81AM7h+dHmxno4/OsUknIpAxzz1pcoam000Y6uPzpomjxnzF/Osbn8KUZo5QRr+cgP3x+dN+0RZ++uPrWSScdKQZ9aLDZrmWLs4/OgzxY++oH1rIz70hztosBrmeIZJZQPXNNNzF13qRWPuyKXPGM0WA1/tEJ/wCWi/nSG6gHVxisfPPpSE7hnNFgsOI3E47UhCgYzSgdjSFcHIruPMt1ExzxR26cUpXP0pF4+tAtQwSQBSexqQ8A8Uzb3JouMTII6c03ABpeQaRiKA1F7UzmlJz060YPqOaaC4HpzUfrgU9unWkHHfihDZHzjrTG5BwalK4PHSoW60xNDUch9ueTVkGqci5UYODU0LhgM/lUyRpTfQs8UoyG4poIxmnBqxNbDiaWkB55ozzSGkPwCcmlAzyaYTkU5T1z0pFC8dKdjmmcGnHBAOaQJC4PHPFKAKTOO9KDg9aLjHYI6UvGeeaZuyeaAQM5NLUB5NKvTmmbgadvFFhpDj0pR0pAwx1ozikMX60oHemlsdaAwAoC4vSjqaaGGaXzF69BTDQXFLnJwKYHXdgHmnbgppCsP6Uq9M0wPnvRvpFCnI6UvSmBxmgvzQIkAHNBAJpnmgYFN380DJPajBx0pgkHejzB68d6GCHjFB4qLzVzx2pfNzyKBkg4HPWl71F5ntSebz7UDJSQe9HTkVD5g9KcZeBxSAf1P9aO9M8zimiQ9xTESk5HNJn16UwyAc0eYDQA/Heg4PtTPNxSGXjpSAkzmjPFQ+aR2oMmeoosNEmPWnVD5vHSmiQmgCY9aSot5FG8jigZN1pvSohIR2pWfNAiXikIBFRCQkUGUjjFAWJDgcZ5pOOlReac9KN4x70BcmPApucVD5j9cUoZvTmmBNnIppO3vUe9selIWY0hkmaRmPb86hJJPSjeQDxxRYQ8nmgntUZkOOB1pAxB5zQNIfQOKjDHJ4pC5I6UMZaLce9NOSPejI9KD16V2nlPUASOKQnPNA+lHJNMdrB/Dij0FIwPSilYQMDxTcA049PekDYGCM0FCFe4FJ1pdx6UmSKBAw4pOnFGeuaQ5xx0oC5HTeGPSnnPQdaTFMNWROozxSRxPvyASPWnuC2OwrS0+MGNnx3xmlJ2Vy6afMVRA5HINPEDE4CnP0rTUAdqcV7VyubudNkZPlMT0IpfJY9jmtcIB2FOAxRzsrlRkeVJjOD+FOEEmDwa1doPWl2DFLmHyoyVgk25Kn8qd5DnAAJz7VqBcDpShRjpRcVjLW3fP3WH4Uot3ycKTitcA44/KlCijmHyoyfs0h+bYcetL9lkIyAcVrAd6UAGlzDSMoWkhx8tL9jdh904rU70vHpRzMDKWyfjC8fWg2cjLzGfxrWAB9qUDFK4WMj7HIvAU577utAtXz9xq18c8U7Axii4WMdLVsElWHvig2jDorYrXHI4NBAJzRdgZC2r55jP48U77JJ1Kke5rWIzxSjrzRdhYyfsUhyQp/OnfYZNvStUDFBpXY7IyRZSAfdyfbmlNjJ6HP5VqgY6UEUXYWRkCxlJ5X9acbKQfw1rAZHSm7cA0XYGYLCUgfKp/Gk+wydCoGPetUDFBouBmf2fLxhBg+ppTp7juuK0xxTsDHSi7GZY09yOoFKNPYnO4DPP0rSFLgYpXYGb/Zx5+cY+lH9nOM5YY9a0hSe1K4zN/s49mH5Up07I++AfpWjgUU7sRm/2c398flSnTjgYcD8K0cc0maV2BmjT2xy4/KlGn8dR9a0DQMU9QM/+zuPvj8qT+zyOQcj6VpUnejUZnf2f23Y/Cm/2cB/GfpitLBNKAaLsRmjTyT94Up09f736Vf2ndxQRzRqMof2eMfez+FN/s9c/fJ/CtDGOlGD3FGoFA6eP7/6U02Ax979K0cD8KaRS1C5R/s8H+LA+lJ/Z4HU1e6daXqKeoFH+z1PG44oNimeMir1IfSjUCibBc9cij7AvQn8qu0UtQKH2BM9T+NBsUwOTV0jJyaCBjFPUZS+wxg55pPsajqKuY45ppHHtRqBS+xqeoNH2FQD2q8V4zSduaAMfseOaac55pc8cUpcY967zyosQtTeQcijIzSk8dKodhOM8nNBNJwD70vPfpSCyE5PWkPB46UpPNIxzgEUDSQYx3zRSUjLk8E0Awbg465pcDFCnn3oPGaTEkMCjJpCPSkORzRn1HFOw0hRtIrWtU22qYPUZrIGcgYrfUBVCjtxWVXRG1JLcaFp2PWjAzS44xXObWDHFLilGOlGPWgAxSgUUoXvSLFxxSgEHHak74p+MUwCjB60DilFIA60vSjGKKBh1pV460vQ8UYoAKXGTQFOM06gQmKBS0AUDQYpSMCgDvQaQABRiiloAKWkHFL+NJgFJigml4xQMTPNLnjpRRigBD92kzimM2OTwPWsnVPEul6SCbq5RSB93dz+VNLsLY28cUnQVwk/xS0iH/VQTTk9gcAfiapH4sWrHaNPdPfdmq9nPsFz0jNKDXC2nxH0eRN0rTIfePr9OtbMPjTQJgMX6KT2fKkUuSXYLnRAnPFH3qp22o2d2M293DIPRXBP6VZ3qMZNTawyTbz7U004EE0hoBCUGl4BoxzxQMbRjFLijtTASgilopANFHelxijHNArDaAKcRRQMbwDSU7GaMUBcaaNoNKfakHXigQ09aXFKV4zSd80DG4o/ClxRx+NACe9B57UYNHSlYTQ0UnenGk7UxjetIRkU/ApKBjPbNIR2pzAde9J2oAxSOD0poAPXrTiMj3pOV4zXoHlifxetIQc0vAyR3oBzxzmi4JiDGc4pxJK4IpD93il28g9qTY3oNxSHOaXkHg0A0CTExmmninED1zQOaLjI8lmyKUgkdKXGKASTRcERkHGKUEDjvTj70nHWhMY+BA0yd+a2cZPtWZZrunB25IrUAwKxqm9NaXFApcUDkUd6yNAHWnYo70uM0igxgUpPFAIIxQFx1oGKAaWgUvSgYClGM0UCkApFGKXijFAABk0uMGgdaXvmgYoGKWk60uKBB1NHejFLigApP50tHSkFhccUneilFAB0oOOMUVQ1LWbLSonluZgqr155/KhagXuKaWxjNea6h8Srje39nWqqnZpjk/kOlYM3jvVpjvnuTuByArbVH4CtHSa3Fc9pLbRk8Cs3VNcttOjYyTICAcKCMmvIz8RtYNu8LTZUjgjgj8awLrVpLoneTk9TuJz+NHs11Ym7rQ6nxP8QLy8BtrBxBF0LoeTXBS3EkjlpHaRyclmOSTUzIsmSTj6VA8OBlTQ520RVrgshPDHFPV8jNQDA65NPDA9KhzYywsoAxzUizbsDd+dVV5p4QjpSVRoLG3BM67WSQoR0KnFdJp3i2/sBgyO6/XI/I1w8MjK30rUhlWQDzOPfNV7V9R2TPXNH8XQXy4aSPfgfKWCH8jXSQzCZdwBxXhe2NF3I/FbWieMb/AEt0jlPnW+cFe+KLKWwPRaHsIox6Vj6R4ksNYGIHKuPvIw5Fa5OelS01uK4Yo7UEk4oxSAABkUGjkGjNAxMflSkdaSigAxSUtIcigAAI5oPNHWjFAhMUhH4UvTijHrQMSkxS45ooAQ4NN79Kdjp3obrQA3ik74pxFB7UAMxzS4zQevFIelDATHFIRThSZ9qQDevakI60/NNIoAw85yP1pB3yM07cpNIB8x9K9BHnaPQbxnmheaDkfjSbgDTJ2FJPSkzS5PXvSHnmgNxOSc4oI4oOT9KXGPegVhuCOtFBYg0jZIyKRdgx1penY0hPc0hbIzQxMQ5Oe1GOBzShsjkUwkk0wL+nLlnb0AA/GtDOD0qrp6BYt3duv4VaxzzXPUtzHTDRCnr0p3akwadWZoCjNLz0o56Cl6/WkAuOOKUDnmk6U7FIpBSnoaO1HegbFHSijtilxx6UCADIpQOKB14pcUDFxzRSjNBoASloFKRigAxzRRS0gA9aCBRS5OKAEwAOKaSQelO7ZPWoLm5jtojJI+1R6DJP4UAht3dJbQNLIQEHUk4rxfxBqr6lqE9xI7GHd+7UngD2rR8WeLTq10La3LrAnUbvvH1NcZcsyEguT9TWqXJq9x2Ys9ym09vasyR89D17U50Lk/NUJjIFZSk2MaGYd6VWbPWo2JVqVZOeRU8wrFkSYPJqxEyscetUuOpp6yEMNtIZPPbgZK4qsY2XmriybsUjKM8ipbApjepzipEnw2DU4C+lPNujdRRcdieCaGQ/MAAfxq2Y0IyvIrLa32jMY/ClSeWHAAai4jVDBR15pDIR1PXvWet0sh2uSDTPPZTgHI96tMZs2V9NZ3KzW8pDCvYPC3iGLWbQAyMLhOHVv514UsvPDEGr2n6ncWNxG8UhVlOevWtFLmVmTZbn0VQa5Xwx4si1mMRzrsuFHODnPvXVAg9CD9KlrldgTE68UuKCeaKQw6dqPwoPWkzQAd6CfyozRigBPejNLikxTEw70hFKTSHNIYYpMAUtDetACE80hNLRQKw3HOc80h7U4cdaTBz0GKYxvUUmKcQQabSAMjNDUUE4osA08Uoxjijr2pOlAGCQOuKUDPtRnHPamkjtxXoHmICpHfihQpPIo6jFA+vPpQApApBQRzRnBpDEHfNJzinD60mRjrRcVtRMjIyc0hPpxQRSc0A30BhxxSAU7kjpTeecUIYdOlAUnp1pOo5NPiQtKqnucUxK97GvbpshQe1TEUgHAxS4rkk7s7UrIBTu1NpRUlBjmnYzzQF96UCgB2PlFA+tHTvS4oGFLjvQtL1oAOKXAxmkxx05pwIxjFIBMelOxSAilFAXFHNL26Ug7CloGG3vQAaKUHmkACjp1pc0oANFwG5zTsce9JSE80BYJHSNCzEADk5OK8r8Z+KZ7uZ7CxlAhGRIyjGfbNdH441/+z7UWkTp9ofOcjO0V5Wsm7O5s+5q4Ky5mNIiaLyxkZ3H9apXOQ+COa0PMJLM/KgcAVlXEpaU5GKmUmyhAv50rRnIOKlt0EkbHdyO1WYIjISp4+tZNgZN1GsYHqapd+K0r9MSMAeKz8HPHSgVg79acr4OKaF9KGU0XAsxyBDwc1aYllDDkVlglasxXBRSoJxQBbDBetTRsOPeqSuG6nmnK21uGpWGbEcPmDIGTTfLVm2sMe9V4rsLtwcVZMqSDK8E0AhkljDI3TBH8QqlLbvAf7y+tXPtAVtrA59ajlmHpxTQFMZ9aM81IwRwSvFV8sGovZgaFnqE9lOJoHZHHQg1634R8axauqQTFIrkLyAeCf6V4sHx0qaKdoJFlhdkkU5VlOCDW0Zp6SIa1ufTCOH5p/SuD8E+M01ZRZXpCXaLlTkDzP8A69d2jBhmlKLWg07i5pKXtkUo9TUjEo7dKXr9KTqc0AJSH60v4UhPNAWCig0h6UxARSfWl6DrQRxSGBpKXt0oxQIaeKATjpS0h/KgYmeeabTjzRjBpgNPSk/Cnt9KbSAbjFGAeKcRRii4HPHnjFGM/UdqMnBptegeaOzzikH3qUEYwRSAAUhWAij60cjg0hPWgoACaQrjijJ7Gg9aBWAHrmkzxSc0d6LCsBzR2pTjPFNLe1A7CjGORU9qge5TJ4Bziq/QZxVzT1Pml8dBilLYqOsjTHAo5oFOUetctjrQnNKB1NJ3pcE0ih2PSgL82cmgcdacT0xQIUUCjgUCkMUe1OHWkHWlPrnmgAzjpR1NAHHNLxQMMYpRRRQAtLRR2oAAKUUlL2oAO9LijbSH60gQvSsDxL4ih0OyMnWQ5Cj1OK1bqdYIWeRgqLySa8U8Z+IG1bU3SKXdbxnCgetVCN3qO5j6jqU99dvczyM0jHPJzioYSZ2wSB71RJ4wWyfWpoWYyCNeuM0pz10KNBlbdgMdg/Ws+6VixJ61fLgRjnnPSlljDx7vWs22wMyCQQygkfKetaobzJWKdxWTMp5wOlSwTmMKM54qQEvISGJ5Oe9VPI+TpzWtJKk0O3PPb2qLyTtx3oAzkgLjAHIoaAkemKvpFsk+bvVkW0ZUg9T0oBHOMTkg0gBHOeKtz25WUjGKattu4piIyCeVoDsKkVGiYEHp2q39mjuU3xAq2OVPekNlVJtvUZqZLgg5U1CYcEg5BHamHKGncC55u/JJ+amiXjB5qsHyKceT70JiJNzKeDxS7t/tUaknINNJKtjtSYx5GDwaenKkd6YQCOOtNVsHnigCxDLLBOskchR0IKsOoNez+BPF0mswm1vTH9oQZDg4LfhXim4MOetaGi6lJpmpQ3MZIKNnj0ropz5lyyIcT6VHIpSeKpadeJf2cdxGwKuoPHrV3jFZvQa1G8jijOOlKRRjjNAxM0YIpKU4oEJ1pKdjFJz07UAJkfhRjAoxS0DEpD70uDRigBvSjtS0HpmmA3HpQ2R0peAM0hpANwaAMnNOPtSdKYxuCSaMGlJ5zRSEc5nLZpGBz7Uh5oOTxXoHmK4oHek6nFKOKQn25pjFAz0PSkJxQM9elBx3pCEFB5FH0pRz2oKEPWjNKRnim8LQIDxSYzT8gjmm0AJx0rT09B5BbGCTWbjFbFsuyBFIxxms6j0NaS1uTAc0oB6UfTrQCQa57nRcOKfgU3tTlB7mkMAM0qgjil6CkHWgBwFL9KQUY5pDHZo/CignmgQ4GjFIBzTuKYw60uOKTmnCgYUHnpRRSABS5xSc0oHPNAByaQnApxHPWmOQqkt0A60gOa8W3MNvpE89w7/Kh2IvAB9/zrweaTzHLepru/iJ4hku702MTkQp1A7mvPS3XFa/DHUEnceOTz1q5bssaM5GTjArPVqmLERCuZsotebUhuuoJ4rPDnFDPQMfLLlmx0NRLJg81HuJPPWkHOaALkco3ADgVeeTCBwcg1kxsc8VK0hOKkC95uVJ71H9oKv15FQGbAGBUTPluaoZJLKHfNTRAMMg9KoOSDxUkbEClcViadV696ZFIY2yDxSMSxFMKkE0gJ7iQTAHjcB1qqWDja/4Gn81GwyeO1FwI8FGpwYk5703OTSfd5oQE27HvQwzzTByKcGB4NMLjozkn2pJB82aZjmpQNyUrgC46ip42G7H8qqDg81Yibnpmqi9QPcPh/M8emC1ZmaMfNGT6Gu0GCted/DeVm03nk5OPYZr0QcDNa1FqQkJn8qdxSY9aSpKsIeaX60beKTHrQFgzSHpS0YNMQlLRgYpCMUgClzjtSdaKGMTPpRyRQcY4ozTAQd6KXr2oPAoAb0oPIoHTk0dKBDTSY4pxz1pKQHOAjvQR3pCQOKXA4r0DzhOvSkHuM0HjnFJu45pXuSxx9e1N6HJFGDRkbeaY0xe3XmkzjqaQ898UHB+tAXuLzSHHc0oORg0hHqKVxoKG9qOM5oPWgVh0SM8gHqa2gAAB6VlWa+ZMM9BzWt1rKo+h0UdEOHTNKP1puOKUVibC45p2KTPIp3NIaFxR0pAaWgBc0uaQGlFABmloHJp2RQMQdKcPXFIDmnZ7CkMM80DnvSUvAoAWlHFJmlHWgAHFB60YNL9aAEHWqepzeRZyy9dq9KuVT1CJZrSRG6Y59elJgz521aWSS/lZ8DLHAxzis08Voazj+1LkAkqHIBJ5xms4nt2qqzuxpiEntTt3HJpj9OKTtWBQ9GBpQx5BqLNO3dx1oAMdT3pAefanZzkU0jFADk4zg05X45qInFAJpATk8ZqNsnmjtRnigBN3anxHnBqI9c0qNhxg0hljGHFOZe+aRx0OaePu0ikRkZGaYR26VIeMimEHtRcViFlweKTHHNPI55phBzTuKwm3mlB5pCcUHgimhMU0+MnNNGAPWlX5TQJDmXPJp0TbHFIQCtJHw3rTjuM9o+F7ebpMqfxRORk+hr0JeBivP8A4XROuhySE4EjZBFeg9BnFb1NyQNJ35ox3oyKkA7YFBBFAP5Ure1IBnSgUoOKOhoAQ0Gj6ikoAO1L2GKDg84pMUALxTcc0vfFGDRsMTPtQcZoxmjAFMQd6TvSmmk0hhnrkU0g4zTwARSHAxxQI5k89BSUbstSn5TXoI81S6CHNB6dKMmjvzQO4Z5GKT3ozycUpOeKLgNwOtGcdqVT2NNJBJHPFAhRyeaQ5xSjjvRnd2oGJQBzzQARSlsGgC/p6ffPcYFXsYqtYDEBf+8atDGa5qj1OqCtEXBxR3o60fSsyxcU4DNJznmloAMYNKPej2peaB2DFOptOz6UDQU7ikOaMjqaQCge9OpM0uCKYWFNFJml+tIYvTilHUU0c0uaAHH2pMUUUgCqGqH/AEKVVJ3spUY7Zq/3qrfRGaAooyeo+tMD5x1SNYr+eNdxw3U+ves48sOK6vxZo7adeuwYuGIy23AJx2/KuVfr0oqb3HcRzxjFIv3aQ5NC4rAoaetGT2pzc8ikx3poBAfmpxNNPPel69aTBCMRnJpQaMAihRQMeDuGBSd8UqdaeRmgCNlGKanyn1NOOaaOT6UAWvvQjnnvUiLlcVGn3cVYiTPf8KgtEDIQaYc4q28WTUDxnHSkmNogOBUZ5qV0IPtURHNUQxOlBOe1B4pRTQhF496DnNGcGgc0xD0Ix71IgwdwGaiUVOgbZkY4px3A9w+GykeF4iehY7ePeu2GCK434bKR4UiVjyGJFdj9K3qL3ieoZoHejbSd6gYEY5pO1OI460g96YCAHNBGDzS9qTNAgNIKKXmgYlKDz1pOooxQAE4NFHAFGaQBSEUCkpiA80BTRxQc4oGJ07fjQRS5J4ppOT9O9ILnL8E0p5+tO2jGc0h/CvQueSlYRuBzRnij730oxg+tBW4lKBn60H3oBoGIRSduaU+xyaOPSgHuITinDAHFNwOuaXvQADk9aApZgOtISBnHWli+YgHNA79DZgGyFFxjAqbNMAKqB3FKO2a5Zas7E9B3HagcGilBqCh2eaMGjODSjkUAKOBQKQ5pRwKAuKADzSjGaKO1Axd3FA57ZoGMUo+tAwzml6UcUDtzSAWlxQKKADPHFAFA4paAFFFHSgdaACkIpw4GaDjikBw3j7TI20S4uQvzKBjjknOa8Tkya+k9ds1v9Jntyobcpx9e1fPOp2H2G7kty4Yr1I7e1Xa8Aja5mZ5pVXnjvRIOelOiyRXOywKHFMANXgm+I9iKrMMDGKBkBX5qToaewOKMZGfSgQ3v0p20g0Z7mpVKutAyLBzxUykFff0pNvbNAQo3TrUjEZc8d6hAw3XNXUGeRUTxFX4HFFwaJ7YB0IA/GrkMfGKr2owDnip/M2ZwM1Ei4D2AXr+dVmKgnniopbl8kbeKrNK2fSpSbKbHyEZqBjQ7EmkCknitEZSEPFCgnk0NwcU4A1SENPFJ1pzGkReM9KAJFzjFb+k6S13p8k20kKcEjrWTaWz3E6RRjLMQAK9T8P6G9jpssLopIw2R6mrgupLZ1Hgm2+xaDCpOcgYrpc+9Z+mW/kWyL0GM4rQHvWs9XcSFzgdc0meKOpoPTFSAZ4xijijrSmgY2ig+1FIQUUnNGOKYBRjIpc4pKQBntSGlOKQ/WgAo4xmjpR29qYCDmj60hOOlKRxQAYAFJjjFHQ+tKSKBnKgEUe9Lk59qQ5Pau88pagOaUjmkzgUnvQx3sKVFHGKTkGjODQildhxnjigjI4NDE0hBxnvQDQpyQKB09aO1LyOKAEIAORU1sgedBnHOTVfB3c1dsATPn0BpN2QQ1kaQ6Ypw60DGKQcCuW52tjwOKBwabyelLUgOOetLn0pBn8KXsOKYC96WkoFIBwNLmkB5pelBQDpS9sUnalFACjAox3HWgdadnikMQDilAozntRQAUoo780YoAcOaKTFKKAQD0oox3pevH60AMYAjGK8n+IPhhIJTqELfM5wUVMAe5r1oisvXbNLvRbqF8YeM5OOgpp2Ez5slHNS2S7pdp6Gn3kLRzupxnJ6dOtSaZgOzMOlZVFyuxoiy1uAMVTlj2sRitVpVbIjjZj9KrNHI7fcAz6moQzNMZPSm+Q2K0zAwbooAprQnnAFJsaRmGEg05YmxxV1o274puxhyF6UXHykSxMDkipghbGeaXev8Wc1YjUN0NTcaRGsDK3ABU0TQ4IbFWl+U+9OZVYcjI71DZfLoVlTAyO9KUDcUryKGwnWmDzDyOM007jSAxIO2ab5C+gxTgjD7z1KqxNw0mPcHFUosTSKUtuoPyiq3k4b2raWCEfKSGyPWj7JGQ2QCO1VZktIw2ixQse7oDWsbNS3C5zUMkcVtJsOQfXqKNieUy2G1sGpFAPQcU6aFnlyBnJ7VaksDD5eGyHHI9KEiTqvAuh/2pqO9wDFHyc8An617FHp8awCJVAAGOK5H4ZPbto7wKoE0Z+dT3HrXfgAL1rZ6aEPcZHHsTHpSnOMd6WjPPFPcYn4dKOMZp3em45z2oASilPXikIIoE2A4opeCKSgBPxpc0UAZ96AYmaAe1LimnilcLCmk470UYphYCM0YAooouFhKMc0tAHFAXExRjFL1NNIJPFAzlc/NS5wMd6aDkmncdxXeeYmIcEZ70ZCjOKGYKcUA9jzQDELBjxmlz6CgfTmlPANAJsUHjkCm5JPtSAkihc456UAKwJwe1AOR6UuR0oIxSuUNJOfatHTk4duwwKobsCtOxGIT7nNTN+6VSXvFvpQc0ueMUVynSFAB9aBxQOTxTGOHSlzR+PFAoGKBx70opO9HegBRwadkYpM8Up4FIYe9OBHemjilHXFAAD7U6gdelFK4xfrRSClHHSgBaXpSZpRzQAZzRS0oHFIBKKKBTHcXvgVi+LLs2Xhu7dWAZxsH41t5OORiuP8AiK5Xw2iA4LzD+RoW446yR49cRi4G5+OKqWMQnu1gXgsTyfYVduZPJhweeaS3sZIhFeq4weQuPUVnKV5O5tVik9CzbK8cJJzyainlUdOtaO3FonHOOay5YSWJ7msxJFd55G4HA9cUksUjQGQSdByKmEW04xSMmMikxmTuk5AJqxFM6D5ufWpmjG7IApoXLYxT0E0ycH5c44pkhkUjyiFJ60sgKJwCQKbE7zHBHSkCHR+fn5pMn2oZbgZ/edeoxV+CD5dzDmmzx7eQCRUO1zWJHGEEYbvjn3oZl28VX8xkbGARmp9rEZxwRVXsDRBnPvVeWNw3APNWyhBpwRiatTIcWyvbxsoLkkEjGKmUyo2TytTqmOoqby9wHFKU0OMWLbtvYCq2sQHy1nC4AODV2ODkVZvIPM0+RckcZ6Vm5al20OTIckEEjPetLzt5XByRUzWTDSmIHJ5BNULPmQqTWl9DJR1Ox8Ka1/Z2qRtnYGOG/wBrivbFO4BgOCMivne1RmvIVQ87wBX0HAGW3iBPIQA1cW5RuaYiKSRJ1NJxmnfWjPtWhy3E5BoFL2ppJzzSEOz6Cmkgmlz6UhP0oAO9GKQUUBYD9aUUnWg8dKAF+hppGDzRmg0AA5owCKBSU2Fxcc9aQ0DpS0BcTFIRS8E0h4oAUUHPWkpaBnI/dI96dkgdOKZzQDuHJwa9A8taDhjuOtLwORTOMYFKMY4oBscSQOBSdRzSbjnpSE+tIVx4GBjtS7cDFMBycU7oOKC0JkgdOacpJ600MWb0FK/TigQ4Y7Gta1Ui3TjqM1jJndgDNbyqFRVXsAKyqaI1o9xcU7t1ptL/ADrA6Az2pc4pBS0hjgfWnD6Uzr2pw6daATDNLScAUo9aB7i0pJNHbik5oCwoABwaWkApTQMcODS5poNL1pDFHpS/jSDPel6UCDNKDSZFANAx340ZpOtFAC0ozSZozSAXOa5L4hQtJ4cDjpHLk/ka60VieLofO8L3qjkhN35GmtyouzPA9QckpGuOOua6CFA1rGDyAoxj6Vg3sJNwG4wRXSWx/cRkjGUGPyrKSszWTvIa2Cu0cetU5YfSrjpg5qJgT/8AXqGylqUSjVDJGepq8V6jFQFQTUXKUSn5eR0qWO3xzjNWEiOc1IGOMYqimiLyVPDDio4bbbIcAdetWSCRzUsace9TcnlHJH+VK8QK4xUsa5ODTiMZFZyNoLQzVtkWTJQVOYgBu9al2n0qNlYdaGxKOpC8AK5A5qHyypq707U1kyfSjmBxIkj4yQKnRPQUzPOBVhCdo4ouOxLHGOOKsFNy7RyKgVsL9asxdOakOUqXkWy2cDkBTxXN2ePtQyOOtdTqPy2Ezei1zVuuJwQOM81pDUlxOm8LWIvfE9tHjKg7z+Fe29M4ry/4eW+/XZZgOI4v5mvUM569a6oq0UY4h3kkIfSnA8UnrSYzVHOFIeKBmlouAlBo6CgDmgQuKTAJpSeOKbg5oGKMZopKXPPFAMCM0lFB9qAExR70UdqBBnNB6UnelJoAQUdetFB6UDEPUUpJHFHaigDkSSMc5NJnPbmlA45HFLkYwBXoHk3E4HWgAA8Gkx+tOAVQc9aC0hAx3c0pIzTQec0p45oJHLgCk+90PFIFyM/lSggHmkVe24pOBkUnHBJ60DuaTgnnrQh26k9uoa4TP94VtDpxWTZqftKnGQK1hmsa250Utg60c0ueKTOetYGwDmngU3pS5oAXr0pc84powe9KDigGO69ad1pg5pwP50gQvelFJmg560FC5xSjFNpaYxxNHvSc5pQOcUgFzk0vWkx1pfxoAMc0c5pM80uO+aAHDApM0056+lOyT0oAXmj9KSlzxQAvequp2xu9MurcdZIyAasmjtSGfPl9aFZQjdQTxWtahRaRAfwrg/Wum8YeH0g1GO7gBEc5OV7Bq5zyzG7xEAbTiiouptzLcbIcnpioWTjk1KSM49KYRnnFczNEV2U4qMxjGRVmTHAziosd6zvqaIhBpCRnBp7KSATxUMmAwwOaL3KsTLx3zVmNcj3qmgYkHbnNX0AVeKvoZtC4I96UrTo8H0p34VmzSJA7AVCx3c1NcKFwfWqZ3KSeSDUlkoGe9OK+pqNSMD1qQHIxmgliBfSpVHFIvyj3qRCQe3NAx69OasRnJFQgZ4FTRL81IZJcxedbmMD5SPm4rBhtcS/Iua6qNC9vMR2jP8qs+EtBXUZ2muFJhiI9gT6VvTgzPmS1Z0ngjSTY6a1y6FZLjHB67RXVA4pqAKAoAAAwKd1FdJxTk5SuGMmlzjikzikJoJDvS9qaPrS0wYvvSDijNFAWCk6c0opMUAGRRxQOTR1pAKaQmgUlAB1owc0Z5o9aYMDg0nSlBz2oNFxIBRinAU7YccUXHdEZxjrSYPen49aQgYoGceSeQDRtK4JP0ppOBx3pVOfpXeeRYU5ODmkBySCOKcP1pv8AEKaKQZxRknigqcetICB2oB7ikkDpQhOelA5PNOK4PWgNGAIC0DB69aTPYDNLk0ir2Llgp3OcngCtIZA461TsF+QkjrV3ArnqbnTTSsHUUoopMVmaC8ilzxSDpS0hoAaM0YwaX60wFHWlye1NGfwpR15pAhw5HNOzTelL3pD2Fpab3p1A0A6UuaTPpRQFx+7ikPWk6UuKB2FwM9aDmkHNLjnmgBeowaAMU09aXoe9ADqO1IOD70pOB6e5oAKZNPFbwtLM4SNRksay77X7ezGE/fP7H5fzriNZ1i41KQeYzYxwnYVcKbkTKaRoeJfFEF6iWtsmVR8mRuufYVyTSO95Lk5Oc5NO8sBsv+VRyyIkpx+VXUppLQcZ3Y1854pAwNKTzmmAc+tcEjsi9AJPtimMRngVIV29elQv0rLY1ixkjDrTbdN7nIzSSjjFEMgRcDg0IbLRXb7CnLJ8uKx7u9ulJERAHfjNMt76bpMN3+1TbuFtDbDY6GneZhazxcKRwwP0o+1AIQOvpUMuNi7I27BIzUqQB06Y9jXOzXl0x/dttxVywvbgDEjA0tRtq9i1LGY2IyfanLkUrsZmB9KaAcnmncViYGpkAI4PNRLz25qRBikwsWEAI9alQHNQRgjOKtQjkUo6sTNrRtPub+OSKKE+W3DS9hXdabYR6dZJbx/dXkn1NY3hqUWtmqZGWOWrpwA6hl5HpWtPEw5/ZnHUTYn0pKOn0o6muwxQfSkpcUlABiilFGPSgQZFHQg0lFAw79aM80UZxQDDvS9KQUUCSCkyKXPNIBQgAHBoyKTtSDrTGPFL1pAOKcBnApWCwq+3WnDIpAB+NOwaLCGk4z70wmpMc5NMYDBosI4xc+lBIBzk03Jwcn8qRThsg5Nehuede5IPmGVNM5J5PNODHHvTXHGe9A7IcD82B2pCOaaowASKcGx70WIWgDr1oJx15pM+gpc4xQVYVPU0vU5ozxzSb8dKQeRr2YIgUetWctiooBtiX6VIGOK5Z6s646IXd+dOpgbJ6U/NQWGccUvFIOppeooC4o5pTgCkooKTAA9+lL940mewpwPNIBRwKUU3d2pwoAXNGeKSimFx3SjPOaTrS4FIYtKMYpMUoPGKBhmlBNAx2pDj0oAP4qCQByajknjTGWrOudVRI23EALyPUmhXAt3V8sAHdvSudv7+6ugwkk2xZyVB/Q1XkuTdLIH+UH0rFv71dphi+VB95vU1drEvVEEk5MzgNkBiPrVSebknJzUYcqzFeg5qs773zmtoz6GUkKZSzcUkqHzt3UY60ir8wNWWVQoOO1KTuOOhWLAYoDA0m4EnpTFFcNRWZ3U3dEjjjrUJzTyWx0phyawZsiNkx71E6kk9vSrB6U3qeealMpvUoSxN25qLyiOtXpRg4xTPLzk1QmyoIyDUkcfr3qUoQBkCnx9xipHqReR6VLBCMZ96nC/LSqMdRQPUlRQD9aXaO9CHngU8jIxUFokQgCl6nNQqakU4PBpCZYTlatwMqMD1NVkBIHpT96LIFFV0IbOx0eTJUFh7Cu5sVXYMHNeW6bc7Jxl8Aetd7pOoFkAzyR0NcEaihVvNGU1daG5c2oC+YnTutUyMGtCCZjg1Hc2o2+bHnH8Qr06OKjPRGEoNFIUUdqTpXWjMTvSg0YyKB0xVAFIetOpp5NIBQaQe9BHFGKADj1pc4pOKSkAoOelHejFGKYC8UAZpAKcBTsAYOaeBwKTrgU4DAoBCge9LigD1paQDTTGwDUh7+tM70gOIxmkAGeBTsjHSmOegHHvXoXPLuK2R9aR+2c0dG5PNJu3Mcmmh3HAlc55FKODmm8Dv+FPIG3mhggzk0nT/AApgUg9fpT84oKegu0j0p0SZlUepFMziprIF7gcZxzSYo6uxsKABgDinH0pFyOKdz+NcjZ2KIoHFC4GQTSZJOMUhpFD+3NLk03OMd6XPtSBsXnrSjOM0meKBk96AQ7igHNIOnWiiw9R/bFABPFNBpcmgY4YFKBxTKUH1pAh9KKbuGOaBTGONLTd1NaQdqQh5OB1qCScJmopJjj3qjLKcnmmkFyO8ujt4PfpWLLKDLlj+FWLuYgHFYVxPjPJzWkdBO9yzqF3sRY1OM8nBrEKtMxUAmryRpcRZydwPWopZ47djGoyw6mp6j2IdiwR4PBYY5qjtCscj6VNebiyuo3Bh19KhkDeWCetCYWuh8fXgU+5fZArAeuaRSMfLVa9nLWUyIQSvIq76EdbFKK63TlSw3HtVwHjrXKySmOUMGJbOc10MM+5A2QciuOq9TppaInLnpTenfmm7iecUcA1i0bxEckryMU0NngU2U8YJqo9yiD3FTYq9y8diZZmwKqyXafwCqEt20h+ZhiofOUd807DSNL7WCORSG7AGFHNZvmqec0pkAXINHKaKxrRXyqB5i596uRyJKMqa50XAPGalS4KcqalqzHdG83ykVIJKyY9Q3YVuT61cjk385qZElsZqRR+FRLIc1Ir596QNltGKgHtVXzwbltuCAajv7wW9o3IDMNq1m6c5dutNEvY6m0kYyrt9RXfaFGTGOSfSuA0xWMobbkDk16joqrHGnQkiuN0XWnboZylZHQWsG1BuNXgoCYHSoYsYqwtejSw8Ka0MHJsyLq32sWXp6VUrZkQ7iaq/2cuCys30ParhNqXLITV9UUM5NBp7wsuT1ApntXQRYTvRSmkoAB7ml4z1pCce5pM5FAC4xSHmjtQKAF7YpwHApKUKTQMMZpwxnikwacAPoaBBj0NPAxScUooAXqaD0pKUUBYbimkn0pxNNbOOKQHDfxDnB9KQHBPFHV89qRsFuvNeieUOJyeaQqMZHekC4BJNIgG7FFg6iqAe/NP3cYNIRtb5RQWBPIouUL0IFGe9MDZPSnjpzSY90KCBxVvT4/3pPJwKpNwc9zWnpykRsx71M3aJdNe8XieRS4OMmmdDzTs5Fcx1AGweaUc/Smng04kdqQ7jgego6n2poAHfNOAPFFh2DkH2p1JijPOKQDlHNLTQeaWkNBSg4poNLzTEOLUuQRzTcCnHG2gpCA4pd+KYz+1RF8tzQJkjycVEWpCc1G521Wghkkm2s26k4wDU88g596yLuc7SF5NCQ0VLqckED+dZEr7jjvVi4kJ4FVlI5yKq1iiSBvLbByATzUd1bqzllY8nOaJCQtV2kkUgA8elJie4kkjQ7VHb1qBjJL0BI9hVkICN8nJ9Khe/Ufu4kxjq3+FSNlZpDGCpB5qosyi5CscB+PrU17IskO7utYU07JIrg8qd1Ny0I5Xe5QmDLO6N94MRj8a24WKgAjFUdSiDais68JOocf1q5GflHqPWuWo7nRTRcSU7c96fv796qq+Tg1FFcgylG5+lZ2NizI+enFUpYDKTzzV04FNxjJ9agpMyHtyvvSCEdSK0nUMenSoGhJPHSrT0ApeSDnqKBD69KsFCDzQEzyKLlJEflJxUqwDsKckeTg1ZSPbik2OxHBbfNyKvRIV4pq9MCnqecVEncZZQ8c05evy1ArEHIpn2oLHcS9oF3H39qEhOWhi6ndtLeOmTiNto/CrujS5mRM/eOK58sWJZuSeTWjpU5jnB59RitYw0sYud2ehWD7ZVCkDnvXoOgT77ZYznI5/CvJnuHjww4PvXc+EtTEkC7ySR1PpWlOkomLuz061lyvPWrTSDbkkADvWHDexoqjdlm5xV0RvMuX4B5AqiC47F0Pln3+tNjeQfM3TvVZC9s+c5j7juKll+ZBJG3y9afKO5FqOnrepkSPFJ2dP61Ui028iXEksco9ecircd7sypUsO3PSp4bnzHwqnb3z2rRKSViXqZbxsh+ZSPrTK22VnYgoCvvVOTT2ZiYwB6A1IWM84o705kdDgrj603vzTGLR1NJzmlHtSFYXAzTh14puOeRTh7UwHZpc5poHrTgeaVh2Fpe1FFAgxQOKCfSkB55oBsViKjOdtPJppYYpBc4QAr1xS444zmmllPck0ZIYmvRZ5j7gxPB7UmecigtySBx70gbjBAzTQtx4csRnpSEqWJqJcnIPWnhcKcYzRZEasceOSOaX/d600H1pAevpQaJ2RICWIrYsQBADjrWPHksD1rchXbGB6VlVasb0lq2S9KMGikz71zm4HrTgQKbmjv9aQDgRmnA9qYMCl3UDQ7O3vmlPOMU0HuRTtwpDuLnIxSZwMUcGg9OaAF6inA0wtgVG0namtRXJS+BUTuxPHSmE8daTeT+FOwXuSFjjmmE5FNVvUUpO2gLhnCnNQySbk+lLK3zcGs65mZeMkUtxoiuZSOKybqUkbQDz3FXJZflxWbM5XOOaq9tCinKMHk1HkAnikdyzYPSmjkc007k3BjmqcxAb2qxKwQd6zZ5cnrSkO1y1cykW3yg/Nwayt/OD1q8sglh8tjjHf1rPnAgYgEH3FZNssinfETgfxVj3KOIywHfrWmSWPI609rXfHgUtkBBGpn0mJsgtAcH6GnJnGKbpBLTT2zfddCMH1FSAFeBisZGkBGOMc0oVdwOOaQ5J7UwsympNbFwEgYpBnnNRq+RnvUg5qJIExCQO1NzkYxipCgwKY20D60iyCRefWkChR0qQ46U5Qp4PWlew0xqqMcDJqQDp605FA5p4XJouUIuVFSL2oAGQKSRwg5PFQ3qJDbmQRR5H3j0qvNA39kjJO64fcf90UBWuJV4JzwO9Xr9P34iU5Eahetaw0VyJaqxzclm2Pl7VFbsYblDkDBGc1vGHg4FY94m184GauMrsycbHVuwmt1bqcda1vDmqR2jPHOdoLAg/8A1q5LTdQV4vKkPzAfeNXEG65Uds9a1v0JWuh68NWtba0E08g2dFYHJY+1O/4Ta52hYYIioAG5ySa8g1DUZonjgLNsQbhk+teoeDNDt73SIr69DOZOVjJIAHauyjThyc8zGcmmaMfjC7LfvYYnQ8ELwfwrq9IuoL6082CXcD95T1U+hqj/AGNpssexrSIDplVwR+Nc5K914U1bzbdzLbSdA3Rh6H3FWo06nuw0YnKS1Z3clspdWGBjqCODVeUJHICp4PYdqLa8S9tklB/dyruU1FKhQ+tc6ck7Mej1LUF4VIVssvY1fBz845BrBibbIoIyM1sGRUw2ePSrmragmLMIZAQ6g/XtWZPbFTlcFf5VpuokUOvSoDxwalJMTbRlEEUo4q7LbhsstVSmDipasNSEx3oHHSjGOtLipKHdKUH0pvtThQLUBnJx0oFKPek70AFLjvmkBHSlzRYSEPPSmEcYp5phNIZwAGDnIokHOc9KRiCAe9AG3nr716R5ckkL5gIw1DldoANNLbl9KZj1NFhehKflI549aC4FNBUjGCaQjDc8UAKrHoe9PUk1HnaePzpwfnmmwsWoRvdVzjmttDtHXisW0I80cZOa1wcjpXPVOikPJ+ag45NNBOeaAwzWNja44fMOOKUkD8KQEFetJ3BpFJj+TRSZIPFGcsKBofnjmjgjikz60ZA5NIGOJwMDrTZJVQDOfwqJ5sdOtM3hs800hNjy5Iz3poJHJPNMLYphbPNUlYB27nrxTg4J4qLdnqOKevPtTYEo5OKR2K9aQEA8VHO6FcuwAFQxoqz3A2nHWsuac4O6lubkZODWVJcMztxTKSJ3kwetUZ5DuPpT9zYyTmojjaeefSnoJ7kRwRmmE4oLEH3pGcBMmhWC5BNJjqBWZKwLHac0+5mYuefl9Kped95sYA6UpDTH7ieM5qGZssBnPrSCRscd6VE3HpUtoG2ySOPdjjmrqRZHPFJAmOPWrapx9KybGk0YEyC11JJQOMhj7881LeJ5d2+PuNyCOmDWhf2wltiR95Dke9Ur1SbW1kPdSp+orOeptArE/LkGoyO9Lk4OBxTST61lc2sODYqZJAQD0qtk45FB6A96LisWzIaaXwvrUKzdjR5it34p2GmPBLDpTx8oqINgcHigsT3pMpEwc564qSOQ96qFx37U4OSaQ7ltpBg84NQrmRsHkU0KXPWrkEPPvUWQ0W7CzUAzHpGM8+tK0IZy3qc1YYeTbxx55Iyx/pUQJxxjHrV8yWgrNshMI3Yx+NR3GjRXiYbcpA4Ze1XUPOMZrQt9pGCKlysDgcNeaZNpjjJ3xt91wP0NWtNug8u0nBA4zXSavZpcWDkg70+Zcc1xlvE8d1hCWYnAA71tTlzbmEouL0NPVIXuLqMD+6AfbmvbNAnWxsLeKVtu1FB9K8intzBDCZQ2WHzZ7H0rq9E8Q290RDqEvlsq4RugOPWvQhFulY56m56tuEqkDuO1YviERro0kcyfPvXbnsfX8qraZrtskiwtcxsuflO4Vt6lZWuqWvlzLk4yrBsEGs4+5JNhe60OZ8LC5uNT2RzskESZcDofQYrts7soTlh096w9Hs/sELW8a7ctlm7mugghVFyeW9a1r1FOV0TBWWpS8qTzPlUjmtJYtyL5nUdacCvNQSXiJwg3H2rJyurFW7FxcKMDgVG6BhuXmqzEzop3Y9RTlmW1IRidrd6jmaDyLMZUjpyO1QXFuGyw4p7gqdydKXcJUx3q73JMxlYMR0ozgYqzNGc471XxtJzxUtWHFh6UvSkB/OjJNIoXOaO9JuwcUuc0CYgOelOHPGKbkAnFLnigEgxg9aZg9af1HWmse1Az/9k='),(15,'1407020401','/9j/4AAQSkZJRgABAgAAAQABAAD/2wBDAAgGBgcGBQgHBwcJCQgKDBQNDAsLDBkSEw8UHRofHh0aHBwgJC4nICIsIxwcKDcpLDAxNDQ0Hyc5PTgyPC4zNDL/2wBDAQkJCQwLDBgNDRgyIRwhMjIyMjIyMjIyMjIyMjIyMjIyMjIyMjIyMjIyMjIyMjIyMjIyMjIyMjIyMjIyMjIyMjL/wAARCAHgAoADASIAAhEBAxEB/8QAHwAAAQUBAQEBAQEAAAAAAAAAAAECAwQFBgcICQoL/8QAtRAAAgEDAwIEAwUFBAQAAAF9AQIDAAQRBRIhMUEGE1FhByJxFDKBkaEII0KxwRVS0fAkM2JyggkKFhcYGRolJicoKSo0NTY3ODk6Q0RFRkdISUpTVFVWV1hZWmNkZWZnaGlqc3R1dnd4eXqDhIWGh4iJipKTlJWWl5iZmqKjpKWmp6ipqrKztLW2t7i5usLDxMXGx8jJytLT1NXW19jZ2uHi4+Tl5ufo6erx8vP09fb3+Pn6/8QAHwEAAwEBAQEBAQEBAQAAAAAAAAECAwQFBgcICQoL/8QAtREAAgECBAQDBAcFBAQAAQJ3AAECAxEEBSExBhJBUQdhcRMiMoEIFEKRobHBCSMzUvAVYnLRChYkNOEl8RcYGRomJygpKjU2Nzg5OkNERUZHSElKU1RVVldYWVpjZGVmZ2hpanN0dXZ3eHl6goOEhYaHiImKkpOUlZaXmJmaoqOkpaanqKmqsrO0tba3uLm6wsPExcbHyMnK0tPU1dbX2Nna4uPk5ebn6Onq8vP09fb3+Pn6/9oADAMBAAIRAxEAPwDRIJxmhkO4GpNuUzg0mMDJr1bnjOOpFjmlK+3SpNp7jimcnGBTuGwxjn6+lNZc4AqXB64pvJPvQg2I2XjvUQHzc81P14PUU3GCcCi4WvqRNTSo6d6lKk9qQIMZNO5SV2MT5XBzWmVEsAbPOKzsY/pVqzlxlG5zUVNUaU3Z2GFcCkwAfXNWZkAPAqHb3rBM1lHUjIz14p4A6Clx2oxjtVXBXsG2gYpc07NIaegzb3pQgNO7UuCad7Arhggc/hTW5p/PT0pSvHWlcbuMC9yaX1pVGOtOJxxihsWoKMDinHp1o6UmOMYqGrgkwHvTgOaRevNKMGmVdiY9KULml284BpQD3pFJjNv40KuafgE0deadxPXcaRtOKCPalPX1p2ARzSuO2o3A25NIB3I4p2PQ04Z9RRcTQnp3oyCaBnPSlC45xSHZiYFN2jdxUgHPFJ1oTG1caV9KADTsEGlK55707hYaQTxRtwMU4DFDAUgsMC04IOv6UuKXA6UXDlGhTSkkcYpdnfNDUh2Y0D1pQvpSigjBoAQLjrSn0pc54pKVw6DehxijANO7UuMCi4uUbggU0nnin0Ed+1BWwhAI60mDn2oPNO2kjNMV2xMCkZc9aXpRnNKwxgXmjBNPCUbcCquOw3ZzQRzyacBijHPNJhoNIyKbjnmnkY5pNpPU0gsIq4JNIBzThwcUmOeKXUkRuOwpOcZNPIGOTmmk9OKZQ3BpNozk1JtIzTCuRzRcVhvODQOODTscdMCk6nigTiNxx7+1IRk04jGKRuBxRYpLQOeOOKbyCc96f0HJoyAvSlYYwHsaG24wc0oznOKaw9TnNK2otbkpGKZgY605snAzz6UhHrXfY8966gOOpzTDTtvy9aRQQuSM0WIVxrE/nTAOalYA9qY2KSY2hhxk80pGOaaeTzSs3GKqwlK2ghBz1+lN9sUuWznGaOpPalZjW4w+9KnysGB6UN096ToPemP0NMnzYQVHPeq7DHSktJgDsfPPT2p8qFSB61zyjZnXHWNyBfUil3Dp3oICnvSYG7NAmhw5608cDikHqTR3oCyBTjk07tnqaTp704ZxQwDBPXigcZHY0o+tGOKQJXFA45NLjikFL1oK0HAetIOTSZJ4xS454pCEwM9KcBk0cgA07rjJ/Ki4xAMNwKMZNKAQfalPA5pNjQmMCmk5IFOz6Ck6PnFCGLtp1AFISaAuKOM0YNAFOwdvFJjQ2l7YzRzSYGeaFqMUjFHNA5NBznNAhSMjNJz1pad29qQJXGkZpMc04jApOc0DaF2/L70nTnFOPPApD0xSHYT8aCv407A20mcUAAXFIT+dKTmgAE80E7hjPI60uPWmhcNkd6eee9BQAYFIRz9aUZz06UhPpSsAm3kigDmlB9RSHg0wGgDvSjg0oFGaAuIfSjAoPGT1oB45oCwfQ0h5pe+KX14oBMQDIwKTGOKWkoAGGKO1GeTScmgAxSHsaXGKM0rBYQjPSkPBpRmgn9aYWDI9aZnHBp+AOgprDjNIeoEKUpuMU7+DOOaaecdqYBj3poGPenYoGQKQ0I/P40m0jril7+tK3y1IhAKaVFGTSFsHFFmD0H4G7rzimn170MMHikI75r0LHmtsUYxmmmTjpSgnGKbgZosUhrDB68GkII57VIRlajbgYJyaZLiJ36fjTeCcEYp/bpTc0ybCHj0pp5NKeOaACRmkNkbfKeRmkOSc0/OetJn2pldBoJDdcEVpbxcQhv4gOazeVHIqzay7JMHoazmrounJ3sK2c80w9ammXafrUOc54rJG0tCUFTSfSmgY/Gl6UDHBgDwOad1poGT70pGOT1oAcDgUoFNJzgAU4A456UgQoxmjHPFHSj3pXHYU5WlBBHWmk80oPtQNDhxnjik6dKUZPNNwWPFJBYcCT3p2cnBFM74NOANMEhVI55o6/Sg44peaQwz2petHNGPekOwD1peKB0opBZiUo60Y96ACKaY0J3p5BFIBk0p60NjEIJpcnFKMUDmkMb075pcHNG30oxx1oEGe2eKB0pAMmncZ24pAM5zz0pcHOKUjFKfU07jExg0hJ704D0NJsJNIVgBGcdqOO4oxgZ70meaB2H9qZjHSlBweaCMn0oAUGkPJppyDilB4z3oYg5GeaXOe1NHPWlwcZoBB35FIRkjtR1FHUcmgYpOBxSe3rS0jAdaBWEFBz3peB2ozRca0Eo4ozzSUBuLmkoBxRkD8aBAeBSduTQTx7UmMgEdaAHAnrTcgmhicUgOMDpQA7qfpTCD1Jp3Tp0pAMnNJjsNJGMClz60jDGaTmgYcdqXHTPNNzg+1JTEOyATxTWI60bs0EZqNUG4gOMDrSk5FGMHJ60MCx9K9E8xMbjA9RTSSR0/CnY59qB14HFFwdxuTijbjnHNOK45zTfmpXuPlYh6Un8qd0GCMmoyaaQWsDHFN5PWnd+aacseOKBoTAA5ppUdc08jAOaackdcUx7DPXPNG5t2dvFKDxmmtkkc0rEJ2ZohhLCD3qA49eaS2f5gGPBp8kZVsY49awkrM7Iy5kMzyBTunWmhQKdjJoGOB9KB19qQDnilCkHvikK1xe4FPHIAzTMnjin5yBxzSaKVkLRn24oA4zR0pAOBx2oyB2pBTgB1pBcaTntS80pWgjGBTuOwLjNOWhVwKXoKkBCAaUcUDpRjigYo5NH0oAB5pQOaQwOc05s/lTce9KckUDE6mnFu9JijGeKBaig5OTQeOaUfmaUjNA0NB556UuADnFIR2pQO9A35B1NGAKMYGaBSEBFBxml5JxSAc+9AxCcdKd160EAikIxjFCAX6Ug9T1oNIPm6GgBTz9KTJxjFLjPGKTqPagBuecUpzu4o2kDOOKXaQeQaBgASaCQtJtbrg4zRsbrtOKQgODyKTPajYSehp2xyMbTTCwmAR1obHFLsbHINJsc87CKAEHIPFJ1p/lvjoaPLf+7QCGe1IDzinmNz0FL5LnjGKNAGH0pMc1J5L55FL5Lg9KLgRMaTrUjxSelL5L4GRii40iMLQeKk8iT0xQIHI6UhMi79KRvm6VMbaSkMD9MUXBEOecE0hxU4t2Hb86T7M/U0XQyHk5OKQD8qmFu/NKLd/xouCuVzSY71YNvJmgWr56jFFxkBwe1Jtxx61ZFq3fpSG2fGRjFJgVmG56XGBSZweTj0pSVzXoHlIQkD3poJyT29KXbmlOMcilsNsTdkelIcgfWl4wcCkIwBSHcaT8uM0zFL0bAFBPGKpCuIKacinEALTO3tQCYHgdcmm9qecEZNNJ7ige43aOgpjjaOlSbuTxTOSME5oG0AOzHp3q+r+dB/tCqBHOTVqzXc/Tiomrouk7OwoifPK08QueAtXtoPWlHFc7bOrlKYt5DyRThDJn2q4CTxijnpildiskVDbv6inC3bHWrPengYFF2OxVW2ck8gYpRatnrVsHFKOtK7HZFT7Kwzk077LkdatZ9KX0ouwSRVFqR0bI9Kd9m4yTz6VZAwaXqM0MdisLYZ+9QbUev4VZxzmnAA0rhYq/ZMdGP0xSrbZ4JNWaXPpRcZWFmMfex68U4WoHVj+VWDRRcRWFsB1b8hThbrmrGBijtRcZAbZCe4oNsnHGKn60dh3pARC2jA+7z60fZ0Hb9am7UvOKAIBbp1xTvs8fcZFSkYFKeOO1AERgj6bB6Un2dAelTdaWkMh+zqT0FKbeMfwj8qlozmjUCIQR45Xn3pBAmcbR+VTcUnfpQBGYU/uj8KPLUfwj8qkxzQcY9aVgIyg4pMA/hUmOKCnpTsBEYx6UFB35qTGKTFMBhUEdKCoxjFSbaSkBHsGBTtoxTqO1ADNo9OKNuO1OxS44oEM2jHSk280+g89KAGhcUbcnpT8UEnNIdxm0elGMdqdjigA0WAZ9RSkADinY4pOMUWATaMZpOOKcKUgY5FFhDSM8CkIp2KTGPenYew3aMcdaXGetOHNIRSC4hA700qO1KST2oNCTGMxjijHNO/nSbdx64p2JuNYEDigZOfSlOQMU0YoGZZxmjG4ZIpBgdqVs5Fd55aYg4FIWY9elL9aX2oY7Eee1B4HsacVGc4zTc8kdqB2EGOSab1PFPAG3FN700JJjWGeaTAIp+cjBpPXaKVx2SGcetDDI4pMZzuNOAGPamxDDgU0njOKe/TimdepoQ9xGAA61fsANhOO9UCMmtW0QLAoHXrUVNjSnuTgY70DrwKO/SnCuY6bij60uOM0nApeRzSATGTT8cUi9emKdjnjrQMT8OadijFL1PFAAPrS9fpSkCgCkMXHPWl4pOc0Y59aBjgc9KUUgHNLQMO1Axmjk0YzQA7NGOKSnY4oAKUYxzSCgd6QCkYNLR1oPWkAEUc0v1peQc0xid6Q+nrTsdqNvrQAgGBRSgdqMGgQcUg5pxFGKBiUCnYzSAYNIQnSjginEU2gYmKMU4dBRj0piG4oAApcECl6nmkMTGaQqKcaQr6UWEN20Y9KXmimDEx60hp+O1IVwKQ0MxQQRT8UEUwEFIQRS4IoOTSFYbigU7HFA6cUDExTcZp59aQDJ4oGNIGO9HFPI9aaBRcQmM0hwBTs+gpDzQgE7UmMmlANJzzSsAlJ1pQtGKbDUABSYoGQc0p6UtRkZPPNIMZpwXmmgEvTEYpLA9c1JjcBnik607IA57V6DPL5bMaRjp2pA3rSvyfegL6ikMCcdBxTMqWyetPxwaYoGSDQhC5XGO9MxtpxHpSZ55GaZY080ZpWUim4yOvNBNtRrA7s0A8c0oA5zSHnoaAGEYpMe3BqQDA560jY4oKWg0D5sVrwAhACCOO9ZkXzzKCOScVsDNZ1Xoa049Q6UoxmjHelA4rnN7ARSgcZwaAPenAcUAHFGMc0tLjmkUAFHelA9TSkkmgYYwM07AI6UgFOUYoEhBTqQ9cClFIYUoopRigYYoxSgelLjHagBMEcUo6dKBxyOtOoEN79KMc8GnY6Zoxg0DEFKB1paUUDEAox19KXFBFIQAADAo4opQM0AJt4op2KMcUAIKWge9L16UAN96Md6cOlJikMQCg9M04AYxnmggYp3GNPSkHFOpSvHFAhuCaCKdjtmkIxSAZyaXmnjpSGmFhtJinYpcDNK4DKO1O280mMUAJRS4oxTATrRjBpelJSATFGKO9L7UwsJ0GaTil6UYH4UAIRmkxgU6jikA3B9KTnNPzxSUhjQMGkPWnnpTeTQIaRig9KXqeaMUxjSAcYNIc54FKRQOOKAuNxmkAwaeRTc84oEY4FNJPWnDgc009cGu7qeY0hCc0DIHWlI9qTGBxT0AO/FIfpzS8/hRkkY70mh6DPr1pGXI9DTtp696CQxGaEwGdaD7UpAApuPwFMdhGHHvTcU49MCkHAx3FMTSG4wct0owBzTs5prLk80AWLJP34YngA1qZGMCqdghCsSeCauYFYVdWdNNWQpOelLTQKkHIrFmgD1o7+1J3pRQOwtLzn2o6inDHegBKcMUY4pBnpQO44Dk0oHvRntS9KQ0w680Ckpw96AAdMUu3n1pDTgR+VAwFLilooAQCnA9qSloAWjnpSdaXHNIApe1HFFMdxRjvS8EHikHTpRyKQgxS9qM44paBiAc0pHNHOKOhouICD9aMYHFL1pNtAw60mKMUvXjtRYLAOM0Y4paKAExjvRTsU2kAYyKOlKKCfSgBvalIHpS03Oc9qYAO9J2xTu2aTrQADpzSEcUo69SaCaAG0UvQ80re1IQ0c0mKcBjrSUxoSgDvRRQAhFGMUtJSAMZFGKU0lACYo6UHtQKBjcHOaCTmn00rSuJDWHcUHmlxzxSEY5FMBuMGjvSk5PTFJQAGm4p2PWk70DMRuvFJ/OnFhxgU33613XPMtqIQ3UE0E4GKdmm4z16UAxoweBS9OR1o5HakJIpiSFAweuaaw9KUHjJFNLc0WG9BDnHNGDRyaVicUMBoGKaRzmnbh0xSGgBBSYINNIwc96XdzknimM1rZdsK89RmpvbHNUVvI1jUAHoKkF6Ofl/WueUW2dUbWLe2n1TF6vXBFAvM87TUWZWhcwKUj0qmL0bunFKbz5vu8fWizC5cUcc04gD1qn9tB/h/WlN8Mfdz+NKzHzIuLyKWqP23HATP40C+I/gP0zRysOYv0tUBfnA+TB9N1P+2nH3aLMehcAp2OKo/bD2X86UXrY+4PzpNMd0XhzSgVR+3P/dXij7Y2AdooswL/AGpR0qh9ubqVH0o+3P1CL9M0WY7l+lqibxgM7R+dJ9sfHCrzSswNClrP+3Oeir+tBvZP7qfrRysVy/1o7VQF8/TatKb6UADah/CizC5fBpxOKzxfSZxtWg3sh6hfwoswuX85FKDms43kucDb+Ipftk3fb/3zRYq5oZGcUY+bNZpvZdw4XH0p32yXBwy/lRYVzRzz7UVmfbJ853D8qQ3k+c7h+VFh3NTHeisz7ZN/eH5Un2yf++PxUUWFc1Mmisv7ZP8A3/0o+2T9N/H0osM1c5pCMfSsv7VL03cfSkN3Pj/WGlygjU60p471k/aZjz5hoFxN2kI/KnYVzW6DPrScEVkfaZtxBc0v2iT++aVh3NccDFNPFZHnScne34GkM8h6SN+ZosK5sZ9OtGCTzmsfzXAwXY/jSGRwPvt+dOwGz65yTScjINYwkbjLH86PNfux9qVhmwKMjPWsbzHPG5hj3pPNb1p2A2cikyPWsZnzyetAJIosI2d645I/OkMif3h+dYpOKMnPvRZDRteYgz8w/OmmRP76/nWQzE0g9KLAa7TRjrIv50nnRjnev51kljTST60WGjY+0RHPzrx70n2iPu61jgHOc0E5ocUJmuJosn5x+dI08Q6uPzrJPI4OKQgkdaVkGprGeI8hx+dIbmIcFwD6Vk/MDjNIaANb7REf4xn60n2mL+8KyffNMcmiwxxJIx0o9BQc5FHGa79DzBDyenFGMNyetOxk4pMZ684pDt1CmMewpzHt3pAOeeKSBAQNoFIQccClwBSEHPBoHIQkdMUmSO1GeM0HGKdhW0EOCKYck06kboaAsNwCeTwKjfnkU/OB05phpkt2GKxUgE1YBbiqzgkZHUVJFKrgAHmpkjam9CxjBp27IH8qbxjmlXA71kajlwOad1HHWm7qcp/OkCDkCnCm0u4dKRVh4AxmlGKZ9DxTi3QUhocOtL2pox2NLuGcUmO4q5J6U4Dvmmbh60bucUAOJOacDTdw9aN46UBcdnHXpSqc/hTSVPXBoBANA7j8huaAc0wkUocYqQHdOcUoOTg00OMUgxn2piuO6GnDJ9KQuMdaTeMUhj8H8aAD370zzKcHBFA9BTRjvSbxuxniml+fagY7HNOAxUZkAo8wYoJQ85pcGo/MGaDKKCiQkikpnmcDnJpPM5NICUmgdc1F5gxQJc0DuSdqAMVF5ueBSh+PegLkg+lJ3zUfm0okoEPPNIBkc1H5nHUmjzOe9FguS4oPFRGX2pPNz60DJu9N6mozJnqKPNyelAiTBJ9qXqOagaSgSk8YNAE3AXrmmjoajMhxwKBIcYxQND+KVifwqMufSkMh6UDHj86UnniojLjgCjzDu4FArXJe+aM1AXY0eY3QilYLE3ekOSKh3tSb29DTDUlJIGaTcDz3qMu3cUBielA7EnvQeOh4qIs3pSFzzxSEPzliBQRUW9s8Cl8xscDNDQ3oSdBTWO4daiZ2xyKbvYDpQCdyycngcUdKQ9eaXpiu88rqAHvQRkUhODSA9qVi0+4Dg4xR/EaXvQV4BJ/GgLaiEkGkY4FLnkd6aSM80CtYQrSEZ6gClGDyaO9MdxvI60h9qceetNzjpQA1/aoivrUxHpTCwzgjpQhOwzHHFNgt5DIdgz9KlzmtGwjAjZu5OKmcrK5pTWpTWGVuMGnC3c8nOa1QgFL5Y9a5udnTYyvJfjAI/CgQP15/GtbaM07aPQUcwJGSIJWHej7PLuAHPrWtjmngDpijnY7Iylt2wOop3kScZBrUxxzS7VBpczKsZYt39DS/Zpey5rV2gdqAAKXMxWMv7K4J3ClNo3YHNamKWjmY7Iy/sshONhpfskmcFSBWqFzS7fSjmYWMo2cnPykcUC0fH3GHvWsR70gXvSuwsZYtH5wpzR9lcpkxtkela23FKOaLjMj7M5X7rflQLV8EFWFa+KUUrisjH+zSHHyk04Wkhb7hrVxk04cCi47IyfsLtzsIPuaX7FLx8vNa2OOlGPalzMLGT9ik67TR9jl3EFD+da2KUHPHandhoZH2GUg/J+OacLOQ9VFauAPegLzSuwsZa2D5J2A/Sj+z5McKo9s1qFfwpQBijmYzLNg/YL+dKNPfGcrmtPbQB6UXAzRp7k5yBij+zmzy6n8K0/rRjii7AzjYH+8D6Un9nnoHWtHGT0oxzRqMzv7PIHJH4Uf2ecdRWjjmg9KNRGd/Z56bwB/u0n9nDs/6VojilzkdKNRmaNPI5LUfYCR97H4Vo4FJjn0o1AoHTv8Appz/ALtNOnY53Vo4oApagZo08H+L8cUfYBng8+oFaOMGkIpgUPsPHUUn2Dj73NX9uKMZoAofYR/eNIbHjhv0rQxSYouBQ/s8dc/pR9iBx836Vf7Y7UhUUXAoCwGc+Yf++aPsAzy36VfxxxR2o1AofYF7H9KPsC9c1f6c0047UXGUPsCk/ePNKtimPmJz6irwUdO9BGDii7EUfsC+tIbGPHJb86ukUYzQBQ+wISecUGyTPeruOaQjIouxlJ7FD0JppsVzxV3HNBGTQBj9T0oYcA0oI78UZ5ruZ5ei3Dbu5pOKCcDik6Dimh3TAA56g0nJyKCcdqBycY5p2AZgg80oA4FBYHrRkjHpSEJjmj1pWORkU3FAxpyKMZFHfmlxT6E7iEU1gAPengcdeabk88ZpFWGqDWxbLstkUY/xrKUEke/FbYUBQo6AYrOq9LGtJAOnSl6ijgHFLj0rCx0ABxSgdqUY5oAxSANuSe1KB2pePrQM+lAxQBmnAUAYoxmkUFKBRjApR0oAMetGKUDmj+LigBQOopw6U3mndaBABS0vSjtSGBpOc0tLxigBM0uOaMD8aM0AHelFAwaBQAvbijFLQfWgYnWlIH0oPFGaASDbx7UuMDigdKUUhiEZFHSnYGKaBzQhBnilFFFAwI9KTHrS0UAAoIo46d6UdOaAG4OevHpRSkdxRQAlGKD9aMUAJ1o5pcUGgBpHFIKdRigBp69KTjr3p38qMc0CG9aAMGjFKCB2oBCEe9Np2cmg+1CGJTfpTscdaTOKdhBxnij8KU4pKQCGkAGKdgdaNo9KQXQzjHFJ7U49KTHOO1Ow7jccUh608gUmBQgG5pD1p2OaaaGAEcdabyf8ad3pKAuYnJpPrSg9u9IV49K7zyh3QUlKeBSA54zSLQ3+LNIevpS9D14pOTVDsIwxwKUDj3oGFpM+g/OgGA6c0gFGcjpRz+NIm7Gn71L26Uv16UhNA0hoXNDYUUAnNBXJz6UWAdBu89BjOTW2M5rKshm4BxwATWsORWNU6KW2oYzSgUcYo7ViahTu1C/WnDHWgaExgUoPFGM0AUBqO+tHSil60h3AHmlNA+lKBmgYYwKO9KBS0AHSnUnel6UAJjmlpevSjvSAMUgpwz0oIxx3oAM8cUuBSAUDrQAYFLij5emKUDPegBRSHkdaWjFACY7Zpcd6O9LzQMCMijBA+tFH50gDoKXNHSjvQMKKKKYBxijPAooIpCDsOKPxoooATFFOpo9qBhSU7FJ0FABRRRQAhPNHXvQRzR04oAQj2owe1OBpO/FFwG9etJxilPJpR0oBDcUZ9sUvQU09cUAxKUilPvQW4xQSNoIo+9QR60x2EoPtRS0gG4pAMc5p1IaLjEIyRTSKU54peOhFADMUmKceaaeaAGnmlpQKDQBg84oJxjNKOaNpINd55mgbvXpRxnmm98c04kbcUWEN28EdaQggAUKSOBTm64J60FJgRxkDNRnmn8jvxTTgDjmgVxPpSUoPXP4UEn0pjuISKQkY96UetGMjNAtxvfigjNG3Oe1KOPei4y5pyZaQ+mBWgBjpVWwUrET/AHjmrn0rnqO7OqmtAHAopQM0VmaCindKQDApw96QIPel60AUopDEwaXGOtLxiigLIXjtS+wo20vAoGApTSjijuKBCUvcelFLgUhhnBo60YpcCgAoo6mlxmmAYzg5pSQOKTIFJ1PNIY7AHWk460hbB4qGe9trSFnuJ0jUckk0CLAoJxkVwes/E3TbBWisEe6lORu+6o/xrhbvx9rN8xZpwi/3V7VoqUmrhfU9z8zk+g4pTID0NeMWnxIu7K3VIrGJnH3mdydxpkvxI8QTsSskEQPZI+n50eyb6hc9tHTPpSg56d68OHjvXzgyXrPz0Hy8fhW3YfEOUnbdWssnOPluDx+lJ033Gz1bOKXrXN6R4n03UNqxTGN26xyn5q6BJUk+62TUNNbhck60uKSgZpDFozRn0pAOKBB2opTRxigLhSGl7ZpOvSgYUUEYooATmjqKUUUgEoIoo5xTAQ9KKKMUAJjqaM56UppBTAQ88UEbhS0mOeKQrDaCRSkUmKYCUHpRS+1IYlJS4xR7UBcbzRx0pTkCk60DE4PFJ24pcYNLxigQzOB0pO1O46YpKAE+lJ0NL0OaOtKwGCGyKOQaXoKTk8133PNsOzkc0xhnrS5GeaRmIOKEFu4HsKNuaRjilByBjNMaVhrc0mCelKSA2O1AIwec0IQ0cHBFKc55ozSY4oYLXYTAz1ozgc0p5PWkPoaLFWEzntSjOR70nSpIlLyKBxyKGJb2NaJdsaj2FS4A9zTenFOArmZ1rQTJzxTgCetB4owTxUjFxTu1IMgUtIaFHFLSAUuDQMU0o9aQ807ApAGMjr1pcUAUtAxdox1oAo6UCgQDrS96TmloGKAetAB7UAnHWlzzQAA460bju4pDwaGcKpJIAAySeKQBuB9KZLKscZkZlCL1JIArBvvFGmRyG2juwkp48wg7R9DXB+LtV8oNDHcu8cg3Fs8H/wCvVxg27PQLnZ+K/F0Wh26QwbJbucHaM8Kv94147resXuq3W6e6llx1LHgn2HYVmtdO7FyxJ6ZJ5xUYk3da0vGnotwjdrUaznox/CmmQ9qldAyFgM4qHaKydRsqweaRTlnZWyM0m1SOKXy1xx1qecZPFcuOuMe4qzBPhgSetZ3lNnIpVdweRjFJPUDpLe6UAAuQPXNdLoPiu70x1TzxJB6SnIH0rz+O8IXDAcVaS8GwZXnNac19xs+hdJ1qy1WLdbzK7dwDzWlXzpBqt1bzpJBO8bDoV7V3/h74kmMpbaxkg8eeB/MUuS/wkO6PTRQeKgtruC8gWa3lWSNhkMpzUwNRqFxaSlo60DE7UtGKUUgENJTjjAGPxpKEAnSigDmlIpgNoxS9aPegBKSloxmgYho70dqCKZIHFNNOPSmk47UgD3pCaX1OKQUwEozS0FaQDQaOaUg4paAG0mOtKeKQ0xh2owccUYx1o5xSYDSe2KMY5peKTFACYz1pDweKcD60hxnigDnsg0KQG4NIRzij7v0r0DzLtjicmk6sMU3q3NOBAOAaLAm2Ifejdz3pT1oPSlcojLc5xR3zQVNL07UxIDgUh6deaAcjpSHmkHNYXp1o4zSA9qKLDu2HbNT2g33CA9ufyqAE4xV2wUb2Pt1qZaIcVdmhilxRSjOK5tTrQA8YpwpFBzmlHXNA0hRSikpR14FIYopcige4pQKBiDmnjjFGOKAaADHNLSZ5paBC4pcUlGD1pDFopaAATQAHHSg8UcZpCwVST0ApAITx7+9cN4w8VW8KGwhuM5OJSnPHpWJ418Z3FxO9jYymO1Th3Q4LnvzXnU1xl85P51tGCS5pBua2p6nbXIdUgcPkYct0FZNzdzXEaq7swXpuYmqzTHdTDLk8ClKoFgJxS5HHNLkHrTGTPQ4rFyuUkWInUIwJNQFDk801QQSM08NzyKhjGElePWpATx6U7ANOVOaBNChwamijWXI4z6HvUaoeQVBp4GF460xjns85wcEdjVVleM4wTV6ObqHHHY1KyApkjIpOQFCO5I4Oc+tWI5C/BYAVHJaoU3RHDDqDVVGIbBpqQHYeGvFV/wCHJgqnzrNm+eMjPHtXtekataazYR3VnKkiMBkA8qfQ182pMemflre8O+Jbvw9e+dasfKbHmRH7rj+h962upqz3Jadz6EorP0bV7fWtPivLf5Q45QkEqfTitCs2mtGMKKWkxQFgo7+1FBoBCj17UhOaXp3pKAE5o9qXHpSc0CCjoaKQDFAxScmkPFFH0oAbRgkUEc06gTGYxRTjjGabnB5oGgK8Zo5FB4oAwOaAEJ7UlLxSdKBB1NBoORSUw2E7UvVaOoo+lAxuDxgUd6cabn1oAQ46CkAOeadikx+dIDnc470Z5o+9yaQjB65r0Dzb6ABz1FJnA6UKOTmkY4GOMUCTsKG9uadmmqAFpOh65pDuKWGaMjtTMUuaEhBjij2I5oozlelMdkJxQeaUjAzim4OOOaW4XFyQMdq0rBAIC/8AeNZg5xWzbR7IUHtn8+aipojSmrslp2e1HQUgGTXOdKHA56U4e9NGfSlPPFIdx30oFIKUUDTFFOAzTefSlzigYuM96d3pB0paQBj0pe1ANGaAF5paQ0AZOKAHCgCkHApw9qGA18jgVyPjTWJLPTzbQP8A6RKuCR/Cvf8AGuquJVhjZpGwAM8nFeI+NvEX9o3rGHb5eSq89h1NVTjd3Ec7d3O+Qoo+UdT61nHO71p/nfJgDk00HJqZyuykhhXnmo2BU57VZZDgHtTGXIPFZjGxneMd6HVlzTUJWTirYwy4xnNICBTu5p20fxCn7Cp4H4VKYTtBz1pDI1Qj6VKi5pcfLjoacNoxlsUASpHhxk0ssYIDp1HUU3zlC8jJ9aa0obgZzTAjcMvJwRT4bkKCrenHtTSwKMp+92qs4K896AJvNOT6UuIpUIxtfswqvvyPQ00nHIpAKQyNhqkSQg88g0zcHxkU3ocU0wO28DeKP7C1Hypv+POdgHOfuH1xXuUb71DA5U8gjvXy/C2eCa9m+Gmvy31hJpdwzO9vzG7HqvpWz96N+qJZ3ucnNGcUg460tQMM5oopcUAIaO1FHXigAxnoaTNO6U2gA70ZoHFFABn2oPQ0Z9qQ0AJ9aDS03vQIXp06UhPFLjB9jSHIPrQMQ4pR0o60AYFMBKAd3BoOaO9IQmKCBij3oOc0AJjikxTu9JmgBDgUlLzRnNAxO1N6CnHNN5FAHODjjNAxnkU0ggg0pJBzXoHmWHE4zTcZ6ikyaHJB46UDbQHqcdBSAcHml75BpCMmgSBVOaU/rQCe1BGKQ72EX0NBJ6dqTtgUZ45piYZpAcmg+1KB8vvQCQ6JSXAB5JrcxjpWTZoTcKey81qjkVjVZ0UloOzSjPpSYo981ibC4NKBzRniloGLilxTQTTgeaQxc0oHNGKUDjFIAzg0ucik70ooGFOHBpMUA5oAWlxQKKAFHWg4AJ9KTg1BcyrDC8jnCqCTQBxPxD1/7HDHp8BIeUbnfP8AD6V4/cw3k9yzm2mPPaIj+lavinV5NU1u6uCwYFiq+wFY92ub6495W/maqo3C0Eb0oQdNzmm7NLR23v5PsH2O6J/49Zv+/Zpfsl0MH7NN/wB+zVQgqcGnYyua5rT7/h/wRqVBfZf/AIEv/kS+bW5aP/USg9hsNRfY7r/n3m/74NQxvgY60rgEGlaXf8P+CVzUP5X/AOBL/wCRJPsVxnP2ab/v2asQ2lwpGYJCPdDWWrYNWEm20Wl3/D/ghzUP5X96/wDkTWNrKy/6lxj/AGaXyZQP9TIT/ums6G6O45ap3lZ0yvNFpd/w/wCCHNQf2X/4Ev8A5EWWC4ZuIJf++DULW932t5v+/ZqF3LcGoWODjHFHv9/w/wCCHNQ/lf8A4Ev/AJEui3uSP+PaYf8AADQsF10NtN/37NUQpB46U5gRzR73f8P+CPmofyv/AMCX/wAiWzBdZ4tZv++DQba6YYNtN/3wap9eaAc8E0e/3/D/AIIc1D+V/ev/AJEnNndb+LabH+4acbK6/wCfeb/vg1Wb8zSgkilaXf8AD/gi5qH8r/8AAl/8iTfZLv8A59pv+/ZpRa3WObabP/XM1VY/NR9OtNKXf8P+CHNQ/lf/AIEv/kS8trdAcW8uf9w13Hw7vf7N1pxdHyYpE4eX5QCPc15/GTjkV0ngyV4PFFiyPtLv5fPvWlLmva6+7/ghzUP5X/4Ev/kT3ca5pGOdUsv/AAIT/GrFrfWl4WNpdQT7MbvKkDbc9M4+hqVCDGuPQcVShH/FQXef+fWD/wBClpXkmrjUaU4ScU00r7p9Uuy7l/kmjPFBHvS1ZzADx0/GkoxmigApKKXtQAnU0p60mOaM0AFFFIaBAaTFL1opgIaCcUuaQ0gE3cUh6Cl6UhPtQAEjGfWk6UuMjijqaYCYxSDpTjSdKBidaQ8dKcBnvSHnjilcQYpDxSnpmgnNADc9qTml70EGmBzXakXgUgwDg0fxYHIrvPNT6Dsjmo2OacSCaQDmhIbETgGjJJyBSmkJIGBTJSsKASaX60ho54z0pMsCOMikC54oPGcUmTxQhWDHpSg+tGCTx1pOuaAuaNgm7c+OnFXscVVsBiHOOSat4PNc1R6nVBaC9uaCBSUo6dagscBQOKMcUY5pDFHNKB60lAzQA4Zpe9A4GaB0zQMdkelLTeoFOFIYUYopaADkUc0dKXigBK5TxzfNY6FLLv2tghFB+8eldS7ha85+KEijT7dGY72fp2xzVQ1kgex5Mx+bJ79akvMC/nP/AE0b+dQFsyZqTUOL6c5/5aN/Osq0r1F8/wBDeH8CXrH8pETLk5pAxAOKTec+1IcetSZChuKNxpo9KQmgYORmgEU3rSrikA7AxnNWIpdo4NVhUi47UMB7Hn600mlI703qOlK47AjAZNOZvlNRr97ipiMDkUgRAMg8U7BNBUA+lKo5qgFxg+9N5709gFAOOtMxnvSENbkZpAaeSAtMNAEsbYatPTZmhvLeZTgxyqw/A1kpWlYDdPEp6FwD+da0/iQH01CxeGNyPvKDVSH/AJGC8/69YP8A0OWrluu2FB7A1Ti/5GC8/wCvWD/0KWpn8S9f0ZtQ+Cp6f+3RNDrSUDIwRQPerMA70Gig0gFbGOKTHIPPFGaKAEoxml5pKAA8UntQTRnFAgHFIRS5Ham8ZNACkHFJ2waD0owfWmDA9c0mKQjpmnY7UAB460mc9qD05pB7UgHZHSm470vtikB5waLAJ70ZoHWlwM0wAnIBpvqaD0xRSAMjg0ZpM+1APtTCxzBx2NG0AZ60mR0PSnNjbkV3HmDfpS84oKjGaQZI4pjuHQUhalxupCe1AdBeBjNHU8U09BRyOaAuKSCMYpM0p9aACDmgFqHQ0J1NOIzwaI1y2KLlWubEClYI+O1ShvWmgnilxxXI7tnYtBwIJxR0NAIxRjNIYuc04fWmgUuKQaju9Ox2pgPNOHXNAxSaB+lHU8UfzoGL2pc5Ht6UD1pcjNIQoHpSD1pKOlAC5zSnhRnrQKDzQMY4wM15j8Um3Q2iFgG3FsDrivTypPWuX8aWCXmkSoyAtguWA5woyB+dVB2khM8EfhvapL/BvrjPXzG/mabLkcEYpL/Iv7nnjzW/mawqq1T7/wBDph/Al6x/KRXzjvTx7c1C1SxZ6UjEUZJ4FIQe9WAvGcYFRugNDYyDPY0ZGaey7e1M5B6cUAOqSM8VGDSgEUmBOSQOmacELLSouU561NCnqM0i7FPbtfFXFjDJk0k0PIOOaeCFjwaVwsVZI/m4pgJBxjkU+SQFuOlRt7CmmDRI5D1D0anLnHNOEZY5oIIyCVpmOKvJCGiJwaqbQGOO1MdgWtvQIhJqtruXcquDj+9z0rIQHPTrXo/w70dbu6kuHTIh24Poe9aU97k3PYo+I1GckCqcPGv3n/XrB/6FLVuIMsYDEZ71TiP/ABP7z/r1g/8AQ5amW69f0ZtR+Cp6f+3RNCijvRkVoYiUUd6OtAB3o6UUuaAENFLTSaQrh2oozxxRQMQ0Ypc0lMA6UnXnNKcUlAmwHPWjjril/Gkzng0hCcUds0hpfr0pjEyetBGemKCOPajpQO4dsUdqbS0CE70EHFL0HvScsOtIBMUtA4o+lA2csRj60mSxwOgpS4K89aTIHau883QdgAdTTSe3Sg0Uxb7AT0FGOelJt707OM0wSEJBpAecmgDOc8UuBSGkJ39qOnelPB6UnBGe9A7ATg9antAGuY8/54qHt2q3p+DPkjOAcUpbDiryNHNOFJjml71y3OtB2p24ZpOMUDp0pAPBpcUgxilpMoKUc00kk0ucUxXHdKUGkFLjikO47qetITntQOlA6dKVhi0tJSigBeaXFICKX60AIazdWQHTbnPQxkE+1aZqKZFeNkYcMMGgD5o1KJku5lMZT5zhfQZ4qvfnF/c/9dW/ma9P8d+G4kgbUYokjijXHA5Y15jqA/0644/5aN/OorK81Jdn+h0U3+4l6x/KRRHPWp4R8wqLbVm2UbuRUMx6l9UXysHrULxgdOlTkhBz+VVpGZu2KktoQxhhioXhx3p+8ikAkY9KYiDbg1KqZPFSLbsecVIINpB70rgkPgQlgMVfjhZSRUMKDrjmr6KMA5zUNmsUQPAMcmoXtl6EjBqzKxU7QMmoyuCS7Z/pS9C3ErC0UZCqWpRYSPkYC8d6spIAflIFWFk3cZ5qkQ4mb9gjC4bdWlYpbIS32VWxwN3OaUtEQMnnvmp4ypxtIIougVMpajLAsiqsIjDDse9UrOxs7i6VZJ33FsFV4/WtXU7U3NqWjQBkO7Hr61kJBJFELxMNsPI9KcdSZq2g28tVstRmtRIHEb7d2OtexfDKKH/hHywPzux347kGvG4f9Lui0zHc7ZZvr1r2DwFf2lpZG0UnlzgY59q1jJJakxpyktD0AVRiH/E/vP8Ar1g/9Dlq8CCoI5B5BqhD/wAh+8/69YP/AEOWlLVr+ujNKK9yp6f+3RL+aKB0oqzAKB0peDQaYBjikNL2pMUgDFGKCfSkHNACgUE0lFAhOTSYOetKRzQBigBCM0YxQTikJ496YDj04pBnNFJ2NAAcZo78UmaDz0oAU9eTSGjpjNA6e1FgEpSOM0Zzxik9qLgIeuaXtxSfUUucUDEoNHuaKLCOUxj3pRyOaD0460DrXfc80DxRSEljxR0oBMd1FN6nFKOmaSkF7ik+nWjnvSDOPakzzimAE0Yz1pcbjSn1xRctMTPpWjp6kB2x1wKzRyMitaxGLfODkmoqPQdPWRbA7mk6n2pM804EZrl1OoABSkYFHGaQE0Ax4opBzTqBiDNL3o570CgEhcmjPTml69KOtA7Due1KAMUnFKcUgDNL3pKVeKBhmlzR3oFAAeaKO1GKAKOrafHqWnTW0oyHXA57187axavBeuGH3/3i/Q819LsoK815V4v8PPceGNNvrWHMiwxmQjqRsFEbOSi+z/Q3jpQl6x/KR5SwIIqzaH5+mfamzxbeGBDDsafZ8OR61nJWM0aBi3qCcVW8tpGwik81etlMxbLcLUjKE9BioKZTjtTnLAVJ5HGelWPtKL1PIqrNerjAHJqJMpRF27cnJxSbQTwarm4c8gdalRyUyRg96SK0JA0pl8uNR9TVtIZCvMgHHO2q0R8xjjgmtWGEAYz09aUjSnqVEVolYO24nkE1EwLBsDmrFzCzKdgyf4adDausI3HLGhNDkrMxvLl3Ec1OkUnQua0WtnU9KFjOelVdE2bZBDaszYOTW5ZaQ0oAUkfrTLC2MjEgenNdppVvHBDnjecE96znI1jA51tNkgUhlJ9yKqGxiRWjZBhhgiu6mgjkO5hmsi8tVkLHOMdMCs1MrkR5cITZ6jJE/RGwPpXQxedasHSRkOOoNVPEdt5V+j4xuXBNbUQS+0NZCo86MDdW8pe6mFFckmepeE9SbUtBilcguh2HFXYf+Q/ef9esH/octYPgCPZoUpGcGbAz7Ct2H/kP3n/XrB/6FLWz3j/XRmTVva27f+3RNCjFJRWhxi0lGaKQMKKKKBCd8UtGKSmO4dRQaKKQCEnjFHNLxSHjmgBOTS44o/CkPagQuKTtzQ3NIopgGKQn0pw4ppHNIAzkc8GjHpQSaB0pgJ0HPWjNFGOcUDDrSd6WgkZ4oFsGcCkzjpS/Wk70AcoaUdOaYTnjHFLgdc9K7zzOoHg8Uh9QadwetIDx0xQgEBxSjJOe3agkMM56UmemBQPQVuBjNGKBz25o/pQIAcHNO6nimU7tx0pNDQu3PIrXtxiBMdxWSg5rajG1APQVnU2NqW44cmlBwaBzSA+tYHQxTSjjNA5o6CkA4D8KUGmAkCnAHrQAtL2pKUUDuKDS5pAeKXPrSHcD0pwP400nPal6CgBwFA60gPFL796AQ7FJRRSGL+FLmkFFMA61n6VEk3h2wjkGVNrFkHoflFaA6+1UdGH/ABIdO/69o/8A0EVm/jXo/wBDeP8AAl6x/KR4p450Yab4ilMa7YpPnAx05rnI499wmBwTzivSfiY+dXgjKjAh6465P/1q4TTYg99InbYSB+VaTs7GUVoW47B7OaaPfuxjn6jNV5wzHFaqqVVlPQ1WkgUAkVhJFpGT5BY85+tH2cL71p+Uaa8Xyis27GqRniFsj5RV1LfMQBUe9SpGRjjipWBzTuNIit7ZEkznitOKMN/Dxiq0SDORWjAudoGcGpky4KxG0QKLkAbeBTfL+Xt+FaE9k8aBsEqRmqpZR8nSsza1yq0ee2QacIR0xTyMNkU+MfMM96YrE1pE26uis2ZB6c/nWZarlhxzWqrKAABUS1LiXGmOMVUDFyQcVDNIeRyRTY5NvWsi9LHPeKoCbuBwowVINP8ADsaN5sT52yDArp9JsotS10JMivGIGJVhn/PWka0E1yY7W1EMQIBcLgfWui/uJGMNZ6nUeFYVg0gxgfdkP48VdiP/ABPrz/r1g/8AQpabosXlaeDz8xyM+g4p0P8AyHrz/r1g/wDQpa6F9n+ujMtH7W3b/wBuiaAPFLmm0CtrHFYWjtSY5o5oAPxo4oApfegEHakNGetJ1oGLu7UjelHtSd6VhCrwKT6ij6UdKYXFyQKZk5p340hzn0osAv1pOvQ0etIBjmgNgOaOKXOaaelACkACgHFH1NJ3oBjhzSZBNN6UUWEg70Z9qUHmkJ70DDOeaU9KTFBNAHJEjHPWkGT9KD97nkmndBXoHl9A4FN4PWnZyMYzSAHHAxQCdxWOMelIDgik3c4NAY556UBccM9zQCMH1pAQelLSHeyE70pwOvSmqxIpSc9aBKVySD55kUddwrbFZViqmXNaoNZVWdVJaXFzSjOaaMnpSmsDa6Hd6UccYpAaTNISH5x05oHIzSdqBTKuKOKd2xTAc0ueaBDhxS9TzTR1pwI+tKw0wNKDnrSE0owOtAx1KD7U0Hj3pQSBzQMXrS8U3BB9qXikA7PFJ3oFLj2oASqOjDOg6fzj/Ro//QRV7vVLRf8AkA6f/wBe0f8A6CKh/GvR/obx/gS9Y/lI85+Ji7Nat25IMA5/E1wmkyD+0Tkn5gRwPevUfibYmSztLxVJ2Extj3ryy2/0bUUOw/e6VUtkxR1idEwG3nrVdk45NWzhhioyB3FYNmkUrFTAzjJppjPXNWnQEVHs4z3rN6msVoM4wDjrTTjOSalcfLkVCiF2IzxU6gWITubaK2bVQCvSspEERFWUn9DzTew4bnTxyI9u0Ocg9qyLvTi0h2nAx1qsmosoGTz7U2fW0iX97Kqj/aPWsm2mbpEU1nLbjLEFfUGmI67wCeau2us211EVDB1IweKptEFkYr0J4o5rg4mpbzKAMcEVdWYHgGsaA4GTVtZNq8daUg2J5ZsyHnjtTQ5LDnrUAYscmnIhL5pJEyeh0XhVh/byhjjdEwH6VvC3Wa4+zBuc4bA6Cua0a2vFvoLq2QOEO3JPQn1rtrG0+zmWV8NNKcsR0HsK6oQbSOaU1F3LaIqIqKMKowB6CqMXGv3n/XrB/wChS1fJwKown/if3n/XrB/6FLWj0a/royKWsKnp/wC3RL2aT2ooyK1OcXNGaSjNAC0Z5wKM+1J3oAKUGkB5IoOcUCEzk0vGfeik460DD+LNL1ozxTehNAheKTkmgHmjOKYwPApByaXrSYxSAWk5wRSZpRyM96AsIT2pO9KBzS47jigEIaO1JnPXrS9+KAAUADvT9uT9aNuOCM0ANOKbjBqTHPWmmgVjkCQo69KQKWGTTMruHFPyQcdq9A80XctAzTevGOKCx47UhIMH71L19qQEqcY4oYtxxQMXHbNLnApvHY0oUE8jigS1AEsOnFOxxRjbwOlNB55FBXKXtPXDE4yMVoiqdgpERPqauiueo9TqgvdCjdRQcZrIuwpPNGSRQOnNKDQCAHihTilzxzQCMdKdxjs5pcZNNHSnA4oHcO9KKTpS0hi96COcZpM4pR7CgBelKKTmgZzQA7nPPSjPIpCfanDFIYAYNLTR7044oAOtUdFz/YWn/wDXtH/6CKu1S0b/AJAWn/8AXtH/AOgiofxr0f6G8f4EvWP5SK3iWz+3aBeQgZYJvXjuOa8QubeVp1Knp3xX0L14YZHQ5ryzxD4dm0vUWZBmCViY2HIHsferW1iIPozDjZmjGetGc1Pcw+RdSrngnIA7Zqs2cZFc80axHNz0P1qMg546U5fu/Wh1IHt7VkbxsRS4IwKSJhED3zSOD0qJlYHNJXuU0Q3eqSLJsSLgdTTo78tGMgg+1QTRsxpVjOMU7XQXUS0Lwt0JPtVS4tmuJPMbLH3qVIgGq0vAxUWswcuxHYQmM7VHHt2robeAMmDktWdBHk/KOe9asJ2EY5pNlqTasMe3ZGp5bPB4q3xMnbdVSUbThuorNyHsCDDf0qeMHcCKgjbDZzU6ZzxVRJZ2HhgFgyjjDlmJ+nFdSDWB4Vhxp7zkHMjd/QVv/hXfFWRwVfiCqEP/ACH7v/r1g/8AQpav5qhF/wAh+7/69YP/AEKWiW69f0ZpS+Cp6f8At0S9QRzS/SjrVnMJ1HFFFJnGKAFHFGfUUcdqPxoGBHOaQ5HfilJpvUUCAdeOaM80vA46U09u9A7CnAo7ZoJzjign2oBgB60EYFGcjmkzjHegVxTwPQ0nJ4pSM80mOKB3F6cU08UtHJoC4g5NDe1HtQB70AgAzTgD6UKtO570XAUcUo5FAGKcKBEZHOaaeO1SEYFNYcc0h3OKIwAe9OXkZ70zORRnAwK9E8zmRIQe1NK5HJ5oDDFGM0hXuAbHUUFuuaTk/SjI9KYdBB6inAH1NJnGDTg2TSYJDg3GO/rTRyc96XgZpEXBz3pIs17Qf6OpI571ZA4qKHiFfoKlySOK5p7nXHYKQg5ozTqgYmeAKXPFFHvQAoFOPApuRSg8UFXBQacBTRyfanjFACUo6YpKdQMMc0vvSE80ooGKKUfWm5NAPp1oEO6c+tL2puacD7UhigYpvOaUU7igLjQTVTRT/wASLT/+vaP/ANBFXOAOKo6McaFp/wD17R/+gis38a9H+hvH+BL1j+Ui/wCtVb6zS+tJLeX7rjAPofWkvNRtrCIvcyBfRRyx/CubvfFErqxgBhhHfOWb/CtEm9jA5nV9BuLe+nL3CMIgM+/HpWCcbua0b65kuGeaWT73Useay1uFlTcvSnVhZXNISJOnFITnikHI6Up6Y71xSOmLG7B3NNkUHvTjtDZ7+tRFxu2k5qLl3GuMLxTfLUDPSnTSrFHk/hWbJctISSTj0qkxPUvNIM8tUiXUSMuV3VkGXnrSNMKTTZcUjrbbVLDGx42Q9264q3II2QvC+VI6iuGFyp9TU0V7LCCY2b6VDgzS8TqEu2Qn5iT9anMokIIOBXOW08rkF+/NasLjGM8VPIRzNmirc9atRckVnxkk89KuxNg7j0qoqwPY9G8KyRtp626t8yDcwPvW28RHK8+1cD4V1HF9PucAbQoGeuK9ChkDoDwcivU5VZM8ucveZXI/OqEP/IfvP+vWD/0KWtp4PMGVH/16xowV8QXoPBFtB1/35axmrNev6M6KErwqen/t0S6eKXNGOOaTNUYh1PWkpcgdaTOelABnNBzjgUE9AKAaBCZpc5pMYyaBg0xsByaM4o+7SE5NAC9uaSl6ik6UgsBHpQAT16UE5xRk4xQLQAp7Ucj3pM0ucmgANICRzS7uORSYpDEA5pwHGaAPSnAYpgICd1PH50ACnD6UAKBS49DQCOmKUUAhh6UwmnnrTD9KAscOecnpilxnvQAM8infKTivQbPKcRAuW5NJubOMnFKWIPtSBvmxjNK40rIGYdOlGOOpo53cDp1oJyRimG4q8dTTsjHAowO1I2O1JgtBSCeR1pYCWkUY5JpgY9cYqxagtOuB05o2LTVzXQYUDPtTuRTU5pe9cjZ1x2HEZo780g7jNGST7VICkmlFJuGaN3amMcOlOB7UxTxTs0mMXOKM84xR1x3peKQK4E4pQc0nFLQMXNLnApv60tMY48iheKbmlzQA40D0pO1KKQXFH6UuSDTRWPqevRWQ2QATSn3+VT7+tCu9gbNWe5itozJPIsajkk1xbeJpodIs7a0URlIERpG5OQoHArN1DU57qZpJX3Me2eB9KxzNiNAfQVShaav2f6Gyl/s8rd4/lIsT3ks1xvaRmJ6knOatpIrW6h+dvPNZkYJbJqaeQxxcVq/I5TN1VmkhJxjac1j2FwFlaIn5TyDWjNcNdebC2MshxXPLuUhu/Wsakm1Y1grHRdOho3A9arW9ys0e7v3xUu8EHArjaOyOw4kCq07hVyM7qlJPeo5BnjHNZsrYyZ7h2Ynk4qDMjD0rTktVbkAA96gaArx2q4pAyksTnqcVN5YPGanEZPAHSnJFk4NVdFJMjjhQHgZq5BbMSW6U+GFARu59KuDC9BSlJFWBUGNoAFWYgajXBPvTwyg9axb1BKxbRyODTLu4KIqg4zQuABzVG/8A9IkTDbQmcU42urkz2Oh8NykzY6Et+Y4r1jSuVWOQ4715BoDmCcS4+70Br0nw9qf2m4G7IIwOtei5+7ZHByX1Z3CAcDHHasaaDzvEd/t4cWVuR7/PNWtC4IBzWaJVTxPfAnrZ2/8A6HNXPOaTTf8AWjOijH3Knp/7dErkEcHikzV65iSVTIn3u49qoDrVQqxnsYNWDqM9aM8elJ0ag81oLUM8dqT3zzS9KQ4zTAXpyaM80m7ijBpCFNIMdTQD2oPXFA0BPPFJwaXI6YpDz2oAXOelB/Wk79KMkmgQHigDJox70tAxGUZpwBzikwM0uMigQbacOOKQDFOxQADg08HrmmBacPegQuOaXPGKBS4z2oGNI9eDUZGaefQ009KLhc4dzg9OaN3ag/cBOSfWkL4GNtd55bF4A5FN3DOO9OwSMetMAZe1MpXFPFOU49PxpMDBzSFsZAoJtrccWPagEZzTASM5pVOAKLCdx5bPGcCrlgo3nPJ7VSJyc9xWjYZ2FjUyehrTd5al8dMClOPxpoPpRj1rkOuw/pTTn2peg4oHNBVhwAxSHg+tHIJoGM0hCj1p2M03vS0DQo68UtJnik+lAxwGacM96YCccU/tzQMU4FAIpoPNLjA4pCFpaQHjkUhIoBMd70yWeO3jMkrhVHr3qne6rFZqQo3yY6dhXIX2pSysWlfcx7dquMLjvY0tV1+S5DRQgxw+/U/WuYnuDvIBPvQ8jNlicmoHIPIFapKOiITvuNL9yTzUOAVXjPFBJHHWnxDKjNYyl769H+h0RX7iXrH8pEsK9xVe/fCFW/CrK8HHQ1m6m5BABqjnMg3Pk3iEnjd830rLv2eG5ljHADnH07VLc58045J5p+qRiXyblOQ6YJ9xWT3NSrb3TxSAqTjuPWtyOQbQRzmuX3EPjJyDWzbSHAPNc80bU5dC+0wBIJxShsjNVZY/MIZetSpkIFP51k0bXJuDSFMnPagcdaXnHFLVDRE+STUK5zgVZK569TTcL2poaY+PpVhAe54qNAFUGpQwzioZaY9RhuBUqJlsnpUXC85z7VK0gC+hNIZLIdsecVmTOcjNXp32hVyDgZrLnk3SjtzjmiPxESd0dFY5WJOMHHeu08NggiRmA5riLJiVXJ7V1+iy+ZBsjP8AF1rqnUUFdnLboeh2t6HUY61nxymXxRdt1/0aH8PmlrOtZfJA8x84/OtDTkzrV25PW0gYfQtLXhVKtXET5YnXRiowm/L/ANuRqwuWZlxTZ4urj8aSD/Wtk8GtNYUwK0w0asJ2MJWaMPnNIc1eu7LaS0f3fTvVE8cV7sZXRzsTn8KXg0nPSgVoIXvR3x3pKM80CFwfpTT1pSeMUUDQEUDjvSGigBfWikGKWkIOvQU7jFN6GnDpzSYwAzThTduacBQIUU7FJ0NA69aYC5wKDSj9aVutACd6du4waZn2peTQAhppFPb1phPFIZwpYjjtTcsSTjANOYALnvTd2QCW/AV6CPKtZ6j93yYFNycU0vzjtSb+hamFx3zb9p6UuBnrxTcknIo5J60BcfwVJNAx2phIzg8ilbheKAux6kA1s2cY8kY781iKTwNucVuwhliUd8VnU0RrS+InxwQOlMJNJk0Guax08w4E4xR900i/Wl4LUFJ3Q7gd6B70maUt60hIUjJzTgeaZkZp3bNA0xx46UmM0gNKPrSKAHAp2ab9aXjpTuA7jrSk5wKj5BoLBRk9qBEh4HJxWVf6p5OYoSC3ds9KL2/2qQpxkY9zXO3UpGSDk1UI33FzohuJznk7j9azJpNzfNU08pBO0jPvVCR93JbmrkxC+YScCgqMdahRsHIqbJYc1DZdlYgcYbHWpIc/KfanMo25zTAMDAY4H0qJJ8ydv60OilySpShKSTunrfpfsn3JHIBzmsbUJCzbTwR2rUYkDO4/pWJcyD7SQUUt6kn/ABquZ2+F/h/mJUYf8/F/5N/8iY9ypB96sRI1zpMqZy0LBlHtT5im87oIznvlv8at6Z5aTn90qB125XP9Saxcn/L+X+ZUqULaVF/5N/8AInNiPEhJ61oQE4p1+sdrclPskXIzyXB/9Cp0EyY/494h9C3+NYyk+35f5msaMF/y8X/k3+RKGKjJODUyTBhyKjMitg+THj6t/jSecq8CGP8ANv8AGs7vt+Rp7KH/AD8X/k3+RaDZGM08Z6VVSfn/AFKAfVv8alFwGBBjX8z/AI0rvsUqUP51/wCTf5EknyjrUajJyDTllRuPLXgep/xoEqD/AJZqPxP+NLmfYr2cL/Gv/Jv8hwbnBp6t3qEzJx+7T8z/AI0onGcCNfzP+NTd9ilTivtr8f8AIs+coIHBpI/nnQMflJ5FQB0I5jTP4/41ZtpAPMk2gbB2zTT8g9nH+dfj/kJcOC5x61l3rkBSpHBq6ZR18tT75P8AjVZlE86xfZ42YnAyW/xpK99glShy/Gvx/wAje0m4jmsPMZhvXjGe1aFpqMlszeUxAPXB61xgvJbGdkW3jUqSrAFv8a2bO7husbGIfup6ipxSnJWsZQpQ/nX/AJN/kdba6pLcXccRLsXYKBur0Wz/AHWqXakY22VuP/H5q828K6bJfasrCZ41g+csgUkHt1BH6V6Sll9l86drq4uJJkRC0uwYVSxAG1R/eNLD0fZwulqObhGMlzp3VtL90+qXYuRNl+K0o5iowaxrdiOlaKB2xgVxTnUVS8VqcytaxdEobg9Krz2ySgkYVuufX61LHECMlsGnEBTjt3r0MNKpa8yJJGNIjRNgjrTD9K07x44VDSJmHuw/hrPPksoeGZJU9VOcfWvQi7q6MhnbpSUUZqhBSjGeabznpxS9RQO4UlBJoGSaADOPrTsmkzQATSEL1OKcF+akIxS8UAP70UnT3peTQIXtQOnFBpR7UDFGKDzzmk7UvGKQJh1pecZzSUd6YByKjPNPPNNPHShDRwIclc+tMxxkdaCw4OOKUsG4r0LHlPURSSuSKdkcCmkqOKbznI6UwXkPYkD5aBuP3u9NL5GSacJAe4zQFg6N1oOOxpBg5NOHC57UDSJocmRR2rcXpwaxbT57he4rY6AVhVN6UR+T3ozTcZ70uKxZrYUcUvApuPelBHSkUhw+tKSOlIM4pCcUgQ7HPWnjgUz60Z9aLjHj3o570w/pTtw6Ciwx1AxTe3WkLBB707DuOeQIOaoXdyNvHOKfPLxnNZc8mORmnGNyJNle6myDk1j3EhGRmrN3MEXOeewrFuZgw5NaN2RCQksuQTmoCQy570MCwODSAfKKzbuaxjoOiBJ9qlXhqRVG2lBxnHSlctrQRm5xinJEzkBQSTSxxmRgFHJrXtoFhTHVj39qd9DO9jIuYDAnzdxXO3I2yFjjFdhfxiQdSMdBXH37brjYOwwad9CbO5UA8xz9a07SLa6kDoQap28Xz561rQIAAfWsWzZIzPENvlhMoGc5b8ayYRjrXXahAs8ZQ4wy4rkwhikZH+8pwayeqNYvoWBkj2phH51IgGPelK/nWOxs0MUMByKXBOOcU5Rngmg8MPalzXGiMZB6mnAE81IQMZpy429MU7gN2HrmnDA6GkJ3YANIx7VJTFDnOK0F/d6c2R/rH4/CqKADBJz9auXbBLa3T1BbH1pxQrlVjxVdLk219DN1COCfpmlklx0qhcNRB+8OT0PS9a8Ipq1sNRsmxMy5K9Q/H6VwkNncG7ESRsJd20L75xXU+FfGRg09bKdN7J91l64966+w1LT7l0nEa7mf5soMjnvXXFxbtJHK1KOxueHdKTSdMSDlpeDI5/ibFbPmBhtPSqiyhTgGpkIJ5OKLpshX6mhbKuzAUZq6rFTzVW3dFUDIJq0MNWfLG+w7sf3yKWUllyOtMYlRSGZVXnmiUVawD4m3gqwyCMYPeucu9FgsdQ89XkjhfptPCN/hW/FMvll+RzTjcRyrsYZVhggjg0YdzpdQnqjIMDogbcHU9GFNwKivUv8ASsixAntWPMLDLJ9Paq2l6j9vd4HQpMCSAfSuvlclzIjYuk570oOOvShlKnBFJWYwz3oBHrR15oxRYBccc04dMUho/GkIVTTgMU1ead3oAcPejpQSAKMjNACnmlFIRSjpigANA5pOtKDxigeiA8GnAimHg4pc9qBCnpgDmmHAHXNPyAKYaQz/2Q==');
/*!40000 ALTER TABLE `tbl_facedata` ENABLE KEYS */;
UNLOCK TABLES;

--
-- Table structure for table `tbl_facedata_train_status`
--

DROP TABLE IF EXISTS `tbl_facedata_train_status`;
/*!40101 SET @saved_cs_client     = @@character_set_client */;
/*!40101 SET character_set_client = utf8 */;
CREATE TABLE `tbl_facedata_train_status` (
  `StuID` varchar(10) NOT NULL,
  `Status` enum('0','1') DEFAULT NULL,
  PRIMARY KEY (`StuID`)
) ENGINE=InnoDB DEFAULT CHARSET=utf8;
/*!40101 SET character_set_client = @saved_cs_client */;

--
-- Dumping data for table `tbl_facedata_train_status`
--

LOCK TABLES `tbl_facedata_train_status` WRITE;
/*!40000 ALTER TABLE `tbl_facedata_train_status` DISABLE KEYS */;
INSERT INTO `tbl_facedata_train_status` VALUES ('1407010102','1'),('1407020401','0');
/*!40000 ALTER TABLE `tbl_facedata_train_status` ENABLE KEYS */;
UNLOCK TABLES;

--
-- Table structure for table `tbl_manager`
--

DROP TABLE IF EXISTS `tbl_manager`;
/*!40101 SET @saved_cs_client     = @@character_set_client */;
/*!40101 SET character_set_client = utf8 */;
CREATE TABLE `tbl_manager` (
  `Account` varchar(10) NOT NULL,
  `Password` varchar(20) DEFAULT NULL,
  PRIMARY KEY (`Account`)
) ENGINE=InnoDB DEFAULT CHARSET=utf8;
/*!40101 SET character_set_client = @saved_cs_client */;

--
-- Dumping data for table `tbl_manager`
--

LOCK TABLES `tbl_manager` WRITE;
/*!40000 ALTER TABLE `tbl_manager` DISABLE KEYS */;
/*!40000 ALTER TABLE `tbl_manager` ENABLE KEYS */;
UNLOCK TABLES;

--
-- Table structure for table `tbl_quartz_task`
--

DROP TABLE IF EXISTS `tbl_quartz_task`;
/*!40101 SET @saved_cs_client     = @@character_set_client */;
/*!40101 SET character_set_client = utf8 */;
CREATE TABLE `tbl_quartz_task` (
  `Id` int(11) NOT NULL AUTO_INCREMENT,
  `Cron` varchar(20) DEFAULT NULL,
  `Status` enum('0','1') DEFAULT NULL,
  `JobName` varchar(40) DEFAULT NULL,
  `JobGroup` varchar(40) DEFAULT NULL,
  PRIMARY KEY (`Id`)
) ENGINE=InnoDB AUTO_INCREMENT=2 DEFAULT CHARSET=utf8;
/*!40101 SET character_set_client = @saved_cs_client */;

--
-- Dumping data for table `tbl_quartz_task`
--

LOCK TABLES `tbl_quartz_task` WRITE;
/*!40000 ALTER TABLE `tbl_quartz_task` DISABLE KEYS */;
INSERT INTO `tbl_quartz_task` VALUES (1,'0 0 1 ? * SAT','1','com.chm.task.TrainTask','group1');
/*!40000 ALTER TABLE `tbl_quartz_task` ENABLE KEYS */;
UNLOCK TABLES;

--
-- Table structure for table `tbl_record`
--

DROP TABLE IF EXISTS `tbl_record`;
/*!40101 SET @saved_cs_client     = @@character_set_client */;
/*!40101 SET character_set_client = utf8 */;
CREATE TABLE `tbl_record` (
  `RecID` int(11) NOT NULL AUTO_INCREMENT,
  `SchID` int(11) DEFAULT NULL,
  `StuID` varchar(10) DEFAULT NULL,
  `Status` enum('正常','迟到','缺课','请假') DEFAULT NULL,
  `WeekOfSemester` enum('1','2','3','4','5','6','7','8','9','10','11','12','13','14','15','16','17','18','19','20','21','22') DEFAULT NULL,
  PRIMARY KEY (`RecID`)
) ENGINE=InnoDB AUTO_INCREMENT=8 DEFAULT CHARSET=utf8;
/*!40101 SET character_set_client = @saved_cs_client */;

--
-- Dumping data for table `tbl_record`
--

LOCK TABLES `tbl_record` WRITE;
/*!40000 ALTER TABLE `tbl_record` DISABLE KEYS */;
INSERT INTO `tbl_record` VALUES (1,3,'1407010102','正常',NULL),(2,32,'1407020401','缺课',NULL),(4,35,'1407020401','缺课',NULL),(6,20,'1407020401','正常','4'),(7,20,'1407020401','缺课','5');
/*!40000 ALTER TABLE `tbl_record` ENABLE KEYS */;
UNLOCK TABLES;

--
-- Table structure for table `tbl_schedule`
--

DROP TABLE IF EXISTS `tbl_schedule`;
/*!40101 SET @saved_cs_client     = @@character_set_client */;
/*!40101 SET character_set_client = utf8 */;
CREATE TABLE `tbl_schedule` (
  `SchID` int(11) NOT NULL AUTO_INCREMENT,
  `RoomID` int(11) DEFAULT NULL,
  `TeachID` int(11) DEFAULT NULL,
  `StartTime` time DEFAULT NULL,
  `EndTime` time DEFAULT NULL,
  `WeekOfSemester` set('1','2','3','4','5','6','7','8','9','10','11','12','13','14','15','16','17','18','19','20','21','22') DEFAULT NULL,
  `DayOfWeek` int(11) DEFAULT NULL,
  PRIMARY KEY (`SchID`),
  KEY `FK_Reference_6` (`RoomID`),
  KEY `FK_Reference_7` (`TeachID`),
  CONSTRAINT `FK_Reference_6` FOREIGN KEY (`RoomID`) REFERENCES `tbl_class_room` (`ID`),
  CONSTRAINT `FK_Reference_7` FOREIGN KEY (`TeachID`) REFERENCES `tbl_teach` (`TeachID`)
) ENGINE=InnoDB AUTO_INCREMENT=57 DEFAULT CHARSET=utf8;
/*!40101 SET character_set_client = @saved_cs_client */;

--
-- Dumping data for table `tbl_schedule`
--

LOCK TABLES `tbl_schedule` WRITE;
/*!40000 ALTER TABLE `tbl_schedule` DISABLE KEYS */;
INSERT INTO `tbl_schedule` VALUES (1,11,1,'08:00:00','09:40:00','1,2,3,4,5,6,7,9,11,12,13,14,15,16,17',1),(2,17,2,'10:00:00','11:40:00','6,7,8,9,10,11,12,13,14,15,16,17',1),(3,12,3,'14:00:00','15:40:00','1,2,3,4,6,7,8',1),(4,9,3,'14:00:00','15:40:00','9',1),(5,10,4,'08:00:00','09:40:00','4,5,6,7,8,9,10,11,12,13,14,15,16,17',2),(6,13,5,'10:00:00','11:40:00','1,2',2),(7,13,5,'16:00:00','17:40:00','3,4,5,6',2),(8,7,6,'16:00:00','17:40:00','17',2),(9,22,7,'08:00:00','09:40:00','1,2,3,4,5,6,7,8',3),(10,6,2,'10:00:00','11:40:00','9,10,11,12,13,14,15,16,17',3),(11,10,3,'14:00:00','15:40:00','1,2,3,4,5,6,7,8',3),(12,13,5,'08:00:00','09:40:00','1,2,3,4,5,6',4),(13,11,1,'08:00:00','09:40:00','17',4),(14,22,2,'10:00:00','11:40:00','1,2,3,4,5,6,7',4),(15,10,4,'14:00:00','15:40:00','4,5,6,7,8,9,10,11,12,13,14,15,16,17',4),(16,22,7,'10:00:00','11:40:00','1,2,3,4,5,6,7,8',5),(17,5,8,'14:00:00','15:40:00','1,2,3,4,5,6,7,8,9,10,11,12,13,14,15,16',5),(18,8,9,'08:00:00','09:40:00','11,12,13,14,15,16,17',1),(19,9,10,'10:00:00','11:40:00','1,2,4,5,6,7,8,9',1),(20,6,11,'14:00:00','15:40:00','5,6,7,8,9,11,15',1),(21,12,10,'16:00:00','17:40:00','10',1),(22,8,11,'10:00:00','11:40:00','11,12,13,14,15,16,17',2),(23,8,12,'10:00:00','11:40:00','1,2,3,4,5,6,7,8,9,10',2),(24,16,13,'14:00:00','15:40:00','1,2,3,4,5,6,7,8,9,10,11,12',2),(25,4,14,'14:00:00','15:40:00','16',2),(26,16,14,'08:00:00','09:40:00','6,7,8,9,10,11,12,13,14,15,16,17',3),(27,2,9,'14:00:00','15:40:00','5,6',3),(28,11,9,'14:00:00','15:40:00','7,8',3),(29,10,9,'14:00:00','15:40:00','9,10,11,12,13,14,15,16,17',3),(30,11,11,'10:00:00','11:40:00','11,12,13,14,16,17',4),(31,18,12,'10:00:00','11:40:00','1,2,3,4,5,6,7,8,9,10',4),(32,9,10,'14:00:00','15:40:00','1,2,3,4,5,6,7,8,9,10,11,12,13,14,15',4),(33,16,13,'19:00:00','20:40:00','16',4),(34,23,13,'08:00:00','09:40:00','1,2,3,4,5,6,7,8,9,10',5),(35,16,13,'08:00:00','09:40:00','11,12,13,14,16',5),(36,21,14,'10:00:00','11:40:00','6,7,8,9,10',5),(37,17,14,'10:00:00','11:40:00','11,12,13,14,16,17',5),(38,22,15,'08:00:00','09:40:00','7,8,9,10,11,12,13,14,15,16,17,18',1),(39,21,16,'14:00:00','15:40:00','1,2,3,4,5,6,7,8',1),(40,1,17,'19:00:00','20:40:00','1,2,3,4,5,6,7,9',1),(41,17,18,'08:00:00','09:40:00','11,12,13,14,15,16,17,18',2),(42,16,19,'10:00:00','11:40:00','1,2,3,4',2),(43,15,20,'10:00:00','11:40:00','7,8,9,10',2),(44,20,20,'10:00:00','11:40:00','11,12,13,14,15',2),(45,1,17,'19:00:00','20:40:00','1,2,3,4,5,6,7,9',2),(46,18,16,'08:00:00','09:40:00','1,2,3,4,5,6,7,8',3),(47,18,15,'10:00:00','11:40:00','7,8,9,10,11,12,13,14,15,16,17,18',3),(48,18,19,'14:00:00','15:40:00','1,2,3,4,5,6,7,8,9,10',3),(49,21,18,'08:00:00','09:40:00','11,12,13,14,15,16,17,18',4),(50,14,20,'10:00:00','11:40:00','11,12,13,14,15',4),(51,21,20,'10:00:00','11:40:00','1,2,3,4,5,6,7,8,9,10',4),(52,18,16,'14:00:00','15:40:00','1,2,3,5,6,7,8',4),(53,17,17,'19:00:00','20:40:00','1,2,3,4,5,6,7,9',4),(54,18,19,'08:00:00','09:40:00','1,2,3,4,5,6,7,8,9,10',5),(55,19,16,'14:00:00','15:40:00','4',5),(56,17,18,'14:00:00','15:40:00','11,12,13,14,15,16,17,18',5);
/*!40000 ALTER TABLE `tbl_schedule` ENABLE KEYS */;
UNLOCK TABLES;

--
-- Table structure for table `tbl_select_course`
--

DROP TABLE IF EXISTS `tbl_select_course`;
/*!40101 SET @saved_cs_client     = @@character_set_client */;
/*!40101 SET character_set_client = utf8 */;
CREATE TABLE `tbl_select_course` (
  `SelectID` int(11) NOT NULL AUTO_INCREMENT,
  `StuID` varchar(10) DEFAULT NULL,
  `TeachID` int(11) DEFAULT NULL,
  `Result` double DEFAULT NULL,
  PRIMARY KEY (`SelectID`),
  KEY `FK_Reference_4` (`StuID`),
  KEY `FK_Reference_8` (`TeachID`),
  CONSTRAINT `FK_Reference_4` FOREIGN KEY (`StuID`) REFERENCES `tbl_student` (`StuID`),
  CONSTRAINT `FK_Reference_8` FOREIGN KEY (`TeachID`) REFERENCES `tbl_teach` (`TeachID`)
) ENGINE=InnoDB AUTO_INCREMENT=2347 DEFAULT CHARSET=utf8;
/*!40101 SET character_set_client = @saved_cs_client */;

--
-- Dumping data for table `tbl_select_course`
--

LOCK TABLES `tbl_select_course` WRITE;
/*!40000 ALTER TABLE `tbl_select_course` DISABLE KEYS */;
INSERT INTO `tbl_select_course` VALUES (1,'1407010102',1,NULL),(2,'1407010103',1,NULL),(3,'1407010104',1,NULL),(4,'1407010105',1,NULL),(5,'1407010106',1,NULL),(6,'1407010107',1,NULL),(7,'1407010108',1,NULL),(8,'1407010109',1,NULL),(9,'1407010110',1,NULL),(10,'1407010111',1,NULL),(11,'1407010112',1,NULL),(12,'1407010113',1,NULL),(13,'1407010114',1,NULL),(14,'1407010115',1,NULL),(15,'1407010116',1,NULL),(16,'1407010117',1,NULL),(17,'1407010118',1,NULL),(18,'1407010119',1,NULL),(19,'1407010120',1,NULL),(20,'1407010121',1,NULL),(21,'1407010122',1,NULL),(22,'1407010123',1,NULL),(23,'1407010124',1,NULL),(24,'1407010125',1,NULL),(25,'1407010126',1,NULL),(26,'1407010127',1,NULL),(27,'1407010128',1,NULL),(28,'1407010129',1,NULL),(29,'1407010130',1,NULL),(30,'1407020110',1,NULL),(31,'1307010108',1,NULL),(32,'1307010204',1,NULL),(33,'1406070125',1,NULL),(34,'1407010201',1,NULL),(35,'1407010202',1,NULL),(36,'1407010203',1,NULL),(37,'1407010206',1,NULL),(38,'1407010207',1,NULL),(39,'1407010209',1,NULL),(40,'1407010210',1,NULL),(41,'1407010212',1,NULL),(42,'1407010213',1,NULL),(43,'1407010214',1,NULL),(44,'1407010215',1,NULL),(45,'1407010216',1,NULL),(46,'1407010217',1,NULL),(47,'1407010219',1,NULL),(48,'1407010220',1,NULL),(49,'1407010222',1,NULL),(50,'1407010223',1,NULL),(51,'1407010224',1,NULL),(52,'1407010225',1,NULL),(53,'1407010226',1,NULL),(54,'1407010227',1,NULL),(55,'1407010228',1,NULL),(56,'1407010229',1,NULL),(57,'1407010230',1,NULL),(58,'1409010122',1,NULL),(59,'1409010128',1,NULL),(60,'1407010301',1,NULL),(61,'1407010302',1,NULL),(62,'1407010303',1,NULL),(63,'1407010304',1,NULL),(64,'1407010305',1,NULL),(65,'1407010306',1,NULL),(66,'1407010307',1,NULL),(67,'1407010308',1,NULL),(68,'1407010309',1,NULL),(69,'1407010310',1,NULL),(70,'1407010311',1,NULL),(71,'1407010312',1,NULL),(72,'1407010313',1,NULL),(73,'1407010314',1,NULL),(74,'1407010315',1,NULL),(75,'1407010316',1,NULL),(76,'1407010317',1,NULL),(77,'1407010318',1,NULL),(78,'1407010319',1,NULL),(79,'1407010320',1,NULL),(80,'1407010321',1,NULL),(81,'1407010322',1,NULL),(82,'1407010323',1,NULL),(83,'1407010324',1,NULL),(84,'1407010325',1,NULL),(85,'1407010326',1,NULL),(86,'1407010327',1,NULL),(87,'1407010328',1,NULL),(88,'1407010329',1,NULL),(89,'1407010330',1,NULL),(90,'1407010102',2,NULL),(91,'1407010103',2,NULL),(92,'1407010104',2,NULL),(93,'1407010105',2,NULL),(94,'1407010106',2,NULL),(95,'1407010107',2,NULL),(96,'1407010108',2,NULL),(97,'1407010109',2,NULL),(98,'1407010110',2,NULL),(99,'1407010111',2,NULL),(100,'1407010112',2,NULL),(101,'1407010113',2,NULL),(102,'1407010114',2,NULL),(103,'1407010115',2,NULL),(104,'1407010116',2,NULL),(105,'1407010117',2,NULL),(106,'1407010118',2,NULL),(107,'1407010119',2,NULL),(108,'1407010120',2,NULL),(109,'1407010121',2,NULL),(110,'1407010122',2,NULL),(111,'1407010123',2,NULL),(112,'1407010124',2,NULL),(113,'1407010125',2,NULL),(114,'1407010126',2,NULL),(115,'1407010127',2,NULL),(116,'1407010128',2,NULL),(117,'1407010129',2,NULL),(118,'1407010130',2,NULL),(119,'1407020110',2,NULL),(120,'1307010108',2,NULL),(121,'1307010204',2,NULL),(122,'1406070125',2,NULL),(123,'1407010201',2,NULL),(124,'1407010202',2,NULL),(125,'1407010203',2,NULL),(126,'1407010206',2,NULL),(127,'1407010207',2,NULL),(128,'1407010209',2,NULL),(129,'1407010210',2,NULL),(130,'1407010212',2,NULL),(131,'1407010213',2,NULL),(132,'1407010214',2,NULL),(133,'1407010215',2,NULL),(134,'1407010216',2,NULL),(135,'1407010217',2,NULL),(136,'1407010219',2,NULL),(137,'1407010220',2,NULL),(138,'1407010222',2,NULL),(139,'1407010223',2,NULL),(140,'1407010224',2,NULL),(141,'1407010225',2,NULL),(142,'1407010226',2,NULL),(143,'1407010227',2,NULL),(144,'1407010228',2,NULL),(145,'1407010229',2,NULL),(146,'1407010230',2,NULL),(147,'1409010122',2,NULL),(148,'1409010128',2,NULL),(149,'1407010301',2,NULL),(150,'1407010302',2,NULL),(151,'1407010303',2,NULL),(152,'1407010304',2,NULL),(153,'1407010305',2,NULL),(154,'1407010306',2,NULL),(155,'1407010307',2,NULL),(156,'1407010308',2,NULL),(157,'1407010309',2,NULL),(158,'1407010310',2,NULL),(159,'1407010311',2,NULL),(160,'1407010312',2,NULL),(161,'1407010313',2,NULL),(162,'1407010314',2,NULL),(163,'1407010315',2,NULL),(164,'1407010316',2,NULL),(165,'1407010317',2,NULL),(166,'1407010318',2,NULL),(167,'1407010319',2,NULL),(168,'1407010320',2,NULL),(169,'1407010321',2,NULL),(170,'1407010322',2,NULL),(171,'1407010323',2,NULL),(172,'1407010324',2,NULL),(173,'1407010325',2,NULL),(174,'1407010326',2,NULL),(175,'1407010327',2,NULL),(176,'1407010328',2,NULL),(177,'1407010329',2,NULL),(178,'1407010330',2,NULL),(179,'1407010102',3,NULL),(180,'1407010103',3,NULL),(181,'1407010104',3,NULL),(182,'1407010105',3,NULL),(183,'1407010106',3,NULL),(184,'1407010107',3,NULL),(185,'1407010108',3,NULL),(186,'1407010109',3,NULL),(187,'1407010110',3,NULL),(188,'1407010111',3,NULL),(189,'1407010112',3,NULL),(190,'1407010113',3,NULL),(191,'1407010114',3,NULL),(192,'1407010115',3,NULL),(193,'1407010116',3,NULL),(194,'1407010117',3,NULL),(195,'1407010118',3,NULL),(196,'1407010119',3,NULL),(197,'1407010120',3,NULL),(198,'1407010121',3,NULL),(199,'1407010122',3,NULL),(200,'1407010123',3,NULL),(201,'1407010124',3,NULL),(202,'1407010125',3,NULL),(203,'1407010126',3,NULL),(204,'1407010127',3,NULL),(205,'1407010128',3,NULL),(206,'1407010129',3,NULL),(207,'1407010130',3,NULL),(208,'1407020110',3,NULL),(209,'1307010108',3,NULL),(210,'1307010204',3,NULL),(211,'1406070125',3,NULL),(212,'1407010201',3,NULL),(213,'1407010202',3,NULL),(214,'1407010203',3,NULL),(215,'1407010206',3,NULL),(216,'1407010207',3,NULL),(217,'1407010209',3,NULL),(218,'1407010210',3,NULL),(219,'1407010212',3,NULL),(220,'1407010213',3,NULL),(221,'1407010214',3,NULL),(222,'1407010215',3,NULL),(223,'1407010216',3,NULL),(224,'1407010217',3,NULL),(225,'1407010219',3,NULL),(226,'1407010220',3,NULL),(227,'1407010222',3,NULL),(228,'1407010223',3,NULL),(229,'1407010224',3,NULL),(230,'1407010225',3,NULL),(231,'1407010226',3,NULL),(232,'1407010227',3,NULL),(233,'1407010228',3,NULL),(234,'1407010229',3,NULL),(235,'1407010230',3,NULL),(236,'1409010122',3,NULL),(237,'1409010128',3,NULL),(238,'1407010301',3,NULL),(239,'1407010302',3,NULL),(240,'1407010303',3,NULL),(241,'1407010304',3,NULL),(242,'1407010305',3,NULL),(243,'1407010306',3,NULL),(244,'1407010307',3,NULL),(245,'1407010308',3,NULL),(246,'1407010309',3,NULL),(247,'1407010310',3,NULL),(248,'1407010311',3,NULL),(249,'1407010312',3,NULL),(250,'1407010313',3,NULL),(251,'1407010314',3,NULL),(252,'1407010315',3,NULL),(253,'1407010316',3,NULL),(254,'1407010317',3,NULL),(255,'1407010318',3,NULL),(256,'1407010319',3,NULL),(257,'1407010320',3,NULL),(258,'1407010321',3,NULL),(259,'1407010322',3,NULL),(260,'1407010323',3,NULL),(261,'1407010324',3,NULL),(262,'1407010325',3,NULL),(263,'1407010326',3,NULL),(264,'1407010327',3,NULL),(265,'1407010328',3,NULL),(266,'1407010329',3,NULL),(267,'1407010330',3,NULL),(268,'1407010102',4,NULL),(269,'1407010103',4,NULL),(270,'1407010104',4,NULL),(271,'1407010105',4,NULL),(272,'1407010106',4,NULL),(273,'1407010107',4,NULL),(274,'1407010108',4,NULL),(275,'1407010109',4,NULL),(276,'1407010110',4,NULL),(277,'1407010111',4,NULL),(278,'1407010112',4,NULL),(279,'1407010113',4,NULL),(280,'1407010114',4,NULL),(281,'1407010115',4,NULL),(282,'1407010116',4,NULL),(283,'1407010117',4,NULL),(284,'1407010118',4,NULL),(285,'1407010119',4,NULL),(286,'1407010120',4,NULL),(287,'1407010121',4,NULL),(288,'1407010122',4,NULL),(289,'1407010123',4,NULL),(290,'1407010124',4,NULL),(291,'1407010125',4,NULL),(292,'1407010126',4,NULL),(293,'1407010127',4,NULL),(294,'1407010128',4,NULL),(295,'1407010129',4,NULL),(296,'1407010130',4,NULL),(297,'1407020110',4,NULL),(298,'1307010108',4,NULL),(299,'1307010204',4,NULL),(300,'1406070125',4,NULL),(301,'1407010201',4,NULL),(302,'1407010202',4,NULL),(303,'1407010203',4,NULL),(304,'1407010206',4,NULL),(305,'1407010207',4,NULL),(306,'1407010209',4,NULL),(307,'1407010210',4,NULL),(308,'1407010212',4,NULL),(309,'1407010213',4,NULL),(310,'1407010214',4,NULL),(311,'1407010215',4,NULL),(312,'1407010216',4,NULL),(313,'1407010217',4,NULL),(314,'1407010219',4,NULL),(315,'1407010220',4,NULL),(316,'1407010222',4,NULL),(317,'1407010223',4,NULL),(318,'1407010224',4,NULL),(319,'1407010225',4,NULL),(320,'1407010226',4,NULL),(321,'1407010227',4,NULL),(322,'1407010228',4,NULL),(323,'1407010229',4,NULL),(324,'1407010230',4,NULL),(325,'1409010122',4,NULL),(326,'1409010128',4,NULL),(327,'1407010301',4,NULL),(328,'1407010302',4,NULL),(329,'1407010303',4,NULL),(330,'1407010304',4,NULL),(331,'1407010305',4,NULL),(332,'1407010306',4,NULL),(333,'1407010307',4,NULL),(334,'1407010308',4,NULL),(335,'1407010309',4,NULL),(336,'1407010310',4,NULL),(337,'1407010311',4,NULL),(338,'1407010312',4,NULL),(339,'1407010313',4,NULL),(340,'1407010314',4,NULL),(341,'1407010315',4,NULL),(342,'1407010316',4,NULL),(343,'1407010317',4,NULL),(344,'1407010318',4,NULL),(345,'1407010319',4,NULL),(346,'1407010320',4,NULL),(347,'1407010321',4,NULL),(348,'1407010322',4,NULL),(349,'1407010323',4,NULL),(350,'1407010324',4,NULL),(351,'1407010325',4,NULL),(352,'1407010326',4,NULL),(353,'1407010327',4,NULL),(354,'1407010328',4,NULL),(355,'1407010329',4,NULL),(356,'1407010330',4,NULL),(357,'1407010102',5,NULL),(358,'1407010103',5,NULL),(359,'1407010104',5,NULL),(360,'1407010105',5,NULL),(361,'1407010106',5,NULL),(362,'1407010107',5,NULL),(363,'1407010108',5,NULL),(364,'1407010109',5,NULL),(365,'1407010110',5,NULL),(366,'1407010111',5,NULL),(367,'1407010112',5,NULL),(368,'1407010113',5,NULL),(369,'1407010114',5,NULL),(370,'1407010115',5,NULL),(371,'1407010116',5,NULL),(372,'1407010117',5,NULL),(373,'1407010118',5,NULL),(374,'1407010119',5,NULL),(375,'1407010120',5,NULL),(376,'1407010121',5,NULL),(377,'1407010122',5,NULL),(378,'1407010123',5,NULL),(379,'1407010124',5,NULL),(380,'1407010125',5,NULL),(381,'1407010126',5,NULL),(382,'1407010127',5,NULL),(383,'1407010128',5,NULL),(384,'1407010129',5,NULL),(385,'1407010130',5,NULL),(386,'1407020110',5,NULL),(387,'1307010108',5,NULL),(388,'1307010204',5,NULL),(389,'1406070125',5,NULL),(390,'1407010201',5,NULL),(391,'1407010202',5,NULL),(392,'1407010203',5,NULL),(393,'1407010206',5,NULL),(394,'1407010207',5,NULL),(395,'1407010209',5,NULL),(396,'1407010210',5,NULL),(397,'1407010212',5,NULL),(398,'1407010213',5,NULL),(399,'1407010214',5,NULL),(400,'1407010215',5,NULL),(401,'1407010216',5,NULL),(402,'1407010217',5,NULL),(403,'1407010219',5,NULL),(404,'1407010220',5,NULL),(405,'1407010222',5,NULL),(406,'1407010223',5,NULL),(407,'1407010224',5,NULL),(408,'1407010225',5,NULL),(409,'1407010226',5,NULL),(410,'1407010227',5,NULL),(411,'1407010228',5,NULL),(412,'1407010229',5,NULL),(413,'1407010230',5,NULL),(414,'1409010122',5,NULL),(415,'1409010128',5,NULL),(416,'1407010301',5,NULL),(417,'1407010302',5,NULL),(418,'1407010303',5,NULL),(419,'1407010304',5,NULL),(420,'1407010305',5,NULL),(421,'1407010306',5,NULL),(422,'1407010307',5,NULL),(423,'1407010308',5,NULL),(424,'1407010309',5,NULL),(425,'1407010310',5,NULL),(426,'1407010311',5,NULL),(427,'1407010312',5,NULL),(428,'1407010313',5,NULL),(429,'1407010314',5,NULL),(430,'1407010315',5,NULL),(431,'1407010316',5,NULL),(432,'1407010317',5,NULL),(433,'1407010318',5,NULL),(434,'1407010319',5,NULL),(435,'1407010320',5,NULL),(436,'1407010321',5,NULL),(437,'1407010322',5,NULL),(438,'1407010323',5,NULL),(439,'1407010324',5,NULL),(440,'1407010325',5,NULL),(441,'1407010326',5,NULL),(442,'1407010327',5,NULL),(443,'1407010328',5,NULL),(444,'1407010329',5,NULL),(445,'1407010330',5,NULL),(446,'1407010102',6,NULL),(447,'1407010103',6,NULL),(448,'1407010104',6,NULL),(449,'1407010105',6,NULL),(450,'1407010106',6,NULL),(451,'1407010107',6,NULL),(452,'1407010108',6,NULL),(453,'1407010109',6,NULL),(454,'1407010110',6,NULL),(455,'1407010111',6,NULL),(456,'1407010112',6,NULL),(457,'1407010113',6,NULL),(458,'1407010114',6,NULL),(459,'1407010115',6,NULL),(460,'1407010116',6,NULL),(461,'1407010117',6,NULL),(462,'1407010118',6,NULL),(463,'1407010119',6,NULL),(464,'1407010120',6,NULL),(465,'1407010121',6,NULL),(466,'1407010122',6,NULL),(467,'1407010123',6,NULL),(468,'1407010124',6,NULL),(469,'1407010125',6,NULL),(470,'1407010126',6,NULL),(471,'1407010127',6,NULL),(472,'1407010128',6,NULL),(473,'1407010129',6,NULL),(474,'1407010130',6,NULL),(475,'1407020110',6,NULL),(476,'1307010108',6,NULL),(477,'1307010204',6,NULL),(478,'1406070125',6,NULL),(479,'1407010201',6,NULL),(480,'1407010202',6,NULL),(481,'1407010203',6,NULL),(482,'1407010206',6,NULL),(483,'1407010207',6,NULL),(484,'1407010209',6,NULL),(485,'1407010210',6,NULL),(486,'1407010212',6,NULL),(487,'1407010213',6,NULL),(488,'1407010214',6,NULL),(489,'1407010215',6,NULL),(490,'1407010216',6,NULL),(491,'1407010217',6,NULL),(492,'1407010219',6,NULL),(493,'1407010220',6,NULL),(494,'1407010222',6,NULL),(495,'1407010223',6,NULL),(496,'1407010224',6,NULL),(497,'1407010225',6,NULL),(498,'1407010226',6,NULL),(499,'1407010227',6,NULL),(500,'1407010228',6,NULL),(501,'1407010229',6,NULL),(502,'1407010230',6,NULL),(503,'1409010122',6,NULL),(504,'1409010128',6,NULL),(505,'1407010301',6,NULL),(506,'1407010302',6,NULL),(507,'1407010303',6,NULL),(508,'1407010304',6,NULL),(509,'1407010305',6,NULL),(510,'1407010306',6,NULL),(511,'1407010307',6,NULL),(512,'1407010308',6,NULL),(513,'1407010309',6,NULL),(514,'1407010310',6,NULL),(515,'1407010311',6,NULL),(516,'1407010312',6,NULL),(517,'1407010313',6,NULL),(518,'1407010314',6,NULL),(519,'1407010315',6,NULL),(520,'1407010316',6,NULL),(521,'1407010317',6,NULL),(522,'1407010318',6,NULL),(523,'1407010319',6,NULL),(524,'1407010320',6,NULL),(525,'1407010321',6,NULL),(526,'1407010322',6,NULL),(527,'1407010323',6,NULL),(528,'1407010324',6,NULL),(529,'1407010325',6,NULL),(530,'1407010326',6,NULL),(531,'1407010327',6,NULL),(532,'1407010328',6,NULL),(533,'1407010329',6,NULL),(534,'1407010330',6,NULL),(535,'1407010102',7,NULL),(536,'1407010103',7,NULL),(537,'1407010104',7,NULL),(538,'1407010105',7,NULL),(539,'1407010106',7,NULL),(540,'1407010107',7,NULL),(541,'1407010108',7,NULL),(542,'1407010109',7,NULL),(543,'1407010110',7,NULL),(544,'1407010111',7,NULL),(545,'1407010112',7,NULL),(546,'1407010113',7,NULL),(547,'1407010114',7,NULL),(548,'1407010115',7,NULL),(549,'1407010116',7,NULL),(550,'1407010117',7,NULL),(551,'1407010118',7,NULL),(552,'1407010119',7,NULL),(553,'1407010120',7,NULL),(554,'1407010121',7,NULL),(555,'1407010122',7,NULL),(556,'1407010123',7,NULL),(557,'1407010124',7,NULL),(558,'1407010125',7,NULL),(559,'1407010126',7,NULL),(560,'1407010127',7,NULL),(561,'1407010128',7,NULL),(562,'1407010129',7,NULL),(563,'1407010130',7,NULL),(564,'1407020110',7,NULL),(565,'1307010108',7,NULL),(566,'1307010204',7,NULL),(567,'1406070125',7,NULL),(568,'1407010201',7,NULL),(569,'1407010202',7,NULL),(570,'1407010203',7,NULL),(571,'1407010206',7,NULL),(572,'1407010207',7,NULL),(573,'1407010209',7,NULL),(574,'1407010210',7,NULL),(575,'1407010212',7,NULL),(576,'1407010213',7,NULL),(577,'1407010214',7,NULL),(578,'1407010215',7,NULL),(579,'1407010216',7,NULL),(580,'1407010217',7,NULL),(581,'1407010219',7,NULL),(582,'1407010220',7,NULL),(583,'1407010222',7,NULL),(584,'1407010223',7,NULL),(585,'1407010224',7,NULL),(586,'1407010225',7,NULL),(587,'1407010226',7,NULL),(588,'1407010227',7,NULL),(589,'1407010228',7,NULL),(590,'1407010229',7,NULL),(591,'1407010230',7,NULL),(592,'1409010122',7,NULL),(593,'1409010128',7,NULL),(594,'1407010301',7,NULL),(595,'1407010302',7,NULL),(596,'1407010303',7,NULL),(597,'1407010304',7,NULL),(598,'1407010305',7,NULL),(599,'1407010306',7,NULL),(600,'1407010307',7,NULL),(601,'1407010308',7,NULL),(602,'1407010309',7,NULL),(603,'1407010310',7,NULL),(604,'1407010311',7,NULL),(605,'1407010312',7,NULL),(606,'1407010313',7,NULL),(607,'1407010314',7,NULL),(608,'1407010315',7,NULL),(609,'1407010316',7,NULL),(610,'1407010317',7,NULL),(611,'1407010318',7,NULL),(612,'1407010319',7,NULL),(613,'1407010320',7,NULL),(614,'1407010321',7,NULL),(615,'1407010322',7,NULL),(616,'1407010323',7,NULL),(617,'1407010324',7,NULL),(618,'1407010325',7,NULL),(619,'1407010326',7,NULL),(620,'1407010327',7,NULL),(621,'1407010328',7,NULL),(622,'1407010329',7,NULL),(623,'1407010330',7,NULL),(624,'1407010102',8,NULL),(625,'1407010103',8,NULL),(626,'1407010104',8,NULL),(627,'1407010105',8,NULL),(628,'1407010106',8,NULL),(629,'1407010107',8,NULL),(630,'1407010108',8,NULL),(631,'1407010109',8,NULL),(632,'1407010110',8,NULL),(633,'1407010111',8,NULL),(634,'1407010112',8,NULL),(635,'1407010113',8,NULL),(636,'1407010114',8,NULL),(637,'1407010115',8,NULL),(638,'1407010116',8,NULL),(639,'1407010117',8,NULL),(640,'1407010118',8,NULL),(641,'1407010119',8,NULL),(642,'1407010120',8,NULL),(643,'1407010121',8,NULL),(644,'1407010122',8,NULL),(645,'1407010123',8,NULL),(646,'1407010124',8,NULL),(647,'1407010125',8,NULL),(648,'1407010126',8,NULL),(649,'1407010127',8,NULL),(650,'1407010128',8,NULL),(651,'1407010129',8,NULL),(652,'1407010130',8,NULL),(653,'1407020110',8,NULL),(654,'1307010108',8,NULL),(655,'1307010204',8,NULL),(656,'1406070125',8,NULL),(657,'1407010201',8,NULL),(658,'1407010202',8,NULL),(659,'1407010203',8,NULL),(660,'1407010206',8,NULL),(661,'1407010207',8,NULL),(662,'1407010209',8,NULL),(663,'1407010210',8,NULL),(664,'1407010212',8,NULL),(665,'1407010213',8,NULL),(666,'1407010214',8,NULL),(667,'1407010215',8,NULL),(668,'1407010216',8,NULL),(669,'1407010217',8,NULL),(670,'1407010219',8,NULL),(671,'1407010220',8,NULL),(672,'1407010222',8,NULL),(673,'1407010223',8,NULL),(674,'1407010224',8,NULL),(675,'1407010225',8,NULL),(676,'1407010226',8,NULL),(677,'1407010227',8,NULL),(678,'1407010228',8,NULL),(679,'1407010229',8,NULL),(680,'1407010230',8,NULL),(681,'1409010122',8,NULL),(682,'1409010128',8,NULL),(683,'1407010301',8,NULL),(684,'1407010302',8,NULL),(685,'1407010303',8,NULL),(686,'1407010304',8,NULL),(687,'1407010305',8,NULL),(688,'1407010306',8,NULL),(689,'1407010307',8,NULL),(690,'1407010308',8,NULL),(691,'1407010309',8,NULL),(692,'1407010310',8,NULL),(693,'1407010311',8,NULL),(694,'1407010312',8,NULL),(695,'1407010313',8,NULL),(696,'1407010314',8,NULL),(697,'1407010315',8,NULL),(698,'1407010316',8,NULL),(699,'1407010317',8,NULL),(700,'1407010318',8,NULL),(701,'1407010319',8,NULL),(702,'1407010320',8,NULL),(703,'1407010321',8,NULL),(704,'1407010322',8,NULL),(705,'1407010323',8,NULL),(706,'1407010324',8,NULL),(707,'1407010325',8,NULL),(708,'1407010326',8,NULL),(709,'1407010327',8,NULL),(710,'1407010328',8,NULL),(711,'1407010329',8,NULL),(712,'1407010330',8,NULL),(713,'1307020416',9,NULL),(714,'1407020101',9,NULL),(715,'1407020102',9,NULL),(716,'1407020103',9,NULL),(717,'1407020105',9,NULL),(718,'1407020106',9,NULL),(719,'1407020107',9,NULL),(720,'1407020108',9,NULL),(721,'1407020109',9,NULL),(722,'1407020111',9,NULL),(723,'1407020112',9,NULL),(724,'1407020113',9,NULL),(725,'1407020115',9,NULL),(726,'1407020116',9,NULL),(727,'1407020117',9,NULL),(728,'1407020118',9,NULL),(729,'1407020119',9,NULL),(730,'1407020120',9,NULL),(731,'1407020121',9,NULL),(732,'1407020122',9,NULL),(733,'1407020123',9,NULL),(734,'1407020124',9,NULL),(735,'1407020125',9,NULL),(736,'1407020126',9,NULL),(737,'1407020127',9,NULL),(738,'1407020128',9,NULL),(739,'1407020129',9,NULL),(740,'1407020130',9,NULL),(741,'1407020201',9,NULL),(742,'1407020202',9,NULL),(743,'1407020204',9,NULL),(744,'1407020205',9,NULL),(745,'1407020206',9,NULL),(746,'1407020207',9,NULL),(747,'1407020208',9,NULL),(748,'1407020209',9,NULL),(749,'1407020210',9,NULL),(750,'1407020211',9,NULL),(751,'1407020212',9,NULL),(752,'1407020213',9,NULL),(753,'1407020214',9,NULL),(754,'1407020215',9,NULL),(755,'1407020216',9,NULL),(756,'1407020217',9,NULL),(757,'1407020218',9,NULL),(758,'1407020219',9,NULL),(759,'1407020220',9,NULL),(760,'1407020221',9,NULL),(761,'1407020222',9,NULL),(762,'1407020223',9,NULL),(763,'1407020224',9,NULL),(764,'1407020225',9,NULL),(765,'1407020226',9,NULL),(766,'1407020227',9,NULL),(767,'1407020228',9,NULL),(768,'1407020229',9,NULL),(769,'1407020230',9,NULL),(770,'1407020301',9,NULL),(771,'1407020303',9,NULL),(772,'1407020304',9,NULL),(773,'1407020306',9,NULL),(774,'1407020308',9,NULL),(775,'1407020309',9,NULL),(776,'1407020310',9,NULL),(777,'1407020311',9,NULL),(778,'1407020312',9,NULL),(779,'1407020313',9,NULL),(780,'1407020315',9,NULL),(781,'1407020316',9,NULL),(782,'1407020317',9,NULL),(783,'1407020318',9,NULL),(784,'1407020319',9,NULL),(785,'1407020320',9,NULL),(786,'1407020321',9,NULL),(787,'1407020322',9,NULL),(788,'1407020323',9,NULL),(789,'1407020324',9,NULL),(790,'1407020326',9,NULL),(791,'1407020327',9,NULL),(792,'1407020328',9,NULL),(793,'1407020329',9,NULL),(794,'1407020330',9,NULL),(795,'1307020115',9,NULL),(796,'1407020401',9,NULL),(797,'1407020403',9,NULL),(798,'1407020405',9,NULL),(799,'1407020406',9,NULL),(800,'1407020407',9,NULL),(801,'1407020408',9,NULL),(802,'1407020409',9,NULL),(803,'1407020410',9,NULL),(804,'1407020411',9,NULL),(805,'1407020412',9,NULL),(806,'1407020413',9,NULL),(807,'1407020414',9,NULL),(808,'1407020415',9,NULL),(809,'1407020416',9,NULL),(810,'1407020417',9,NULL),(811,'1407020418',9,NULL),(812,'1407020419',9,NULL),(813,'1407020420',9,NULL),(814,'1407020421',9,NULL),(815,'1407020422',9,NULL),(816,'1407020423',9,NULL),(817,'1407020424',9,NULL),(818,'1407020425',9,NULL),(819,'1407020426',9,NULL),(820,'1407020427',9,NULL),(821,'1407020428',9,NULL),(822,'1407020429',9,NULL),(823,'1307020416',10,NULL),(824,'1407020101',10,NULL),(825,'1407020102',10,NULL),(826,'1407020103',10,NULL),(827,'1407020105',10,NULL),(828,'1407020106',10,NULL),(829,'1407020107',10,NULL),(830,'1407020108',10,NULL),(831,'1407020109',10,NULL),(832,'1407020111',10,NULL),(833,'1407020112',10,NULL),(834,'1407020113',10,NULL),(835,'1407020115',10,NULL),(836,'1407020116',10,NULL),(837,'1407020117',10,NULL),(838,'1407020118',10,NULL),(839,'1407020119',10,NULL),(840,'1407020120',10,NULL),(841,'1407020121',10,NULL),(842,'1407020122',10,NULL),(843,'1407020123',10,NULL),(844,'1407020124',10,NULL),(845,'1407020125',10,NULL),(846,'1407020126',10,NULL),(847,'1407020127',10,NULL),(848,'1407020128',10,NULL),(849,'1407020129',10,NULL),(850,'1407020130',10,NULL),(851,'1407020201',10,NULL),(852,'1407020202',10,NULL),(853,'1407020204',10,NULL),(854,'1407020205',10,NULL),(855,'1407020206',10,NULL),(856,'1407020207',10,NULL),(857,'1407020208',10,NULL),(858,'1407020209',10,NULL),(859,'1407020210',10,NULL),(860,'1407020211',10,NULL),(861,'1407020212',10,NULL),(862,'1407020213',10,NULL),(863,'1407020214',10,NULL),(864,'1407020215',10,NULL),(865,'1407020216',10,NULL),(866,'1407020217',10,NULL),(867,'1407020218',10,NULL),(868,'1407020219',10,NULL),(869,'1407020220',10,NULL),(870,'1407020221',10,NULL),(871,'1407020222',10,NULL),(872,'1407020223',10,NULL),(873,'1407020224',10,NULL),(874,'1407020225',10,NULL),(875,'1407020226',10,NULL),(876,'1407020227',10,NULL),(877,'1407020228',10,NULL),(878,'1407020229',10,NULL),(879,'1407020230',10,NULL),(880,'1407020301',10,NULL),(881,'1407020303',10,NULL),(882,'1407020304',10,NULL),(883,'1407020306',10,NULL),(884,'1407020308',10,NULL),(885,'1407020309',10,NULL),(886,'1407020310',10,NULL),(887,'1407020311',10,NULL),(888,'1407020312',10,NULL),(889,'1407020313',10,NULL),(890,'1407020315',10,NULL),(891,'1407020316',10,NULL),(892,'1407020317',10,NULL),(893,'1407020318',10,NULL),(894,'1407020319',10,NULL),(895,'1407020320',10,NULL),(896,'1407020321',10,NULL),(897,'1407020322',10,NULL),(898,'1407020323',10,NULL),(899,'1407020324',10,NULL),(900,'1407020326',10,NULL),(901,'1407020327',10,NULL),(902,'1407020328',10,NULL),(903,'1407020329',10,NULL),(904,'1407020330',10,NULL),(905,'1307020115',10,NULL),(906,'1407020401',10,NULL),(907,'1407020403',10,NULL),(908,'1407020405',10,NULL),(909,'1407020406',10,NULL),(910,'1407020407',10,NULL),(911,'1407020408',10,NULL),(912,'1407020409',10,NULL),(913,'1407020410',10,NULL),(914,'1407020411',10,NULL),(915,'1407020412',10,NULL),(916,'1407020413',10,NULL),(917,'1407020414',10,NULL),(918,'1407020415',10,NULL),(919,'1407020416',10,NULL),(920,'1407020417',10,NULL),(921,'1407020418',10,NULL),(922,'1407020419',10,NULL),(923,'1407020420',10,NULL),(924,'1407020421',10,NULL),(925,'1407020422',10,NULL),(926,'1407020423',10,NULL),(927,'1407020424',10,NULL),(928,'1407020425',10,NULL),(929,'1407020426',10,NULL),(930,'1407020427',10,NULL),(931,'1407020428',10,NULL),(932,'1407020429',10,NULL),(933,'1307020416',11,NULL),(934,'1407020101',11,NULL),(935,'1407020102',11,NULL),(936,'1407020103',11,NULL),(937,'1407020105',11,NULL),(938,'1407020106',11,NULL),(939,'1407020107',11,NULL),(940,'1407020108',11,NULL),(941,'1407020109',11,NULL),(942,'1407020111',11,NULL),(943,'1407020112',11,NULL),(944,'1407020113',11,NULL),(945,'1407020115',11,NULL),(946,'1407020116',11,NULL),(947,'1407020117',11,NULL),(948,'1407020118',11,NULL),(949,'1407020119',11,NULL),(950,'1407020120',11,NULL),(951,'1407020121',11,NULL),(952,'1407020122',11,NULL),(953,'1407020123',11,NULL),(954,'1407020124',11,NULL),(955,'1407020125',11,NULL),(956,'1407020126',11,NULL),(957,'1407020127',11,NULL),(958,'1407020128',11,NULL),(959,'1407020129',11,NULL),(960,'1407020130',11,NULL),(961,'1407020201',11,NULL),(962,'1407020202',11,NULL),(963,'1407020204',11,NULL),(964,'1407020205',11,NULL),(965,'1407020206',11,NULL),(966,'1407020207',11,NULL),(967,'1407020208',11,NULL),(968,'1407020209',11,NULL),(969,'1407020210',11,NULL),(970,'1407020211',11,NULL),(971,'1407020212',11,NULL),(972,'1407020213',11,NULL),(973,'1407020214',11,NULL),(974,'1407020215',11,NULL),(975,'1407020216',11,NULL),(976,'1407020217',11,NULL),(977,'1407020218',11,NULL),(978,'1407020219',11,NULL),(979,'1407020220',11,NULL),(980,'1407020221',11,NULL),(981,'1407020222',11,NULL),(982,'1407020223',11,NULL),(983,'1407020224',11,NULL),(984,'1407020225',11,NULL),(985,'1407020226',11,NULL),(986,'1407020227',11,NULL),(987,'1407020228',11,NULL),(988,'1407020229',11,NULL),(989,'1407020230',11,NULL),(990,'1407020301',11,NULL),(991,'1407020303',11,NULL),(992,'1407020304',11,NULL),(993,'1407020306',11,NULL),(994,'1407020308',11,NULL),(995,'1407020309',11,NULL),(996,'1407020310',11,NULL),(997,'1407020311',11,NULL),(998,'1407020312',11,NULL),(999,'1407020313',11,NULL),(1000,'1407020315',11,NULL),(1001,'1407020316',11,NULL),(1002,'1407020317',11,NULL),(1003,'1407020318',11,NULL),(1004,'1407020319',11,NULL),(1005,'1407020320',11,NULL),(1006,'1407020321',11,NULL),(1007,'1407020322',11,NULL),(1008,'1407020323',11,NULL),(1009,'1407020324',11,NULL),(1010,'1407020326',11,NULL),(1011,'1407020327',11,NULL),(1012,'1407020328',11,NULL),(1013,'1407020329',11,NULL),(1014,'1407020330',11,NULL),(1015,'1307020115',11,NULL),(1016,'1407020401',11,NULL),(1017,'1407020403',11,NULL),(1018,'1407020405',11,NULL),(1019,'1407020406',11,NULL),(1020,'1407020407',11,NULL),(1021,'1407020408',11,NULL),(1022,'1407020409',11,NULL),(1023,'1407020410',11,NULL),(1024,'1407020411',11,NULL),(1025,'1407020412',11,NULL),(1026,'1407020413',11,NULL),(1027,'1407020414',11,NULL),(1028,'1407020415',11,NULL),(1029,'1407020416',11,NULL),(1030,'1407020417',11,NULL),(1031,'1407020418',11,NULL),(1032,'1407020419',11,NULL),(1033,'1407020420',11,NULL),(1034,'1407020421',11,NULL),(1035,'1407020422',11,NULL),(1036,'1407020423',11,NULL),(1037,'1407020424',11,NULL),(1038,'1407020425',11,NULL),(1039,'1407020426',11,NULL),(1040,'1407020427',11,NULL),(1041,'1407020428',11,NULL),(1042,'1407020429',11,NULL),(1043,'1307020416',12,NULL),(1044,'1407020101',12,NULL),(1045,'1407020102',12,NULL),(1046,'1407020103',12,NULL),(1047,'1407020105',12,NULL),(1048,'1407020106',12,NULL),(1049,'1407020107',12,NULL),(1050,'1407020108',12,NULL),(1051,'1407020109',12,NULL),(1052,'1407020111',12,NULL),(1053,'1407020112',12,NULL),(1054,'1407020113',12,NULL),(1055,'1407020115',12,NULL),(1056,'1407020116',12,NULL),(1057,'1407020117',12,NULL),(1058,'1407020118',12,NULL),(1059,'1407020119',12,NULL),(1060,'1407020120',12,NULL),(1061,'1407020121',12,NULL),(1062,'1407020122',12,NULL),(1063,'1407020123',12,NULL),(1064,'1407020124',12,NULL),(1065,'1407020125',12,NULL),(1066,'1407020126',12,NULL),(1067,'1407020127',12,NULL),(1068,'1407020128',12,NULL),(1069,'1407020129',12,NULL),(1070,'1407020130',12,NULL),(1071,'1407020201',12,NULL),(1072,'1407020202',12,NULL),(1073,'1407020204',12,NULL),(1074,'1407020205',12,NULL),(1075,'1407020206',12,NULL),(1076,'1407020207',12,NULL),(1077,'1407020208',12,NULL),(1078,'1407020209',12,NULL),(1079,'1407020210',12,NULL),(1080,'1407020211',12,NULL),(1081,'1407020212',12,NULL),(1082,'1407020213',12,NULL),(1083,'1407020214',12,NULL),(1084,'1407020215',12,NULL),(1085,'1407020216',12,NULL),(1086,'1407020217',12,NULL),(1087,'1407020218',12,NULL),(1088,'1407020219',12,NULL),(1089,'1407020220',12,NULL),(1090,'1407020221',12,NULL),(1091,'1407020222',12,NULL),(1092,'1407020223',12,NULL),(1093,'1407020224',12,NULL),(1094,'1407020225',12,NULL),(1095,'1407020226',12,NULL),(1096,'1407020227',12,NULL),(1097,'1407020228',12,NULL),(1098,'1407020229',12,NULL),(1099,'1407020230',12,NULL),(1100,'1407020301',12,NULL),(1101,'1407020303',12,NULL),(1102,'1407020304',12,NULL),(1103,'1407020306',12,NULL),(1104,'1407020308',12,NULL),(1105,'1407020309',12,NULL),(1106,'1407020310',12,NULL),(1107,'1407020311',12,NULL),(1108,'1407020312',12,NULL),(1109,'1407020313',12,NULL),(1110,'1407020315',12,NULL),(1111,'1407020316',12,NULL),(1112,'1407020317',12,NULL),(1113,'1407020318',12,NULL),(1114,'1407020319',12,NULL),(1115,'1407020320',12,NULL),(1116,'1407020321',12,NULL),(1117,'1407020322',12,NULL),(1118,'1407020323',12,NULL),(1119,'1407020324',12,NULL),(1120,'1407020326',12,NULL),(1121,'1407020327',12,NULL),(1122,'1407020328',12,NULL),(1123,'1407020329',12,NULL),(1124,'1407020330',12,NULL),(1125,'1307020115',12,NULL),(1126,'1407020401',12,NULL),(1127,'1407020403',12,NULL),(1128,'1407020405',12,NULL),(1129,'1407020406',12,NULL),(1130,'1407020407',12,NULL),(1131,'1407020408',12,NULL),(1132,'1407020409',12,NULL),(1133,'1407020410',12,NULL),(1134,'1407020411',12,NULL),(1135,'1407020412',12,NULL),(1136,'1407020413',12,NULL),(1137,'1407020414',12,NULL),(1138,'1407020415',12,NULL),(1139,'1407020416',12,NULL),(1140,'1407020417',12,NULL),(1141,'1407020418',12,NULL),(1142,'1407020419',12,NULL),(1143,'1407020420',12,NULL),(1144,'1407020421',12,NULL),(1145,'1407020422',12,NULL),(1146,'1407020423',12,NULL),(1147,'1407020424',12,NULL),(1148,'1407020425',12,NULL),(1149,'1407020426',12,NULL),(1150,'1407020427',12,NULL),(1151,'1407020428',12,NULL),(1152,'1407020429',12,NULL),(1153,'1307020416',13,NULL),(1154,'1407020101',13,NULL),(1155,'1407020102',13,NULL),(1156,'1407020103',13,NULL),(1157,'1407020105',13,NULL),(1158,'1407020106',13,NULL),(1159,'1407020107',13,NULL),(1160,'1407020108',13,NULL),(1161,'1407020109',13,NULL),(1162,'1407020111',13,NULL),(1163,'1407020112',13,NULL),(1164,'1407020113',13,NULL),(1165,'1407020115',13,NULL),(1166,'1407020116',13,NULL),(1167,'1407020117',13,NULL),(1168,'1407020118',13,NULL),(1169,'1407020119',13,NULL),(1170,'1407020120',13,NULL),(1171,'1407020121',13,NULL),(1172,'1407020122',13,NULL),(1173,'1407020123',13,NULL),(1174,'1407020124',13,NULL),(1175,'1407020125',13,NULL),(1176,'1407020126',13,NULL),(1177,'1407020127',13,NULL),(1178,'1407020128',13,NULL),(1179,'1407020129',13,NULL),(1180,'1407020130',13,NULL),(1181,'1407020201',13,NULL),(1182,'1407020202',13,NULL),(1183,'1407020204',13,NULL),(1184,'1407020205',13,NULL),(1185,'1407020206',13,NULL),(1186,'1407020207',13,NULL),(1187,'1407020208',13,NULL),(1188,'1407020209',13,NULL),(1189,'1407020210',13,NULL),(1190,'1407020211',13,NULL),(1191,'1407020212',13,NULL),(1192,'1407020213',13,NULL),(1193,'1407020214',13,NULL),(1194,'1407020215',13,NULL),(1195,'1407020216',13,NULL),(1196,'1407020217',13,NULL),(1197,'1407020218',13,NULL),(1198,'1407020219',13,NULL),(1199,'1407020220',13,NULL),(1200,'1407020221',13,NULL),(1201,'1407020222',13,NULL),(1202,'1407020223',13,NULL),(1203,'1407020224',13,NULL),(1204,'1407020225',13,NULL),(1205,'1407020226',13,NULL),(1206,'1407020227',13,NULL),(1207,'1407020228',13,NULL),(1208,'1407020229',13,NULL),(1209,'1407020230',13,NULL),(1210,'1407020301',13,NULL),(1211,'1407020303',13,NULL),(1212,'1407020304',13,NULL),(1213,'1407020306',13,NULL),(1214,'1407020308',13,NULL),(1215,'1407020309',13,NULL),(1216,'1407020310',13,NULL),(1217,'1407020311',13,NULL),(1218,'1407020312',13,NULL),(1219,'1407020313',13,NULL),(1220,'1407020315',13,NULL),(1221,'1407020316',13,NULL),(1222,'1407020317',13,NULL),(1223,'1407020318',13,NULL),(1224,'1407020319',13,NULL),(1225,'1407020320',13,NULL),(1226,'1407020321',13,NULL),(1227,'1407020322',13,NULL),(1228,'1407020323',13,NULL),(1229,'1407020324',13,NULL),(1230,'1407020326',13,NULL),(1231,'1407020327',13,NULL),(1232,'1407020328',13,NULL),(1233,'1407020329',13,NULL),(1234,'1407020330',13,NULL),(1235,'1307020115',13,NULL),(1236,'1407020401',13,NULL),(1237,'1407020403',13,NULL),(1238,'1407020405',13,NULL),(1239,'1407020406',13,NULL),(1240,'1407020407',13,NULL),(1241,'1407020408',13,NULL),(1242,'1407020409',13,NULL),(1243,'1407020410',13,NULL),(1244,'1407020411',13,NULL),(1245,'1407020412',13,NULL),(1246,'1407020413',13,NULL),(1247,'1407020414',13,NULL),(1248,'1407020415',13,NULL),(1249,'1407020416',13,NULL),(1250,'1407020417',13,NULL),(1251,'1407020418',13,NULL),(1252,'1407020419',13,NULL),(1253,'1407020420',13,NULL),(1254,'1407020421',13,NULL),(1255,'1407020422',13,NULL),(1256,'1407020423',13,NULL),(1257,'1407020424',13,NULL),(1258,'1407020425',13,NULL),(1259,'1407020426',13,NULL),(1260,'1407020427',13,NULL),(1261,'1407020428',13,NULL),(1262,'1407020429',13,NULL),(1263,'1307020416',14,NULL),(1264,'1407020101',14,NULL),(1265,'1407020102',14,NULL),(1266,'1407020103',14,NULL),(1267,'1407020105',14,NULL),(1268,'1407020106',14,NULL),(1269,'1407020107',14,NULL),(1270,'1407020108',14,NULL),(1271,'1407020109',14,NULL),(1272,'1407020111',14,NULL),(1273,'1407020112',14,NULL),(1274,'1407020113',14,NULL),(1275,'1407020115',14,NULL),(1276,'1407020116',14,NULL),(1277,'1407020117',14,NULL),(1278,'1407020118',14,NULL),(1279,'1407020119',14,NULL),(1280,'1407020120',14,NULL),(1281,'1407020121',14,NULL),(1282,'1407020122',14,NULL),(1283,'1407020123',14,NULL),(1284,'1407020124',14,NULL),(1285,'1407020125',14,NULL),(1286,'1407020126',14,NULL),(1287,'1407020127',14,NULL),(1288,'1407020128',14,NULL),(1289,'1407020129',14,NULL),(1290,'1407020130',14,NULL),(1291,'1407020201',14,NULL),(1292,'1407020202',14,NULL),(1293,'1407020204',14,NULL),(1294,'1407020205',14,NULL),(1295,'1407020206',14,NULL),(1296,'1407020207',14,NULL),(1297,'1407020208',14,NULL),(1298,'1407020209',14,NULL),(1299,'1407020210',14,NULL),(1300,'1407020211',14,NULL),(1301,'1407020212',14,NULL),(1302,'1407020213',14,NULL),(1303,'1407020214',14,NULL),(1304,'1407020215',14,NULL),(1305,'1407020216',14,NULL),(1306,'1407020217',14,NULL),(1307,'1407020218',14,NULL),(1308,'1407020219',14,NULL),(1309,'1407020220',14,NULL),(1310,'1407020221',14,NULL),(1311,'1407020222',14,NULL),(1312,'1407020223',14,NULL),(1313,'1407020224',14,NULL),(1314,'1407020225',14,NULL),(1315,'1407020226',14,NULL),(1316,'1407020227',14,NULL),(1317,'1407020228',14,NULL),(1318,'1407020229',14,NULL),(1319,'1407020230',14,NULL),(1320,'1407020301',14,NULL),(1321,'1407020303',14,NULL),(1322,'1407020304',14,NULL),(1323,'1407020306',14,NULL),(1324,'1407020308',14,NULL),(1325,'1407020309',14,NULL),(1326,'1407020310',14,NULL),(1327,'1407020311',14,NULL),(1328,'1407020312',14,NULL),(1329,'1407020313',14,NULL),(1330,'1407020315',14,NULL),(1331,'1407020316',14,NULL),(1332,'1407020317',14,NULL),(1333,'1407020318',14,NULL),(1334,'1407020319',14,NULL),(1335,'1407020320',14,NULL),(1336,'1407020321',14,NULL),(1337,'1407020322',14,NULL),(1338,'1407020323',14,NULL),(1339,'1407020324',14,NULL),(1340,'1407020326',14,NULL),(1341,'1407020327',14,NULL),(1342,'1407020328',14,NULL),(1343,'1407020329',14,NULL),(1344,'1407020330',14,NULL),(1345,'1307020115',14,NULL),(1346,'1407020401',14,NULL),(1347,'1407020403',14,NULL),(1348,'1407020405',14,NULL),(1349,'1407020406',14,NULL),(1350,'1407020407',14,NULL),(1351,'1407020408',14,NULL),(1352,'1407020409',14,NULL),(1353,'1407020410',14,NULL),(1354,'1407020411',14,NULL),(1355,'1407020412',14,NULL),(1356,'1407020413',14,NULL),(1357,'1407020414',14,NULL),(1358,'1407020415',14,NULL),(1359,'1407020416',14,NULL),(1360,'1407020417',14,NULL),(1361,'1407020418',14,NULL),(1362,'1407020419',14,NULL),(1363,'1407020420',14,NULL),(1364,'1407020421',14,NULL),(1365,'1407020422',14,NULL),(1366,'1407020423',14,NULL),(1367,'1407020424',14,NULL),(1368,'1407020425',14,NULL),(1369,'1407020426',14,NULL),(1370,'1407020427',14,NULL),(1371,'1407020428',14,NULL),(1372,'1407020429',14,NULL),(1373,'1307020416',6,NULL),(1374,'1407020101',6,NULL),(1375,'1407020102',6,NULL),(1376,'1407020103',6,NULL),(1377,'1407020105',6,NULL),(1378,'1407020106',6,NULL),(1379,'1407020107',6,NULL),(1380,'1407020108',6,NULL),(1381,'1407020109',6,NULL),(1382,'1407020111',6,NULL),(1383,'1407020112',6,NULL),(1384,'1407020113',6,NULL),(1385,'1407020115',6,NULL),(1386,'1407020116',6,NULL),(1387,'1407020117',6,NULL),(1388,'1407020118',6,NULL),(1389,'1407020119',6,NULL),(1390,'1407020120',6,NULL),(1391,'1407020121',6,NULL),(1392,'1407020122',6,NULL),(1393,'1407020123',6,NULL),(1394,'1407020124',6,NULL),(1395,'1407020125',6,NULL),(1396,'1407020126',6,NULL),(1397,'1407020127',6,NULL),(1398,'1407020128',6,NULL),(1399,'1407020129',6,NULL),(1400,'1407020130',6,NULL),(1401,'1407020201',6,NULL),(1402,'1407020202',6,NULL),(1403,'1407020204',6,NULL),(1404,'1407020205',6,NULL),(1405,'1407020206',6,NULL),(1406,'1407020207',6,NULL),(1407,'1407020208',6,NULL),(1408,'1407020209',6,NULL),(1409,'1407020210',6,NULL),(1410,'1407020211',6,NULL),(1411,'1407020212',6,NULL),(1412,'1407020213',6,NULL),(1413,'1407020214',6,NULL),(1414,'1407020215',6,NULL),(1415,'1407020216',6,NULL),(1416,'1407020217',6,NULL),(1417,'1407020218',6,NULL),(1418,'1407020219',6,NULL),(1419,'1407020220',6,NULL),(1420,'1407020221',6,NULL),(1421,'1407020222',6,NULL),(1422,'1407020223',6,NULL),(1423,'1407020224',6,NULL),(1424,'1407020225',6,NULL),(1425,'1407020226',6,NULL),(1426,'1407020227',6,NULL),(1427,'1407020228',6,NULL),(1428,'1407020229',6,NULL),(1429,'1407020230',6,NULL),(1430,'1407020301',6,NULL),(1431,'1407020303',6,NULL),(1432,'1407020304',6,NULL),(1433,'1407020306',6,NULL),(1434,'1407020308',6,NULL),(1435,'1407020309',6,NULL),(1436,'1407020310',6,NULL),(1437,'1407020311',6,NULL),(1438,'1407020312',6,NULL),(1439,'1407020313',6,NULL),(1440,'1407020315',6,NULL),(1441,'1407020316',6,NULL),(1442,'1407020317',6,NULL),(1443,'1407020318',6,NULL),(1444,'1407020319',6,NULL),(1445,'1407020320',6,NULL),(1446,'1407020321',6,NULL),(1447,'1407020322',6,NULL),(1448,'1407020323',6,NULL),(1449,'1407020324',6,NULL),(1450,'1407020326',6,NULL),(1451,'1407020327',6,NULL),(1452,'1407020328',6,NULL),(1453,'1407020329',6,NULL),(1454,'1407020330',6,NULL),(1455,'1307020115',6,NULL),(1456,'1407020401',6,NULL),(1457,'1407020403',6,NULL),(1458,'1407020405',6,NULL),(1459,'1407020406',6,NULL),(1460,'1407020407',6,NULL),(1461,'1407020408',6,NULL),(1462,'1407020409',6,NULL),(1463,'1407020410',6,NULL),(1464,'1407020411',6,NULL),(1465,'1407020412',6,NULL),(1466,'1407020413',6,NULL),(1467,'1407020414',6,NULL),(1468,'1407020415',6,NULL),(1469,'1407020416',6,NULL),(1470,'1407020417',6,NULL),(1471,'1407020418',6,NULL),(1472,'1407020419',6,NULL),(1473,'1407020420',6,NULL),(1474,'1407020421',6,NULL),(1475,'1407020422',6,NULL),(1476,'1407020423',6,NULL),(1477,'1407020424',6,NULL),(1478,'1407020425',6,NULL),(1479,'1407020426',6,NULL),(1480,'1407020427',6,NULL),(1481,'1407020428',6,NULL),(1482,'1407020429',6,NULL),(1483,'1407030101',15,NULL),(1484,'1407030102',15,NULL),(1485,'1407030103',15,NULL),(1486,'1407030104',15,NULL),(1487,'1407030105',15,NULL),(1488,'1407030106',15,NULL),(1489,'1407030107',15,NULL),(1490,'1407030108',15,NULL),(1491,'1407030109',15,NULL),(1492,'1407030110',15,NULL),(1493,'1407030111',15,NULL),(1494,'1407030113',15,NULL),(1495,'1407030114',15,NULL),(1496,'1407030115',15,NULL),(1497,'1407030116',15,NULL),(1498,'1407030117',15,NULL),(1499,'1407030118',15,NULL),(1500,'1407030119',15,NULL),(1501,'1407030121',15,NULL),(1502,'1407030122',15,NULL),(1503,'1407030123',15,NULL),(1504,'1407030124',15,NULL),(1505,'1407030125',15,NULL),(1506,'1407030126',15,NULL),(1507,'1407030127',15,NULL),(1508,'1407030128',15,NULL),(1509,'1407030129',15,NULL),(1510,'1407030130',15,NULL),(1511,'1407030202',15,NULL),(1512,'1407030203',15,NULL),(1513,'1407030204',15,NULL),(1514,'1407030205',15,NULL),(1515,'1407030206',15,NULL),(1516,'1407030207',15,NULL),(1517,'1407030208',15,NULL),(1518,'1407030209',15,NULL),(1519,'1407030210',15,NULL),(1520,'1407030211',15,NULL),(1521,'1407030212',15,NULL),(1522,'1407030213',15,NULL),(1523,'1407030215',15,NULL),(1524,'1407030217',15,NULL),(1525,'1407030218',15,NULL),(1526,'1407030219',15,NULL),(1527,'1407030220',15,NULL),(1528,'1407030221',15,NULL),(1529,'1407030222',15,NULL),(1530,'1407030224',15,NULL),(1531,'1407030225',15,NULL),(1532,'1407030226',15,NULL),(1533,'1407030227',15,NULL),(1534,'1407030228',15,NULL),(1535,'1407030229',15,NULL),(1536,'1407030230',15,NULL),(1537,'1407030101',16,NULL),(1538,'1407030102',16,NULL),(1539,'1407030103',16,NULL),(1540,'1407030104',16,NULL),(1541,'1407030105',16,NULL),(1542,'1407030106',16,NULL),(1543,'1407030107',16,NULL),(1544,'1407030108',16,NULL),(1545,'1407030109',16,NULL),(1546,'1407030110',16,NULL),(1547,'1407030111',16,NULL),(1548,'1407030113',16,NULL),(1549,'1407030114',16,NULL),(1550,'1407030115',16,NULL),(1551,'1407030116',16,NULL),(1552,'1407030117',16,NULL),(1553,'1407030118',16,NULL),(1554,'1407030119',16,NULL),(1555,'1407030121',16,NULL),(1556,'1407030122',16,NULL),(1557,'1407030123',16,NULL),(1558,'1407030124',16,NULL),(1559,'1407030125',16,NULL),(1560,'1407030126',16,NULL),(1561,'1407030127',16,NULL),(1562,'1407030128',16,NULL),(1563,'1407030129',16,NULL),(1564,'1407030130',16,NULL),(1565,'1407030202',16,NULL),(1566,'1407030203',16,NULL),(1567,'1407030204',16,NULL),(1568,'1407030205',16,NULL),(1569,'1407030206',16,NULL),(1570,'1407030207',16,NULL),(1571,'1407030208',16,NULL),(1572,'1407030209',16,NULL),(1573,'1407030210',16,NULL),(1574,'1407030211',16,NULL),(1575,'1407030212',16,NULL),(1576,'1407030213',16,NULL),(1577,'1407030215',16,NULL),(1578,'1407030217',16,NULL),(1579,'1407030218',16,NULL),(1580,'1407030219',16,NULL),(1581,'1407030220',16,NULL),(1582,'1407030221',16,NULL),(1583,'1407030222',16,NULL),(1584,'1407030224',16,NULL),(1585,'1407030225',16,NULL),(1586,'1407030226',16,NULL),(1587,'1407030227',16,NULL),(1588,'1407030228',16,NULL),(1589,'1407030229',16,NULL),(1590,'1407030230',16,NULL),(1591,'1407030101',17,NULL),(1592,'1407030102',17,NULL),(1593,'1407030103',17,NULL),(1594,'1407030104',17,NULL),(1595,'1407030105',17,NULL),(1596,'1407030106',17,NULL),(1597,'1407030107',17,NULL),(1598,'1407030108',17,NULL),(1599,'1407030109',17,NULL),(1600,'1407030110',17,NULL),(1601,'1407030111',17,NULL),(1602,'1407030113',17,NULL),(1603,'1407030114',17,NULL),(1604,'1407030115',17,NULL),(1605,'1407030116',17,NULL),(1606,'1407030117',17,NULL),(1607,'1407030118',17,NULL),(1608,'1407030119',17,NULL),(1609,'1407030121',17,NULL),(1610,'1407030122',17,NULL),(1611,'1407030123',17,NULL),(1612,'1407030124',17,NULL),(1613,'1407030125',17,NULL),(1614,'1407030126',17,NULL),(1615,'1407030127',17,NULL),(1616,'1407030128',17,NULL),(1617,'1407030129',17,NULL),(1618,'1407030130',17,NULL),(1619,'1407030202',17,NULL),(1620,'1407030203',17,NULL),(1621,'1407030204',17,NULL),(1622,'1407030205',17,NULL),(1623,'1407030206',17,NULL),(1624,'1407030207',17,NULL),(1625,'1407030208',17,NULL),(1626,'1407030209',17,NULL),(1627,'1407030210',17,NULL),(1628,'1407030211',17,NULL),(1629,'1407030212',17,NULL),(1630,'1407030213',17,NULL),(1631,'1407030215',17,NULL),(1632,'1407030217',17,NULL),(1633,'1407030218',17,NULL),(1634,'1407030219',17,NULL),(1635,'1407030220',17,NULL),(1636,'1407030221',17,NULL),(1637,'1407030222',17,NULL),(1638,'1407030224',17,NULL),(1639,'1407030225',17,NULL),(1640,'1407030226',17,NULL),(1641,'1407030227',17,NULL),(1642,'1407030228',17,NULL),(1643,'1407030229',17,NULL),(1644,'1407030230',17,NULL),(1645,'1407030101',18,NULL),(1646,'1407030102',18,NULL),(1647,'1407030103',18,NULL),(1648,'1407030104',18,NULL),(1649,'1407030105',18,NULL),(1650,'1407030106',18,NULL),(1651,'1407030107',18,NULL),(1652,'1407030108',18,NULL),(1653,'1407030109',18,NULL),(1654,'1407030110',18,NULL),(1655,'1407030111',18,NULL),(1656,'1407030113',18,NULL),(1657,'1407030114',18,NULL),(1658,'1407030115',18,NULL),(1659,'1407030116',18,NULL),(1660,'1407030117',18,NULL),(1661,'1407030118',18,NULL),(1662,'1407030119',18,NULL),(1663,'1407030121',18,NULL),(1664,'1407030122',18,NULL),(1665,'1407030123',18,NULL),(1666,'1407030124',18,NULL),(1667,'1407030125',18,NULL),(1668,'1407030126',18,NULL),(1669,'1407030127',18,NULL),(1670,'1407030128',18,NULL),(1671,'1407030129',18,NULL),(1672,'1407030130',18,NULL),(1673,'1407030202',18,NULL),(1674,'1407030203',18,NULL),(1675,'1407030204',18,NULL),(1676,'1407030205',18,NULL),(1677,'1407030206',18,NULL),(1678,'1407030207',18,NULL),(1679,'1407030208',18,NULL),(1680,'1407030209',18,NULL),(1681,'1407030210',18,NULL),(1682,'1407030211',18,NULL),(1683,'1407030212',18,NULL),(1684,'1407030213',18,NULL),(1685,'1407030215',18,NULL),(1686,'1407030217',18,NULL),(1687,'1407030218',18,NULL),(1688,'1407030219',18,NULL),(1689,'1407030220',18,NULL),(1690,'1407030221',18,NULL),(1691,'1407030222',18,NULL),(1692,'1407030224',18,NULL),(1693,'1407030225',18,NULL),(1694,'1407030226',18,NULL),(1695,'1407030227',18,NULL),(1696,'1407030228',18,NULL),(1697,'1407030229',18,NULL),(1698,'1407030230',18,NULL),(1699,'1407030101',19,NULL),(1700,'1407030102',19,NULL),(1701,'1407030103',19,NULL),(1702,'1407030104',19,NULL),(1703,'1407030105',19,NULL),(1704,'1407030106',19,NULL),(1705,'1407030107',19,NULL),(1706,'1407030108',19,NULL),(1707,'1407030109',19,NULL),(1708,'1407030110',19,NULL),(1709,'1407030111',19,NULL),(1710,'1407030113',19,NULL),(1711,'1407030114',19,NULL),(1712,'1407030115',19,NULL),(1713,'1407030116',19,NULL),(1714,'1407030117',19,NULL),(1715,'1407030118',19,NULL),(1716,'1407030119',19,NULL),(1717,'1407030121',19,NULL),(1718,'1407030122',19,NULL),(1719,'1407030123',19,NULL),(1720,'1407030124',19,NULL),(1721,'1407030125',19,NULL),(1722,'1407030126',19,NULL),(1723,'1407030127',19,NULL),(1724,'1407030128',19,NULL),(1725,'1407030129',19,NULL),(1726,'1407030130',19,NULL),(1727,'1407030202',19,NULL),(1728,'1407030203',19,NULL),(1729,'1407030204',19,NULL),(1730,'1407030205',19,NULL),(1731,'1407030206',19,NULL),(1732,'1407030207',19,NULL),(1733,'1407030208',19,NULL),(1734,'1407030209',19,NULL),(1735,'1407030210',19,NULL),(1736,'1407030211',19,NULL),(1737,'1407030212',19,NULL),(1738,'1407030213',19,NULL),(1739,'1407030215',19,NULL),(1740,'1407030217',19,NULL),(1741,'1407030218',19,NULL),(1742,'1407030219',19,NULL),(1743,'1407030220',19,NULL),(1744,'1407030221',19,NULL),(1745,'1407030222',19,NULL),(1746,'1407030224',19,NULL),(1747,'1407030225',19,NULL),(1748,'1407030226',19,NULL),(1749,'1407030227',19,NULL),(1750,'1407030228',19,NULL),(1751,'1407030229',19,NULL),(1752,'1407030230',19,NULL),(1753,'1407030101',20,NULL),(1754,'1407030102',20,NULL),(1755,'1407030103',20,NULL),(1756,'1407030104',20,NULL),(1757,'1407030105',20,NULL),(1758,'1407030106',20,NULL),(1759,'1407030107',20,NULL),(1760,'1407030108',20,NULL),(1761,'1407030109',20,NULL),(1762,'1407030110',20,NULL),(1763,'1407030111',20,NULL),(1764,'1407030113',20,NULL),(1765,'1407030114',20,NULL),(1766,'1407030115',20,NULL),(1767,'1407030116',20,NULL),(1768,'1407030117',20,NULL),(1769,'1407030118',20,NULL),(1770,'1407030119',20,NULL),(1771,'1407030121',20,NULL),(1772,'1407030122',20,NULL),(1773,'1407030123',20,NULL),(1774,'1407030124',20,NULL),(1775,'1407030125',20,NULL),(1776,'1407030126',20,NULL),(1777,'1407030127',20,NULL),(1778,'1407030128',20,NULL),(1779,'1407030129',20,NULL),(1780,'1407030130',20,NULL),(1781,'1407030202',20,NULL),(1782,'1407030203',20,NULL),(1783,'1407030204',20,NULL),(1784,'1407030205',20,NULL),(1785,'1407030206',20,NULL),(1786,'1407030207',20,NULL),(1787,'1407030208',20,NULL),(1788,'1407030209',20,NULL),(1789,'1407030210',20,NULL),(1790,'1407030211',20,NULL),(1791,'1407030212',20,NULL),(1792,'1407030213',20,NULL),(1793,'1407030215',20,NULL),(1794,'1407030217',20,NULL),(1795,'1407030218',20,NULL),(1796,'1407030219',20,NULL),(1797,'1407030220',20,NULL),(1798,'1407030221',20,NULL),(1799,'1407030222',20,NULL),(1800,'1407030224',20,NULL),(1801,'1407030225',20,NULL),(1802,'1407030226',20,NULL),(1803,'1407030227',20,NULL),(1804,'1407030228',20,NULL),(1805,'1407030229',20,NULL),(1806,'1407030230',20,NULL),(2293,'1407030101',6,NULL),(2294,'1407030102',6,NULL),(2295,'1407030103',6,NULL),(2296,'1407030104',6,NULL),(2297,'1407030105',6,NULL),(2298,'1407030106',6,NULL),(2299,'1407030107',6,NULL),(2300,'1407030108',6,NULL),(2301,'1407030109',6,NULL),(2302,'1407030110',6,NULL),(2303,'1407030111',6,NULL),(2304,'1407030113',6,NULL),(2305,'1407030114',6,NULL),(2306,'1407030115',6,NULL),(2307,'1407030116',6,NULL),(2308,'1407030117',6,NULL),(2309,'1407030118',6,NULL),(2310,'1407030119',6,NULL),(2311,'1407030121',6,NULL),(2312,'1407030122',6,NULL),(2313,'1407030123',6,NULL),(2314,'1407030124',6,NULL),(2315,'1407030125',6,NULL),(2316,'1407030126',6,NULL),(2317,'1407030127',6,NULL),(2318,'1407030128',6,NULL),(2319,'1407030129',6,NULL),(2320,'1407030130',6,NULL),(2321,'1407030202',6,NULL),(2322,'1407030203',6,NULL),(2323,'1407030204',6,NULL),(2324,'1407030205',6,NULL),(2325,'1407030206',6,NULL),(2326,'1407030207',6,NULL),(2327,'1407030208',6,NULL),(2328,'1407030209',6,NULL),(2329,'1407030210',6,NULL),(2330,'1407030211',6,NULL),(2331,'1407030212',6,NULL),(2332,'1407030213',6,NULL),(2333,'1407030215',6,NULL),(2334,'1407030217',6,NULL),(2335,'1407030218',6,NULL),(2336,'1407030219',6,NULL),(2337,'1407030220',6,NULL),(2338,'1407030221',6,NULL),(2339,'1407030222',6,NULL),(2340,'1407030224',6,NULL),(2341,'1407030225',6,NULL),(2342,'1407030226',6,NULL),(2343,'1407030227',6,NULL),(2344,'1407030228',6,NULL),(2345,'1407030229',6,NULL),(2346,'1407030230',6,NULL);
/*!40000 ALTER TABLE `tbl_select_course` ENABLE KEYS */;
UNLOCK TABLES;

--
-- Table structure for table `tbl_student`
--

DROP TABLE IF EXISTS `tbl_student`;
/*!40101 SET @saved_cs_client     = @@character_set_client */;
/*!40101 SET character_set_client = utf8 */;
CREATE TABLE `tbl_student` (
  `StuID` varchar(10) NOT NULL,
  `ClassID` varchar(8) DEFAULT NULL,
  `StuName` varchar(10) DEFAULT NULL,
  `StuSex` enum('男','女') DEFAULT NULL,
  `Birthday` date DEFAULT NULL,
  `Password` varchar(20) DEFAULT NULL,
  PRIMARY KEY (`StuID`),
  KEY `FK_Reference_1` (`ClassID`),
  CONSTRAINT `FK_Reference_1` FOREIGN KEY (`ClassID`) REFERENCES `tbl_class` (`ClassID`)
) ENGINE=InnoDB DEFAULT CHARSET=utf8;
/*!40101 SET character_set_client = @saved_cs_client */;

--
-- Dumping data for table `tbl_student`
--

LOCK TABLES `tbl_student` WRITE;
/*!40000 ALTER TABLE `tbl_student` DISABLE KEYS */;
INSERT INTO `tbl_student` VALUES ('1307010108','14070102','梅宇晨','男','2018-04-02','123456'),('1307010204','14070102','黄明昊','男','2018-04-02','123456'),('1307020115','14070204','李越','男','2018-04-02','123456'),('1307020416','14070201','邱忠将','男','2018-04-02','123456'),('1406070125','14070102','黄薇','女','2018-04-02','123456'),('1407010102','14070101','谭志鹏','男','2018-04-02','123456'),('1407010103','14070101','朱岩彬','男','2018-04-02','123456'),('1407010104','14070101','李富帅','男','2018-04-02','123456'),('1407010105','14070101','徐政','男','2018-04-02','123456'),('1407010106','14070101','王贺龙','男','2018-04-02','123456'),('1407010107','14070101','李崟','男','2018-04-02','123456'),('1407010108','14070101','王子鹏','男','2018-04-02','123456'),('1407010109','14070101','袁维坤','男','2018-04-02','123456'),('1407010110','14070101','吴盛霞','女','2018-04-02','123456'),('1407010111','14070101','肖金艳','女','2018-04-02','123456'),('1407010112','14070101','汪爱玲','女','2018-04-02','123456'),('1407010113','14070101','曾秀','女','2018-04-02','123456'),('1407010114','14070101','王红丽','女','2018-04-02','123456'),('1407010115','14070101','冯冲','女','2018-04-02','123456'),('1407010116','14070101','王瑶','女','2018-04-02','123456'),('1407010117','14070101','何雅绮','女','2018-04-02','123456'),('1407010118','14070101','杨芳','女','2018-04-02','123456'),('1407010119','14070101','谭静','女','2018-04-02','123456'),('1407010120','14070101','彭慧','女','2018-04-02','123456'),('1407010121','14070101','杨静','女','2018-04-02','123456'),('1407010122','14070101','罗文娟','女','2018-04-02','123456'),('1407010123','14070101','杨欣虹','女','2018-04-02','123456'),('1407010124','14070101','杨晓玉','女','2018-04-02','123456'),('1407010125','14070101','翟路鸣','女','2018-04-02','123456'),('1407010126','14070101','杨欣怡','女','2018-04-02','123456'),('1407010127','14070101','解晓莉','女','2018-04-02','123456'),('1407010128','14070101','张赢友','女','2018-04-02','123456'),('1407010129','14070101','阿曼古丽·斯迪克','女','2018-04-02','123456'),('1407010130','14070101','宋碧雯','女','2018-04-02','123456'),('1407010201','14070102','赵晨阳','男','2018-04-02','123456'),('1407010202','14070102','蔡国荣','男','2018-04-02','123456'),('1407010203','14070102','刘家和','男','2018-04-02','123456'),('1407010206','14070102','刘金弘','男','2018-04-02','123456'),('1407010207','14070102','龙华金','男','2018-04-02','123456'),('1407010209','14070102','白嘉琦','男','2018-04-02','123456'),('1407010210','14070102','谢成玲','女','2018-04-02','123456'),('1407010212','14070102','王蕾','女','2018-04-02','123456'),('1407010213','14070102','杨依婷','女','2018-04-02','123456'),('1407010214','14070102','郭珊','女','2018-04-02','123456'),('1407010215','14070102','方小平','女','2018-04-02','123456'),('1407010216','14070102','邹梦林','女','2018-04-02','123456'),('1407010217','14070102','雷毅','女','2018-04-02','123456'),('1407010219','14070102','赵楠','女','2018-04-02','123456'),('1407010220','14070102','杨美红','女','2018-04-02','123456'),('1407010222','14070102','吴依依','女','2018-04-02','123456'),('1407010223','14070102','李庆芳','女','2018-04-02','123456'),('1407010224','14070102','陈香','女','2018-04-02','123456'),('1407010225','14070102','李秋玲','女','2018-04-02','123456'),('1407010226','14070102','张文珍','女','2018-04-02','123456'),('1407010227','14070102','王娜','女','2018-04-02','123456'),('1407010228','14070102','刘潇','女','2018-04-02','123456'),('1407010229','14070102','李志星','女','2018-04-02','123456'),('1407010230','14070102','古丽努尔·拜合提','女','2018-04-02','123456'),('1407010301','14070103','昝植韬','男','2018-04-02','123456'),('1407010302','14070103','庄书楷','男','2018-04-02','123456'),('1407010303','14070103','吴佳明','男','2018-04-02','123456'),('1407010304','14070103','张永志','男','2018-04-02','123456'),('1407010305','14070103','钟文虎','男','2018-04-02','123456'),('1407010306','14070103','张荣浩','男','2018-04-02','123456'),('1407010307','14070103','陈恒昭','男','2018-04-02','123456'),('1407010308','14070103','莫明贻','男','2018-04-02','123456'),('1407010309','14070103','江斌铖','男','2018-04-02','123456'),('1407010310','14070103','秦玲第','女','2018-04-02','123456'),('1407010311','14070103','吴梅皎','女','2018-04-02','123456'),('1407010312','14070103','杨思奇','女','2018-04-02','123456'),('1407010313','14070103','田昊','女','2018-04-02','123456'),('1407010314','14070103','夏娟娟','女','2018-04-02','123456'),('1407010315','14070103','余乐诗','女','2018-04-02','123456'),('1407010316','14070103','蒋菊芳','女','2018-04-02','123456'),('1407010317','14070103','谢露','女','2018-04-02','123456'),('1407010318','14070103','杨萍','女','2018-04-02','123456'),('1407010319','14070103','刘菁','女','2018-04-02','123456'),('1407010320','14070103','杨娅','女','2018-04-02','123456'),('1407010321','14070103','黄雪梅','女','2018-04-02','123456'),('1407010322','14070103','马丽频','女','2018-04-02','123456'),('1407010323','14070103','许璐','女','2018-04-02','123456'),('1407010324','14070103','谭利盈','女','2018-04-02','123456'),('1407010325','14070103','刘晓艺','女','2018-04-02','123456'),('1407010326','14070103','黄爱诗','女','2018-04-02','123456'),('1407010327','14070103','魏铭','女','2018-04-02','123456'),('1407010328','14070103','张祺祺','女','2018-04-02','123456'),('1407010329','14070103','夏扎代古丽·艾尔肯','女','2018-04-02','123456'),('1407010330','14070103','张嫣峰','女','2018-04-02','123456'),('1407020101','14070201','陈俊宏','男','2018-04-02','123456'),('1407020102','14070201','黄俊杰','男','2018-04-02','123456'),('1407020103','14070201','黄玉星','男','2018-04-02','123456'),('1407020105','14070201','旷名科','男','2018-04-02','123456'),('1407020106','14070201','杜何哲','男','2018-04-02','123456'),('1407020107','14070201','蔡挺','男','2018-04-02','123456'),('1407020108','14070201','张杰','男','2018-04-02','123456'),('1407020109','14070201','王文昕','男','2018-04-02','123456'),('1407020110','14070101','罗军','男','2018-04-02','123456'),('1407020111','14070201','占振武','男','2018-04-02','123456'),('1407020112','14070201','伍磊','男','2018-04-02','123456'),('1407020113','14070201','王滔','男','2018-04-02','123456'),('1407020115','14070201','唐升国','男','2018-04-02','123456'),('1407020116','14070201','伍美俊','男','2018-04-02','123456'),('1407020117','14070201','张泽坤','男','2018-04-02','123456'),('1407020118','14070201','吕昊飞','男','2018-04-02','123456'),('1407020119','14070201','严琨铭','男','2018-04-02','123456'),('1407020120','14070201','陈曦','男','2018-04-02','123456'),('1407020121','14070201','佟瑶','女','2018-04-02','123456'),('1407020122','14070201','周明欣','女','2018-04-02','123456'),('1407020123','14070201','赵玉','女','2018-04-02','123456'),('1407020124','14070201','上官壬清','女','2018-04-02','123456'),('1407020125','14070201','冯申望','女','2018-04-02','123456'),('1407020126','14070201','邹苇佩','女','2018-04-02','123456'),('1407020127','14070201','徐慧敏','女','2018-04-02','123456'),('1407020128','14070201','向宝','女','2018-04-02','123456'),('1407020129','14070201','赵红伟','女','2018-04-02','123456'),('1407020130','14070201','张佳莹','女','2018-04-02','123456'),('1407020201','14070202','庄博仁','男','2018-04-02','123456'),('1407020202','14070202','吴明方','男','2018-04-02','123456'),('1407020204','14070202','陈昉','男','2018-04-02','123456'),('1407020205','14070202','王超','男','2018-04-02','123456'),('1407020206','14070202','彭豁富','男','2018-04-02','123456'),('1407020207','14070202','林鸿洪','男','2018-04-02','123456'),('1407020208','14070202','王均吉','男','2018-04-02','123456'),('1407020209','14070202','徐强','男','2018-04-02','123456'),('1407020210','14070202','隆轩','男','2018-04-02','123456'),('1407020211','14070202','李志昊','男','2018-04-02','123456'),('1407020212','14070202','欧阳洋','男','2018-04-02','123456'),('1407020213','14070202','黄景韬','男','2018-04-02','123456'),('1407020214','14070202','刘同','男','2018-04-02','123456'),('1407020215','14070202','张一驰','男','2018-04-02','123456'),('1407020216','14070202','侯翔','男','2018-04-02','123456'),('1407020217','14070202','孙长明','男','2018-04-02','123456'),('1407020218','14070202','佟明徽','男','2018-04-02','123456'),('1407020219','14070202','张光普','男','2018-04-02','123456'),('1407020220','14070202','陈越','男','2018-04-02','123456'),('1407020221','14070202','张语桐','女','2018-04-02','123456'),('1407020222','14070202','韩鑫','女','2018-04-02','123456'),('1407020223','14070202','何莎','女','2018-04-02','123456'),('1407020224','14070202','彭晨','女','2018-04-02','123456'),('1407020225','14070202','周明燕','女','2018-04-02','123456'),('1407020226','14070202','何光红','女','2018-04-02','123456'),('1407020227','14070202','余琼','女','2018-04-02','123456'),('1407020228','14070202','谢东梅','女','2018-04-02','123456'),('1407020229','14070202','王雨红','女','2018-04-02','123456'),('1407020230','14070202','袁丹星','女','2018-04-02','123456'),('1407020301','14070203','路毅恒','男','2018-04-02','123456'),('1407020303','14070203','侯冬冬','男','2018-04-02','123456'),('1407020304','14070203','曾军辉','男','2018-04-02','123456'),('1407020306','14070203','骆作锐','男','2018-04-02','123456'),('1407020308','14070203','陈罡','男','2018-04-02','123456'),('1407020309','14070203','余晓龙','男','2018-04-02','123456'),('1407020310','14070203','汪学龙','男','2018-04-02','123456'),('1407020311','14070203','邓德鸣','男','2018-04-02','123456'),('1407020312','14070203','陈姣龙','男','2018-04-02','123456'),('1407020313','14070203','吴荣月','男','2018-04-02','123456'),('1407020315','14070203','何源','男','2018-04-02','123456'),('1407020316','14070203','陈佳','男','2018-04-02','123456'),('1407020317','14070203','李茄豪','男','2018-04-02','123456'),('1407020318','14070203','隋文鹏','男','2018-04-02','123456'),('1407020319','14070203','王志伟','男','2018-04-02','123456'),('1407020320','14070203','邹亚明','男','2018-04-02','123456'),('1407020321','14070203','焦石云','女','2018-04-02','123456'),('1407020322','14070203','王彩雅','女','2018-04-02','123456'),('1407020323','14070203','黄蓉','女','2018-04-02','123456'),('1407020324','14070203','洪彩霞','女','2018-04-02','123456'),('1407020326','14070203','沈建霞','女','2018-04-02','123456'),('1407020327','14070203','尹慧仪','女','2018-04-02','123456'),('1407020328','14070203','魏霞','女','2018-04-02','123456'),('1407020329','14070203','蔡素','女','2018-04-02','123456'),('1407020330','14070203','孙余','女','2018-04-02','123456'),('1407020401','14070204','蔡鸿铭','男','2018-04-02','123456'),('1407020403','14070204','李鑫','男','2018-04-02','123456'),('1407020405','14070204','苏练辰','男','2018-04-02','123456'),('1407020406','14070204','周鹏','男','2018-04-02','123456'),('1407020407','14070204','蒋松','男','2018-04-02','123456'),('1407020408','14070204','柳祚发','男','2018-04-02','123456'),('1407020409','14070204','宋祥','男','2018-04-02','123456'),('1407020410','14070204','钟强','男','2018-04-02','123456'),('1407020411','14070204','王兢喆','男','2018-04-02','123456'),('1407020412','14070204','陈益峰','男','2018-04-02','123456'),('1407020413','14070204','谢一骥','男','2018-04-02','123456'),('1407020414','14070204','李林泽','男','2018-04-02','123456'),('1407020415','14070204','黎德文','男','2018-04-02','123456'),('1407020416','14070204','薛宏成','男','2018-04-02','123456'),('1407020417','14070204','金桐','男','2018-04-02','123456'),('1407020418','14070204','胡永祺','男','2018-04-02','123456'),('1407020419','14070204','沈胜杰','男','2018-04-02','123456'),('1407020420','14070204','郭方方','女','2018-04-02','123456'),('1407020421','14070204','王夏川','女','2018-04-02','123456'),('1407020422','14070204','吴雅琴','女','2018-04-02','123456'),('1407020423','14070204','李婷','女','2018-04-02','123456'),('1407020424','14070204','程欣','女','2018-04-02','123456'),('1407020425','14070204','黄昕悦','女','2018-04-02','123456'),('1407020426','14070204','李芳','女','2018-04-02','123456'),('1407020427','14070204','赵灵博','女','2018-04-02','123456'),('1407020428','14070204','窦铭','女','2018-04-02','123456'),('1407020429','14070204','朱华华','女','2018-04-02','123456'),('1407030101','14070301','周志男','男','2018-04-02','123456'),('1407030102','14070301','王卓然','男','2018-04-02','123456'),('1407030103','14070301','唐勇','男','2018-04-02','123456'),('1407030104','14070301','李坤亮','男','2018-04-02','123456'),('1407030105','14070301','邹安康','男','2018-04-02','123456'),('1407030106','14070301','胡正龙','男','2018-04-02','123456'),('1407030107','14070301','杨希特','男','2018-04-02','123456'),('1407030108','14070301','朱伟业成','男','2018-04-02','123456'),('1407030109','14070301','朱世存','男','2018-04-02','123456'),('1407030110','14070301','陈永新','女','2018-04-02','123456'),('1407030111','14070301','王蝶','女','2018-04-02','123456'),('1407030113','14070301','孔祥宇','女','2018-04-02','123456'),('1407030114','14070301','周希红','女','2018-04-02','123456'),('1407030115','14070301','张玉琪','女','2018-04-02','123456'),('1407030116','14070301','谭可星','女','2018-04-02','123456'),('1407030117','14070301','陈礼帆','女','2018-04-02','123456'),('1407030118','14070301','吴思洁','女','2018-04-02','123456'),('1407030119','14070301','杨玲','女','2018-04-02','123456'),('1407030121','14070301','黄益辉','女','2018-04-02','123456'),('1407030122','14070301','曾艳艳','女','2018-04-02','123456'),('1407030123','14070301','肖可可','女','2018-04-02','123456'),('1407030124','14070301','欧阳津','女','2018-04-02','123456'),('1407030125','14070301','肖瑶','女','2018-04-02','123456'),('1407030126','14070301','谢云','女','2018-04-02','123456'),('1407030127','14070301','刘会萍','女','2018-04-02','123456'),('1407030128','14070301','傅咏凤','女','2018-04-02','123456'),('1407030129','14070301','龚淑惠','女','2018-04-02','123456'),('1407030130','14070301','谭燕丽','女','2018-04-02','123456'),('1407030202','14070302','罗艺赞','男','2018-04-02','123456'),('1407030203','14070302','周健','男','2018-04-02','123456'),('1407030204','14070302','黄昊明','男','2018-04-02','123456'),('1407030205','14070302','陈鑫焱','男','2018-04-02','123456'),('1407030206','14070302','孟思民','男','2018-04-02','123456'),('1407030207','14070302','蒋小勇','男','2018-04-02','123456'),('1407030208','14070302','陈鹏宇','男','2018-04-02','123456'),('1407030209','14070302','吴诤','男','2018-04-02','123456'),('1407030210','14070302','杨文文','女','2018-04-02','123456'),('1407030211','14070302','程亚文','女','2018-04-02','123456'),('1407030212','14070302','赵骁雅','女','2018-04-02','123456'),('1407030213','14070302','杜可欣','女','2018-04-02','123456'),('1407030215','14070302','吴其臻','女','2018-04-02','123456'),('1407030217','14070302','武慧群','女','2018-04-02','123456'),('1407030218','14070302','王茜','女','2018-04-02','123456'),('1407030219','14070302','龙鑫灿','女','2018-04-02','123456'),('1407030220','14070302','肖璇','女','2018-04-02','123456'),('1407030221','14070302','方琪','女','2018-04-02','123456'),('1407030222','14070302','李婕','女','2018-04-02','123456'),('1407030224','14070302','李崇','女','2018-04-02','123456'),('1407030225','14070302','李丽霞','女','2018-04-02','123456'),('1407030226','14070302','陈旭华','女','2018-04-02','123456'),('1407030227','14070302','钟滨滨','女','2018-04-02','123456'),('1407030228','14070302','闭艳梅','女','2018-04-02','123456'),('1407030229','14070302','齐晓丹','女','2018-04-02','123456'),('1407030230','14070302','朱丽红','女','2018-04-02','123456'),('1409010122','14070102','黄文怡','女','2018-04-02','123456'),('1409010128','14070102','刘玉娇','女','2018-04-02','123456');
/*!40000 ALTER TABLE `tbl_student` ENABLE KEYS */;
UNLOCK TABLES;

--
-- Table structure for table `tbl_teach`
--

DROP TABLE IF EXISTS `tbl_teach`;
/*!40101 SET @saved_cs_client     = @@character_set_client */;
/*!40101 SET character_set_client = utf8 */;
CREATE TABLE `tbl_teach` (
  `TeachID` int(11) NOT NULL AUTO_INCREMENT,
  `TeaID` varchar(10) DEFAULT NULL,
  `CouID` int(11) DEFAULT NULL,
  PRIMARY KEY (`TeachID`),
  KEY `FK_Reference_2` (`TeaID`),
  KEY `FK_Reference_3` (`CouID`),
  CONSTRAINT `FK_Reference_2` FOREIGN KEY (`TeaID`) REFERENCES `tbl_teacher` (`TeaID`),
  CONSTRAINT `FK_Reference_3` FOREIGN KEY (`CouID`) REFERENCES `tbl_course` (`CouID`)
) ENGINE=InnoDB AUTO_INCREMENT=21 DEFAULT CHARSET=utf8;
/*!40101 SET character_set_client = @saved_cs_client */;

--
-- Dumping data for table `tbl_teach`
--

LOCK TABLES `tbl_teach` WRITE;
/*!40000 ALTER TABLE `tbl_teach` DISABLE KEYS */;
INSERT INTO `tbl_teach` VALUES (1,'0007',1),(2,'0008',2),(3,'0009',3),(4,'0010',4),(5,'0011',5),(6,'0006',6),(7,'0009',7),(8,'0012',8),(9,'0001',9),(10,'0002',10),(11,'0001',11),(12,'0003',12),(13,'0004',13),(14,'0005',14),(15,'0013',15),(16,'0014',16),(17,'0015',17),(18,'0013',18),(19,'0016',19),(20,'0017',20);
/*!40000 ALTER TABLE `tbl_teach` ENABLE KEYS */;
UNLOCK TABLES;

--
-- Table structure for table `tbl_teacher`
--

DROP TABLE IF EXISTS `tbl_teacher`;
/*!40101 SET @saved_cs_client     = @@character_set_client */;
/*!40101 SET character_set_client = utf8 */;
CREATE TABLE `tbl_teacher` (
  `TeaID` varchar(10) NOT NULL,
  `TeaName` varchar(10) DEFAULT NULL,
  `TeaSex` enum('男','女') DEFAULT NULL,
  `Birthday` date DEFAULT NULL,
  `Title` varchar(10) DEFAULT NULL,
  `Password` varchar(20) DEFAULT NULL,
  PRIMARY KEY (`TeaID`)
) ENGINE=InnoDB DEFAULT CHARSET=utf8;
/*!40101 SET character_set_client = @saved_cs_client */;

--
-- Dumping data for table `tbl_teacher`
--

LOCK TABLES `tbl_teacher` WRITE;
/*!40000 ALTER TABLE `tbl_teacher` DISABLE KEYS */;
INSERT INTO `tbl_teacher` VALUES ('0001','胡杏','女','2018-04-02','博士','123456'),('0002','谭敏','女','2018-04-02','博士','123456'),('0003','刘新武','男','2018-04-02','博士','123456'),('0004','陈龙','男','2018-04-02','博士','123456'),('0005','刘缅芳','女','2018-04-02','博士','123456'),('0006','肖亦农','男','2018-04-02','博士','123456'),('0007','谭千保','男','2018-04-02','博士','123456'),('0008','刘赛玉','女','2018-04-02','博士','123456'),('0009','邓海燕','女','2018-04-02','博士','123456'),('0010','彭卓华','女','2018-04-02','博士','123456'),('0011','袁梓瀚','男','2018-04-02','博士','123456'),('0012','周荣秀','男','2018-04-02','博士','123456'),('0013','尹湘锋','男','2018-04-02','博士','123456'),('0014','匡能晖','男','2018-04-02','博士','123456'),('0015','李宾','男','2018-04-02','博士','123456'),('0016','肖碧海','男','2018-04-02','博士','123456'),('0017','余君武','男','2018-04-02','博士','123456');
/*!40000 ALTER TABLE `tbl_teacher` ENABLE KEYS */;
UNLOCK TABLES;
/*!40103 SET TIME_ZONE=@OLD_TIME_ZONE */;

/*!40101 SET SQL_MODE=@OLD_SQL_MODE */;
/*!40014 SET FOREIGN_KEY_CHECKS=@OLD_FOREIGN_KEY_CHECKS */;
/*!40014 SET UNIQUE_CHECKS=@OLD_UNIQUE_CHECKS */;
/*!40101 SET CHARACTER_SET_CLIENT=@OLD_CHARACTER_SET_CLIENT */;
/*!40101 SET CHARACTER_SET_RESULTS=@OLD_CHARACTER_SET_RESULTS */;
/*!40101 SET COLLATION_CONNECTION=@OLD_COLLATION_CONNECTION */;
/*!40111 SET SQL_NOTES=@OLD_SQL_NOTES */;

-- Dump completed on 2018-04-07 23:24:58
